lat,lon,temp_c,humidity,wind_speed,ndvi,slope,target
38.57814987651285,-120.01941353478867,18.315543746948265,28.435607485088305,4.074129448546078,0.4375,6.034519672393799,0
33.53860113260234,-115.89614638068007,38.75345064798995,25.37590373866381,4.187343567895154,0.07415000000000001,2.5319039821624756,0
32.541471167229666,-114.62952183007154,36.81595064798995,35.03918106450888,17.798175076773592,0.317,0.03369886428117752,0
33.02656142065421,-115.59970233692063,39.77119153340658,22.82631008824782,2.4090761612461318,0.4703,0.14035730063915253,0
34.805225683210864,-114.19833049369417,39.51362317403158,14.670136269620102,6.132526210456595,0.139,1.7933974266052246,0
41.865983816390305,-116.56988284376972,28.63162447611495,9.517885413535483,6.685740087508584,0.19255,1.5481092929840088,0
35.37116431220616,-116.51598392672254,34.037467575073265,11.145787020348605,11.742072875608944,0.10020000000000001,2.005422592163086,0
40.976651685111975,-118.91448573532166,28.422477340698265,8.976470924235633,7.25901526943016,0.09165000000000001,0.7298752665519714,0
37.958312330470385,-115.16851100054326,29.50434583028158,11.801218079394287,9.279167874287635,0.1466,3.288766860961914,0
36.422193194626004,-114.49477453745362,38.29324556986495,12.743823869274609,10.016280689772266,0.14265,2.0392873287200928,0
35.82930510710712,-114.3330777863121,35.748405075073265,12.350262388353032,6.814864398674799,0.1759,3.9987754821777344,0
38.20085745718265,-119.10313194498676,21.68533541361495,25.213774016231266,4.505535061609136,0.25520000000000004,3.720139503479004,0
40.94970222658839,-117.62091172618955,27.88333346048995,7.678803967740507,6.222515604572474,0.2164,6.7907304763793945,0
40.7341065583997,-114.27917886926494,28.37576510111495,10.906774285076658,1.4732056372672027,0.27926666666666666,0.8840309381484985,0
41.4886913970601,-120.26195866150094,22.65009778340658,20.542251761208085,5.495072383440496,0.4086,1.2870073318481445,0
40.06037009531006,-116.83937742900557,28.660270309448265,8.800014696918835,5.386091089839372,0.2748,5.301489353179932,0
34.185388137168395,-119.10313194498676,23.76069348653158,62.48892297797761,2.55973754180089,0.44260000000000005,0.0937449261546135,0
37.095929657715644,-120.85484674901983,26.21878267923995,34.86529076260513,7.735097978962095,0.3513,0.07470320165157318,0
39.17103796403174,-122.63351101157649,25.90701510111495,26.26723222775323,2.822656164640098,0.5132,3.4987528324127197,0
38.79374554470154,-116.0039442147744,27.74580090840658,9.805461594352767,7.263237816250253,0.116425,1.4127941131591797,0
39.27883579812608,-120.96264458311417,24.40945650736495,25.550823680453803,1.356387793051164,0.7367,2.837270736694336,0
40.114269012357234,-114.8990164153074,27.00613619486495,8.852420511608289,5.365196453487622,0.3191,11.536865234375,0
38.38950366684775,-116.38123663410461,28.07734387715658,10.459260580981992,6.858322459298787,0.1579,6.808165073394775,0
35.74845673153636,-117.62091172618955,31.73953463236495,12.442241401514515,9.484590271279421,0.06925,0.045992184430360794,0
41.27309572887142,-123.09165180647744,21.807242965698265,29.8045430634833,3.035094560103289,0.7632800000000001,9.592281341552734,0
32.75706683541835,-115.76139908806215,39.37820650736495,19.698591170120768,1.5280477055123263,0.3044,0.27739521861076355,0
40.222066846451575,-123.36114639171329,21.99392916361495,30.54510729690921,3.379433322236818,0.5625,3.798673629760742,0
36.6108394042911,-119.69602003250564,31.15774752298995,22.135672114406187,11.485328566680542,0.38230000000000003,0.07781766355037689,0
34.34708488830991,-114.84511749826024,37.536002731323265,15.781804795693438,9.431608430454455,0.124,3.3811259269714355,0
36.260496443484485,-118.75278898418014,25.22928072611495,18.563786942860624,1.10936341118121,0.528975,9.230002403259277,0
41.19224735330066,-123.41504530876047,19.91523450215658,34.29090335558781,2.737350570889519,0.543,4.391695976257324,1
33.969792468979705,-116.83937742900557,31.68305676778158,15.177973103706794,5.573608769320214,0.3386,4.489094257354736,1
41.19224735330066,-123.44199476728406,19.91523450215658,34.29090335558781,2.737350570889519,0.543,9.708210945129395,1
39.00934121289022,-121.36688646096796,27.05952161153158,31.415402887645783,6.164559708468458,0.4725333333333333,0.2812650501728058,1
41.165297894777076,-123.36114639171329,19.91523450215658,34.29090335558781,2.737350570889519,0.4328,4.6268463134765625,1
33.996741927503294,-116.94717526309991,31.881705856323265,15.40522853217701,4.4479810366157135,0.3385,4.690955638885498,1
41.165297894777076,-123.38809585023688,19.91523450215658,34.29090335558781,2.737350570889519,0.4328,4.244089126586914,1
33.969792468979705,-116.89327634605274,31.881705856323265,15.40522853217701,4.4479810366157135,0.3385,2.70365047454834,1
41.13834843625349,-123.33419693318972,19.902946090698265,32.15288312390248,2.9194465460064456,0.4328,1.6015206575393677,1
33.94284301045612,-116.86632688752915,33.54316418965658,16.71250590742293,4.235032493208829,0.2886,3.7556703090667725,1
34.023691386026876,-116.89327634605274,31.881705856323265,15.40522853217701,4.4479810366157135,0.33140000000000003,5.794395446777344,1
33.996741927503294,-116.86632688752915,31.881705856323265,15.40522853217701,4.4479810366157135,0.3386,8.423827171325684,1
32.622319542800426,-114.79121858121306,37.527213668823265,32.38431604081927,14.907490722988777,0.3209,0.05361029878258705,1
39.57527984188552,-121.71722942177458,28.798453903198265,26.49510790558734,4.826223124294285,0.48845000000000005,0.14382371306419373,1
33.996741927503294,-116.83937742900557,31.68305676778158,15.177973103706794,5.573608769320214,0.3386,11.023744583129883,1
33.969792468979705,-116.86632688752915,31.881705856323265,15.40522853217701,4.4479810366157135,0.35150000000000003,3.253281354904175,1
33.996741927503294,-116.89327634605274,31.881705856323265,15.40522853217701,4.4479810366157135,0.35150000000000003,4.59144401550293,1
33.969792468979705,-116.81242797048198,31.68305676778158,15.177973103706794,5.573608769320214,0.3386,6.267918109893799,1
33.969792468979705,-116.92022580457632,31.881705856323265,15.40522853217701,4.4479810366157135,0.3385,3.128797769546509,1
33.996741927503294,-116.92022580457632,31.881705856323265,15.40522853217701,4.4479810366157135,0.3385,4.135007381439209,1
39.00934121289022,-121.39383591949154,27.05952161153158,31.415402887645783,6.164559708468458,0.4725333333333333,0.17758871614933014,1
38.57814987651285,-120.01941353478867,18.087232844034872,21.849420365398746,4.662868194515521,0.4375,6.034519672393799,0
33.53860113260234,-115.89614638068007,37.81045875549319,20.448283544183134,4.005319176395693,0.07415000000000001,2.5319039821624756,0
32.541471167229666,-114.62952183007154,36.03816057840987,34.89553353469257,14.952852382007364,0.317,0.03369886428117752,0
33.02656142065421,-115.59970233692063,38.77644182840987,20.932038134278983,4.452735131062478,0.4703,0.14035730063915253,0
34.805225683210864,-114.19833049369417,37.0429620107015,19.81713633940459,10.938837613389113,0.139,1.7933974266052246,0
41.865983816390305,-116.56988284376972,28.064771906534872,14.592288955494878,5.723933683740417,0.19255,1.5481092929840088,0
35.37116431220616,-116.51598392672254,32.6931084950765,9.412971752909675,11.709019110523082,0.10020000000000001,2.005422592163086,0
40.976651685111975,-118.91448573532166,28.882154719034872,8.354558560868137,7.894576416122764,0.09165000000000001,0.7298752665519714,0
37.958312330470385,-115.16851100054326,29.3618096669515,5.8922835293167966,11.501607086255301,0.1466,3.288766860961914,0
36.422193194626004,-114.49477453745362,36.83560523986819,10.028027827644252,11.779548246898825,0.14265,2.0392873287200928,0
35.82930510710712,-114.3330777863121,33.59830055236819,15.475311766334181,13.744118903081024,0.1759,3.9987754821777344,0
38.20085745718265,-119.10313194498676,21.963453547159872,20.815302655294335,5.960343170415721,0.25520000000000004,3.720139503479004,0
40.94970222658839,-117.62091172618955,27.7692803700765,8.000248559856333,6.935470177923217,0.2164,6.7907304763793945,0
40.7341065583997,-114.27917886926494,29.235507583618187,12.608344651431382,0.8298677567389682,0.27926666666666666,0.8840309381484985,0
41.4886913970601,-120.26195866150094,22.548007583618187,25.30854648790392,5.851597399529491,0.4086,1.2870073318481445,0
40.06037009531006,-116.83937742900557,28.5153741200765,8.660997090872511,6.639585513191082,0.2748,5.301489353179932,0
34.185388137168395,-119.10313194498676,23.3300713857015,70.06430695981855,4.042630420149661,0.44260000000000005,0.0937449261546135,0
37.095929657715644,-120.85484674901983,26.780917739868187,35.75799600132826,7.57391459704512,0.3513,0.07470320165157318,0
39.17103796403174,-122.63351101157649,26.927564875284872,26.485739045211883,2.513346288968063,0.5132,3.4987528324127197,0
38.79374554470154,-116.0039442147744,27.8417901357015,9.018102935630607,4.722111081661575,0.116425,1.4127941131591797,0
39.27883579812608,-120.96264458311417,24.861240005493187,23.576887402909357,1.4065966561535,0.7367,2.837270736694336,0
40.114269012357234,-114.8990164153074,27.389072036743187,9.871102446614053,4.720054699339427,0.3191,11.536865234375,0
38.38950366684775,-116.38123663410461,28.2460870107015,9.047198299081622,5.89507549334442,0.1579,6.808165073394775,0
35.74845673153636,-117.62091172618955,30.852369562784872,12.453804493164006,8.740663763589225,0.06925,0.045992184430360794,0
41.27309572887142,-123.09165180647744,21.562330500284872,34.67771163903596,3.661169665830039,0.7632800000000001,9.592281341552734,0
32.75706683541835,-115.76139908806215,38.12116839090987,15.313459981804522,4.303195145286158,0.3044,0.27739521861076355,0
40.222066846451575,-123.36114639171329,22.545240656534872,33.15461052368671,4.880362080775796,0.5625,3.798673629760742,0
36.6108394042911,-119.69602003250564,31.0568780263265,20.18126270351971,9.669246641638006,0.38230000000000003,0.07781766355037689,0
34.34708488830991,-114.84511749826024,36.0981377919515,18.485271706565168,11.457619649379826,0.124,3.3811259269714355,0
36.260496443484485,-118.75278898418014,24.8635186513265,21.58781035303236,1.5687194971494598,0.528975,9.230002403259277,0
41.19224735330066,-123.41504530876047,19.8027276357015,40.67234254363154,3.180599550481011,0.543,4.391695976257324,1
33.969792468979705,-116.83937742900557,28.822177505493187,17.75118563342506,6.388372110006413,0.3386,4.489094257354736,1
34.023691386026876,-116.7854785119584,28.822177505493187,17.75118563342506,6.388372110006413,0.5461,8.396278381347656,1
33.996741927503294,-116.75852905343481,28.822177505493187,17.75118563342506,6.388372110006413,0.42660000000000003,8.210762977600098,1
34.023691386026876,-116.75852905343481,28.822177505493187,17.75118563342506,6.388372110006413,0.5461,4.2578864097595215,1
37.41932315999867,-114.60257237154796,31.1462334950765,6.7592519614133995,10.353784457365382,0.23620000000000002,3.082190752029419,1
41.19224735330066,-123.44199476728406,19.8027276357015,40.67234254363154,3.180599550481011,0.543,9.708210945129395,1
34.023691386026876,-116.73157959491122,30.5624932607015,16.986391159723,7.24114491452893,0.4433,8.482337951660156,1
34.023691386026876,-116.70463013638764,30.5624932607015,16.986391159723,7.24114491452893,0.28900000000000003,6.989915370941162,1
33.94284301045612,-116.81242797048198,29.272291437784872,20.21687505967595,6.224649690124927,0.28450000000000003,4.677308559417725,1
41.165297894777076,-123.36114639171329,19.8027276357015,40.67234254363154,3.180599550481011,0.4328,4.6268463134765625,1
33.996741927503294,-116.7854785119584,28.822177505493187,17.75118563342506,6.388372110006413,0.42660000000000003,6.66459846496582,1
34.050640844550465,-116.81242797048198,23.643222427368187,16.02120134793722,6.826409693397748,0.291725,6.228059768676758,1
37.04203074066847,-120.39670595411887,29.137037531534872,27.609705927148354,9.15409568645234,0.4767,0.07819259166717529,1
34.050640844550465,-116.70463013638764,26.838453547159872,13.664504957643143,7.561175038538594,0.31270000000000003,6.179143905639648,1
34.050640844550465,-116.7854785119584,23.643222427368187,16.02120134793722,6.826409693397748,0.39105,8.409186363220215,1
35.39811377072974,-120.42365541264246,28.087558364868187,29.2379653544658,3.0305116344401113,0.43615000000000004,2.234487295150757,1
35.34421485368257,-120.36975649559528,27.487623469034872,29.927701273095742,3.5990257954005935,0.4017,3.055558681488037,1
34.050640844550465,-116.83937742900557,23.643222427368187,16.02120134793722,6.826409693397748,0.2745,9.268028259277344,1
34.07759030307405,-116.81242797048198,23.643222427368187,16.02120134793722,6.826409693397748,0.24136666666666667,13.0068941116333,1
41.165297894777076,-123.38809585023688,19.8027276357015,40.67234254363154,3.180599550481011,0.4328,4.244089126586914,1
41.13834843625349,-123.33419693318972,19.6999444325765,38.53943323355023,3.5218671368734693,0.4328,1.6015206575393677,1
35.37116431220616,-120.36975649559528,28.087558364868187,29.2379653544658,3.0305116344401113,0.43615000000000004,4.772614479064941,1
34.023691386026876,-116.83937742900557,28.822177505493187,17.75118563342506,6.388372110006413,0.3719,10.58067512512207,1
33.969792468979705,-116.7854785119584,28.822177505493187,17.75118563342506,6.388372110006413,0.3398,4.905656337738037,1
33.969792468979705,-116.75852905343481,28.822177505493187,17.75118563342506,6.388372110006413,0.42660000000000003,9.985939979553223,1
34.023691386026876,-116.89327634605274,28.9919366200765,18.5326770965041,5.171546874999484,0.33140000000000003,5.794395446777344,1
34.023691386026876,-116.67768067786406,30.5624932607015,16.986391159723,7.24114491452893,0.28900000000000003,5.139028072357178,1
33.996741927503294,-116.86632688752915,28.9919366200765,18.5326770965041,5.171546874999484,0.3386,8.423827171325684,1
40.356814139069506,-121.44773483653871,21.583407974243187,27.611156116009184,4.307453811428844,0.44680000000000003,1.5388168096542358,1
38.57814987651285,-120.01941353478867,17.068547821044945,24.230069640413106,4.487038916979298,0.4375,6.034519672393799,0
33.53860113260234,-115.89614638068007,36.06545537312826,21.707358190122353,6.2313052951708165,0.07415000000000001,2.5319039821624756,0
32.541471167229666,-114.62952183007154,36.36550420125326,31.17110622033777,9.289577323886933,0.317,0.03369886428117752,0
33.02656142065421,-115.59970233692063,37.199407196044945,15.675312761202735,7.456143805991438,0.4703,0.14035730063915253,0
34.805225683210864,-114.19833049369417,36.04063440958663,14.268024733128282,8.91292208499672,0.139,1.7933974266052246,0
41.865983816390305,-116.56988284376972,26.414250946044945,16.599282229926764,13.261432595780478,0.19255,1.5481092929840088,0
35.37116431220616,-116.51598392672254,31.74082972208663,11.125076840552314,7.181399814672053,0.10020000000000001,2.005422592163086,0
40.976651685111975,-118.91448573532166,26.879338836669945,16.67077472684695,7.292046775007209,0.09165000000000001,0.7298752665519714,0
37.958312330470385,-115.16851100054326,28.18215459187826,7.44369005641797,8.11914159777212,0.1466,3.288766860961914,0
36.422193194626004,-114.49477453745362,35.99026006062826,8.73888126185047,7.5729776481517375,0.14265,2.0392873287200928,0
35.82930510710712,-114.3330777863121,32.732854461669945,9.91194826855281,11.781656902102256,0.1759,3.9987754821777344,0
38.20085745718265,-119.10313194498676,19.26906865437826,17.381491906595055,6.225137382835446,0.25520000000000004,3.720139503479004,0
40.94970222658839,-117.62091172618955,25.788030242919945,13.417570067866686,8.288454948042727,0.2164,6.7907304763793945,0
40.7341065583997,-114.27917886926494,28.22902959187826,12.942395602841481,4.583058723349925,0.27926666666666666,0.8840309381484985,0
41.4886913970601,-120.26195866150094,21.42417933146163,30.217796280556602,5.242239607619597,0.4086,1.2870073318481445,0
40.06037009531006,-116.83937742900557,26.327092742919945,11.118849757462312,10.649797212452716,0.2748,5.301489353179932,0
34.185388137168395,-119.10313194498676,22.07741826375326,73.03673845137078,5.116009830267924,0.44260000000000005,0.0937449261546135,0
37.095929657715644,-120.85484674901983,27.470403289794945,36.833147637626276,8.153431851654348,0.3513,0.07470320165157318,0
39.17103796403174,-122.63351101157649,26.65041631062826,26.091469202642998,4.145231637050195,0.5132,3.4987528324127197,0
38.79374554470154,-116.0039442147744,26.56301396687826,7.963431006749355,2.7846858266305996,0.116425,1.4127941131591797,0
39.27883579812608,-120.96264458311417,25.473332977294945,25.239038649997013,1.263585704132806,0.7367,2.837270736694336,0
40.114269012357234,-114.8990164153074,26.023870086669945,9.438150912448712,8.888355033780309,0.3191,11.536865234375,0
38.38950366684775,-116.38123663410461,26.778752899169945,7.903335728118484,5.924278673295734,0.1579,6.808165073394775,0
35.74845673153636,-117.62091172618955,31.162541961669945,9.56010890384646,6.577605144275784,0.06925,0.045992184430360794,0
41.27309572887142,-123.09165180647744,20.54690068562826,40.5244218630383,3.36178093414666,0.7632800000000001,9.592281341552734,0
32.75706683541835,-115.76139908806215,36.18850224812826,13.299814918323538,8.508382482462336,0.3044,0.27739521861076355,0
40.222066846451575,-123.36114639171329,21.70022099812826,38.2676334589964,5.045621516584579,0.5625,3.798673629760742,0
36.6108394042911,-119.69602003250564,31.43760706583663,21.451496014692463,10.10656110288735,0.38230000000000003,0.07781766355037689,0
34.34708488830991,-114.84511749826024,35.06423467000326,10.04370672222865,6.054070045048212,0.124,3.3811259269714355,0
36.260496443484485,-118.75278898418014,24.768010711669945,14.591643981645014,1.6360035068971732,0.528975,9.230002403259277,0
39.87172388564496,-119.93856515921792,22.96714808146163,20.744528422986217,6.389461741904351,0.22640000000000002,1.373155951499939,1
34.023691386026876,-116.7854785119584,26.784612274169945,26.30242026006126,5.780391012764851,0.5461,8.396278381347656,1
40.976651685111975,-114.27917886926494,29.11119105021163,14.322672193465221,5.685828248254288,0.27885,8.686882019042969,1
40.32986468054592,-121.39383591949154,21.93215459187826,35.83935515397798,3.59056196317535,0.5302,2.0339012145996094,1
40.32986468054592,-121.44773483653871,21.93215459187826,35.83935515397798,3.59056196317535,0.5174,3.37296724319458,1
34.023691386026876,-116.75852905343481,26.784612274169945,26.30242026006126,5.780391012764851,0.5461,4.2578864097595215,1
40.976651685111975,-114.30612832778851,29.11119105021163,14.322672193465221,5.685828248254288,0.27885,5.570771217346191,1
39.84477442712138,-119.83076732512357,23.745061492919945,19.818843227521956,6.835229258798196,0.2056,0.46329978108406067,1
40.32986468054592,-121.52858321210947,22.177434539794945,32.61227175524759,3.2461740879569057,0.60695,1.025639533996582,1
34.050640844550465,-116.81242797048198,22.34800745646163,22.86822006355439,5.708781521575732,0.291725,6.228059768676758,1
39.81782496859779,-119.93856515921792,23.05015589396163,21.085981148392207,6.701853987886172,0.22940000000000002,3.4266245365142822,1
34.050640844550465,-116.7854785119584,22.34800745646163,22.86822006355439,5.708781521575732,0.39105,8.409186363220215,1
39.84477442712138,-119.9655146177415,22.56667607625326,22.38433067348736,6.55426841360736,0.21330000000000002,8.99774169921875,1
39.81782496859779,-119.91161570069433,23.05015589396163,21.085981148392207,6.701853987886172,0.22940000000000002,1.156524896621704,1
40.302915222022335,-121.50163375358589,22.177434539794945,32.61227175524759,3.2461740879569057,0.60695,3.5377848148345947,1
34.050640844550465,-116.83937742900557,22.34800745646163,22.86822006355439,5.708781521575732,0.2745,9.268028259277344,1
40.302915222022335,-121.4746842950623,22.177434539794945,32.61227175524759,3.2461740879569057,0.60695,4.738597869873047,1
34.07759030307405,-116.81242797048198,22.34800745646163,22.86822006355439,5.708781521575732,0.24136666666666667,13.0068941116333,1
39.84477442712138,-119.88466624217075,23.05015589396163,21.085981148392207,6.701853987886172,0.2107,1.002217173576355,1
39.81782496859779,-119.83076732512357,23.745061492919945,19.818843227521956,6.835229258798196,0.2227,2.0274858474731445,1
39.89867334416855,-119.9924640762651,23.244573211669945,22.136577748942198,6.221539240373285,0.22640000000000002,0.6555601358413696,1
40.302915222022335,-121.33993700244437,22.232610321044945,36.62684789403334,3.835060687576469,0.5302,1.1188536882400513,1
39.81782496859779,-119.9924640762651,22.56667607625326,22.38433067348736,6.55426841360736,0.23220000000000002,10.630427360534668,1
39.89867334416855,-119.9655146177415,23.244573211669945,22.136577748942198,6.221539240373285,0.22640000000000002,2.7827701568603516,1
39.81782496859779,-119.85771678364716,23.05015589396163,21.085981148392207,6.701853987886172,0.2227,4.728734016418457,1
40.32986468054592,-121.42078537801513,21.93215459187826,35.83935515397798,3.59056196317535,0.5302,1.7801703214645386,1
40.356814139069506,-121.44773483653871,20.45176722208663,34.6332626122368,3.9106316213892436,0.44680000000000003,1.5388168096542358,1
40.302915222022335,-121.39383591949154,21.93215459187826,35.83935515397798,3.59056196317535,0.5174,0.6509983539581299,1
40.32986468054592,-121.55553267063306,23.22325159708663,30.411692780486412,2.9086762208503787,0.60695,4.060362815856934,1
39.84477442712138,-119.85771678364716,23.05015589396163,21.085981148392207,6.701853987886172,0.2056,2.5612926483154297,1
38.57814987651285,-120.01941353478867,17.3631308237712,31.449300937601326,4.0337860349980605,0.4375,6.034519672393799,0
33.53860113260234,-115.89614638068007,36.44654553731283,23.78964317137093,6.290260745627222,0.07415000000000001,2.5319039821624756,0
32.541471167229666,-114.62952183007154,36.5137655893962,29.269644929536625,12.394782344853443,0.317,0.03369886428117752,0
33.02656142065421,-115.59970233692063,37.7361776987712,12.535691688121023,7.91272390280813,0.4703,0.14035730063915253,0
34.805225683210864,-114.19833049369417,35.44556897481283,13.415581461988356,10.310052400163304,0.139,1.7933974266052246,0
41.865983816390305,-116.56988284376972,24.62891858418783,19.932890070610625,8.049669424142904,0.19255,1.5481092929840088,0
35.37116431220616,-116.51598392672254,31.434989547729515,12.632162049196513,9.901474893529793,0.10020000000000001,2.005422592163086,0
40.976651685111975,-118.91448573532166,27.986259078979515,16.53507583567963,0.8976810232607768,0.09165000000000001,0.7298752665519714,0
37.958312330470385,-115.16851100054326,28.04200452168783,7.958637814439163,8.419186951769847,0.1466,3.288766860961914,0
36.422193194626004,-114.49477453745362,35.55714124043783,11.112057512619112,9.830561722610755,0.14265,2.0392873287200928,0
35.82930510710712,-114.3330777863121,32.3697226206462,9.90699937214841,13.906278737991027,0.1759,3.9987754821777344,0
38.20085745718265,-119.10313194498676,20.481376266479515,24.032838396725836,3.999432353310076,0.25520000000000004,3.720139503479004,0
40.94970222658839,-117.62091172618955,25.2996542612712,16.214578027766045,1.8374436172682849,0.2164,6.7907304763793945,0
40.7341065583997,-114.27917886926494,25.741630172729515,14.581114415017096,5.461184711588133,0.27926666666666666,0.8840309381484985,0
41.4886913970601,-120.26195866150094,22.01710217793783,30.682613048169145,2.3866357830688987,0.4086,1.2870073318481445,0
40.06037009531006,-116.83937742900557,25.88282483418783,13.814852117311377,3.6189125792536876,0.2748,5.301489353179932,0
34.185388137168395,-119.10313194498676,22.028007125854515,77.35616821840172,3.917012917424797,0.44260000000000005,0.0937449261546135,0
37.095929657715644,-120.85484674901983,25.4703085581462,42.243176011551334,10.803332321126176,0.3513,0.07470320165157318,0
39.17103796403174,-122.63351101157649,26.060477828979515,34.924132837535055,2.3133785620041523,0.5132,3.4987528324127197,0
38.79374554470154,-116.0039442147744,26.10499280293783,9.695150581729996,2.238419200224123,0.116425,1.4127941131591797,0
39.27883579812608,-120.96264458311417,24.81324475606283,32.42703390682129,2.2281455446077603,0.7367,2.837270736694336,0
40.114269012357234,-114.8990164153074,23.769950485229515,14.664574558488965,4.2005062946261935,0.3191,11.536865234375,0
38.38950366684775,-116.38123663410461,25.880546188354515,9.261202717746027,2.164220340298298,0.1579,6.808165073394775,0
35.74845673153636,-117.62091172618955,30.33302014668783,12.238375773635628,6.769295310305069,0.06925,0.045992184430360794,0
41.27309572887142,-123.09165180647744,21.09718030293783,50.47151486341068,2.7078109675937707,0.7632800000000001,9.592281341552734,0
32.75706683541835,-115.76139908806215,36.88941663106283,12.57192430300638,10.475857547332303,0.3044,0.27739521861076355,0
40.222066846451575,-123.36114639171329,21.32227795918783,53.09675538622229,4.384153947858546,0.5625,3.798673629760742,0
36.6108394042911,-119.69602003250564,30.43360608418783,25.788641084952413,10.089485854768022,0.38230000000000003,0.07781766355037689,0
34.34708488830991,-114.84511749826024,34.84327405293783,10.0231371294611,7.229026285940533,0.124,3.3811259269714355,0
36.260496443484485,-118.75278898418014,24.009452438354515,21.31735791542081,1.274145830787426,0.528975,9.230002403259277,0
37.98526178899397,-114.54867345450079,26.132011032104515,9.269110331737313,10.923242790942632,0.2866,5.867770671844482,1
41.165297894777076,-123.41504530876047,19.303153610229515,60.15585371179269,3.3625381415002464,0.3632,4.075198173522949,1
40.32986468054592,-121.44773483653871,22.5135214487712,31.320937519515912,3.160120551170299,0.5174,3.37296724319458,1
33.996741927503294,-116.75852905343481,26.60474866231283,28.670117857908682,6.559252843817605,0.42660000000000003,8.210762977600098,1
33.996741927503294,-116.7854785119584,26.60474866231283,28.670117857908682,6.559252843817605,0.42660000000000003,6.66459846496582,1
35.452012687776914,-118.53719331599146,24.1675741831462,20.050994389379063,6.860449679111296,0.3305666666666667,2.378532648086548,1
34.050640844550465,-116.70463013638764,24.8819296518962,23.795142056222552,7.572361610482066,0.31270000000000003,6.179143905639648,1
37.958312330470385,-114.54867345450079,26.132011032104515,9.269110331737313,10.923242790942632,0.2969,5.155981063842773,1
34.050640844550465,-116.7854785119584,21.49927991231283,26.38530931169072,6.919447025555377,0.39105,8.409186363220215,1
38.739846627654366,-121.63638104620381,26.601493453979515,41.220304109208676,9.68732523956476,0.48200000000000004,0.04712918773293495,1
34.050640844550465,-116.83937742900557,21.49927991231283,26.38530931169072,6.919447025555377,0.2745,9.268028259277344,1
41.13834843625349,-123.36114639171329,18.417167282104515,60.437746851239574,3.470847732519376,0.3632,5.039423942565918,1
35.42506322925333,-118.4832943989443,24.49708264668783,23.378879537784925,7.680852764673585,0.32020000000000004,5.657466411590576,1
35.452012687776914,-118.51024385746788,24.1675741831462,20.050994389379063,6.860449679111296,0.3305666666666667,5.741330623626709,1
33.996741927503294,-116.73157959491122,28.6543905893962,26.982330076522448,7.339237474246293,0.42615000000000003,4.180834770202637,1
33.969792468979705,-116.75852905343481,26.60474866231283,28.670117857908682,6.559252843817605,0.42660000000000003,9.985939979553223,1
40.356814139069506,-121.44773483653871,21.0923788706462,30.154788680080348,3.6008037094626864,0.44680000000000003,1.5388168096542358,1
40.302915222022335,-121.39383591949154,22.5135214487712,31.320937519515912,3.160120551170299,0.5174,0.6509983539581299,1
33.969792468979705,-116.70463013638764,28.6543905893962,26.982330076522448,7.339237474246293,0.42615000000000003,8.983781814575195,1
35.452012687776914,-118.42939548189712,23.29859631856283,20.51397829800177,8.025980081198796,0.3441,11.831424713134766,1
41.13834843625349,-123.38809585023688,18.417167282104515,60.437746851239574,3.470847732519376,0.3632,6.0291571617126465,1
34.050640844550465,-116.73157959491122,24.8819296518962,23.795142056222552,7.572361610482066,0.3466,6.204614639282227,1
41.165297894777076,-123.44199476728406,19.303153610229515,60.15585371179269,3.3625381415002464,0.3632,11.289580345153809,1
40.302915222022335,-121.44773483653871,22.5135214487712,31.320937519515912,3.160120551170299,0.56445,2.042343854904175,1
35.42506322925333,-118.4563449404207,24.49708264668783,23.378879537784925,7.680852764673585,0.34975,5.886120796203613,1
40.302915222022335,-121.42078537801513,22.5135214487712,31.320937519515912,3.160120551170299,0.5174,2.960589647293091,1
39.57527984188552,-121.71722942177458,29.547782516479515,32.07353108790888,5.798051551751799,0.48845000000000005,0.14382371306419373,1
40.32986468054592,-121.4746842950623,22.3650839487712,29.96849838451282,2.647955101896882,0.56445,3.392547130584717,1
40.356814139069506,-121.50163375358589,21.31153577168783,28.315586923680385,3.170752101555863,0.46790000000000004,0.4611384868621826,1
34.050640844550465,-116.75852905343481,21.49927991231283,26.38530931169072,6.919447025555377,0.39105,7.563653469085693,1
38.57814987651285,-120.01941353478867,16.43216222127279,35.49944360820984,5.316079918298087,0.4375,6.034519672393799,0
33.53860113260234,-115.89614638068007,33.451367950439476,24.484601684140035,8.170148846247326,0.07415000000000001,2.5319039821624756,0
32.541471167229666,-114.62952183007154,34.644239044189476,25.012392209427215,6.858606609372659,0.317,0.03369886428117752,0
33.02656142065421,-115.59970233692063,35.15042394002279,14.647464698198354,12.151349090874104,0.4703,0.14035730063915253,0
34.805225683210864,-114.19833049369417,34.41629308064779,11.460204767594014,12.842349233337657,0.139,1.7933974266052246,0
41.865983816390305,-116.56988284376972,26.23107172648116,15.586926267423667,10.166644138623411,0.19255,1.5481092929840088,0
35.37116431220616,-116.51598392672254,29.730420684814476,21.0371538879699,12.229327021024332,0.10020000000000001,2.005422592163086,0
40.976651685111975,-118.91448573532166,27.603955841064476,16.142609339053912,6.060500821000239,0.09165000000000001,0.7298752665519714,0
37.958312330470385,-115.16851100054326,26.406446075439476,11.268954582417075,12.46325115167935,0.1466,3.288766860961914,0
36.422193194626004,-114.49477453745362,34.636914825439476,12.67126188191288,9.927329099745876,0.14265,2.0392873287200928,0
35.82930510710712,-114.3330777863121,31.43240636189779,10.416130285039198,14.795195063593352,0.1759,3.9987754821777344,0
38.20085745718265,-119.10313194498676,19.220166778564476,26.55240444776881,6.11642210049595,0.25520000000000004,3.720139503479004,0
40.94970222658839,-117.62091172618955,26.34378331502279,13.193473385077088,3.3305193840321055,0.2164,6.7907304763793945,0
40.7341065583997,-114.27917886926494,26.38186925252279,17.184335104066662,5.229881101122323,0.27926666666666666,0.8840309381484985,0
41.4886913970601,-120.26195866150094,21.44583409627279,34.762930382792234,5.9037000597068,0.4086,1.2870073318481445,0
40.06037009531006,-116.83937742900557,27.07115961710616,11.529095951785633,5.955735849832726,0.2748,5.301489353179932,0
34.185388137168395,-119.10313194498676,19.49197667439779,79.54716293953722,5.426440124033056,0.44260000000000005,0.0937449261546135,0
37.095929657715644,-120.85484674901983,22.053907012939476,52.90427605880742,13.628618056049445,0.3513,0.07470320165157318,0
39.17103796403174,-122.63351101157649,24.077588653564476,43.03216399845489,0.45391028386250243,0.5132,3.4987528324127197,0
38.79374554470154,-116.0039442147744,25.231641387939476,10.52830719327833,13.756211070524884,0.116425,1.4127941131591797,0
39.27883579812608,-120.96264458311417,22.676709747314476,38.21156728110348,3.9502917935397486,0.7367,2.837270736694336,0
40.114269012357234,-114.8990164153074,24.700391387939476,13.480369735883283,4.502284738016623,0.3191,11.536865234375,0
38.38950366684775,-116.38123663410461,25.498242950439476,11.427453501600619,11.34901296734576,0.1579,6.808165073394775,0
35.74845673153636,-117.62091172618955,28.97244542439779,20.779243204468166,9.569373754251346,0.06925,0.045992184430360794,0
41.27309572887142,-123.09165180647744,20.36453526814779,57.2733106965264,3.0602782845405123,0.7632800000000001,9.592281341552734,0
32.75706683541835,-115.76139908806215,34.16409581502279,13.668509073061468,13.428135900078477,0.3044,0.27739521861076355,0
40.222066846451575,-123.36114639171329,20.100782012939476,58.10604742242364,4.7920125440645736,0.5625,3.798673629760742,0
36.6108394042911,-119.69602003250564,28.13333409627279,31.27549293905969,10.531772477745166,0.38230000000000003,0.07781766355037689,0
34.34708488830991,-114.84511749826024,32.93167394002279,12.298224034472526,10.44064510868913,0.124,3.3811259269714355,0
36.260496443484485,-118.75278898418014,22.612012481689476,30.681923543704748,1.318912314677018,0.528975,9.230002403259277,0
36.88033398952696,-119.21092977908111,23.49401117960616,35.52267436708685,2.3127660664268705,0.40075,3.508366823196411,1
41.165297894777076,-123.41504530876047,18.58133214314779,63.781886627210625,3.715703968102731,0.3632,4.075198173522949,1
34.023691386026876,-116.7854785119584,23.159619903564476,41.06956660356964,7.088755463804158,0.5461,8.396278381347656,1
33.996741927503294,-116.75852905343481,23.159619903564476,41.06956660356964,7.088755463804158,0.42660000000000003,8.210762977600098,1
41.19224735330066,-123.38809585023688,18.58133214314779,63.781886627210625,3.715703968102731,0.5157,7.083189964294434,1
34.023691386026876,-116.75852905343481,23.159619903564476,41.06956660356964,7.088755463804158,0.5461,4.2578864097595215,1
34.023691386026876,-116.73157959491122,25.28356196085616,38.380585825645824,8.01826471354547,0.4433,8.482337951660156,1
33.996741927503294,-116.7854785119584,23.159619903564476,41.06956660356964,7.088755463804158,0.42660000000000003,6.66459846496582,1
37.958312330470385,-114.54867345450079,24.711621856689476,12.577612054824696,13.608728424575583,0.2969,5.155981063842773,1
32.622319542800426,-114.87206695678381,35.65660883585616,18.12431138995805,4.375794482669809,0.2447,0.03370582312345505,1
34.050640844550465,-116.83937742900557,19.187207794189476,34.68915468733088,7.129672628530925,0.2745,9.268028259277344,1
41.13834843625349,-123.36114639171329,17.998975372314476,63.89768412781177,3.81069109041203,0.3632,5.039423942565918,1
35.42506322925333,-118.4832943989443,23.239453887939476,31.00460468727318,8.794092803401854,0.32020000000000004,5.657466411590576,1
33.996741927503294,-116.73157959491122,25.28356196085616,38.380585825645824,8.01826471354547,0.42615000000000003,4.180834770202637,1
36.74558669690903,-119.48042436431696,27.80846430460616,33.04536611731553,8.068740804949314,0.5021,0.19283413887023926,1
33.969792468979705,-116.7854785119584,23.159619903564476,41.06956660356964,7.088755463804158,0.3398,4.905656337738037,1
36.88033398952696,-119.18398032055752,23.49401117960616,35.52267436708685,2.3127660664268705,0.40075,2.4531280994415283,1
33.969792468979705,-116.75852905343481,23.159619903564476,41.06956660356964,7.088755463804158,0.42660000000000003,9.985939979553223,1
33.969792468979705,-116.70463013638764,25.28356196085616,38.380585825645824,8.01826471354547,0.42615000000000003,8.983781814575195,1
35.452012687776914,-118.42939548189712,21.92516352335616,28.844774326601147,8.70358543353502,0.3441,11.831424713134766,1
41.13834843625349,-123.38809585023688,17.998975372314476,63.89768412781177,3.81069109041203,0.3632,6.0291571617126465,1
41.165297894777076,-123.44199476728406,18.58133214314779,63.781886627210625,3.715703968102731,0.3632,11.289580345153809,1
35.42506322925333,-118.4563449404207,23.239453887939476,31.00460468727318,8.794092803401854,0.34975,5.886120796203613,1
33.996741927503294,-116.81242797048198,23.159619903564476,41.06956660356964,7.088755463804158,0.3398,7.619040489196777,1
34.050640844550465,-116.86632688752915,20.08361078898116,38.440015954495394,6.146702859174779,0.2745,10.047462463378906,1
35.452012687776914,-118.4832943989443,22.68322016398116,28.857749060610928,7.828520409446521,0.29103333333333337,6.917273044586182,1
33.969792468979705,-116.73157959491122,25.28356196085616,38.380585825645824,8.01826471354547,0.42660000000000003,10.012639999389648,1
37.44627261852226,-120.42365541264246,25.842237091064476,39.8046365169831,9.621667746375765,0.35425,0.8977220058441162,1
36.74558669690903,-119.50737382284055,27.80846430460616,33.04536611731553,8.068740804949314,0.5021,0.18926183879375458,1
35.452012687776914,-118.4563449404207,22.68322016398116,28.857749060610928,7.828520409446521,0.3441,6.3926897048950195,1
38.57814987651285,-120.01941353478867,14.862474060058616,41.02908377561568,4.328367802444276,0.4375,6.034519672393799,0
33.53860113260234,-115.89614638068007,31.629970804850302,25.8878973079079,7.887203621983473,0.07415000000000001,2.5319039821624756,0
32.541471167229666,-114.62952183007154,34.1363184611003,16.599408489175207,3.937219645663754,0.317,0.03369886428117752,0
33.02656142065421,-115.59970233692063,33.15991872151693,17.449027963611528,12.436114525988444,0.4703,0.14035730063915253,0
34.805225683210864,-114.19833049369417,32.7517969767253,12.053853854856678,12.799051462768169,0.139,1.7933974266052246,0
41.865983816390305,-116.56988284376972,24.435227966308616,23.267877319735423,8.094235138764263,0.19255,1.5481092929840088,0
35.37116431220616,-116.51598392672254,27.698411560058616,22.95329057400425,12.167241583536066,0.10020000000000001,2.005422592163086,0
40.976651685111975,-118.91448573532166,24.741136169433616,30.884139370082398,9.162141208477788,0.09165000000000001,0.7298752665519714,0
37.958312330470385,-115.16851100054326,24.81104176839193,14.6576432388817,13.186352468268609,0.1466,3.288766860961914,0
36.422193194626004,-114.49477453745362,33.03809254964193,13.016201631678904,11.448228667426449,0.14265,2.0392873287200928,0
35.82930510710712,-114.3330777863121,29.915696716308616,10.589637385336182,15.388561638516281,0.1759,3.9987754821777344,0
38.20085745718265,-119.10313194498676,17.419277445475302,33.321104144462055,3.5398154825515045,0.25520000000000004,3.720139503479004,0
40.94970222658839,-117.62091172618955,24.00708669026693,22.605711262554166,8.792130813652728,0.2164,6.7907304763793945,0
40.7341065583997,-114.27917886926494,26.048265075683616,13.003152030796771,5.3428413754663255,0.27926666666666666,0.8840309381484985,0
41.4886913970601,-120.26195866150094,18.263027445475302,49.88495372552233,7.092776207925033,0.4086,1.2870073318481445,0
40.06037009531006,-116.83937742900557,24.162685648600302,18.818716918970008,8.808797708060904,0.2748,5.301489353179932,0
34.185388137168395,-119.10313194498676,18.539394632975302,78.56771684999059,5.19009809363509,0.44260000000000005,0.0937449261546135,0
37.095929657715644,-120.85484674901983,20.25098317464193,56.45092991346148,10.341804954202614,0.3513,0.07470320165157318,0
39.17103796403174,-122.63351101157649,22.83277028401693,47.331725600472254,1.2547821943324216,0.5132,3.4987528324127197,0
38.79374554470154,-116.0039442147744,23.464036560058616,13.395474110752554,14.708614740723139,0.116425,1.4127941131591797,0
39.27883579812608,-120.96264458311417,20.46094411214193,45.792606768598546,2.4406766286548796,0.7367,2.837270736694336,0
40.114269012357234,-114.8990164153074,23.534593200683616,12.310714824885153,12.586555682041357,0.3191,11.536865234375,0
38.38950366684775,-116.38123663410461,23.190517679850302,14.984083098950931,12.30942895620092,0.1579,6.808165073394775,0
35.74845673153636,-117.62091172618955,26.42066090901693,23.890317538460497,10.599904838556363,0.06925,0.045992184430360794,0
41.27309572887142,-123.09165180647744,17.784349060058616,60.98874061291163,4.4121169882238025,0.7632800000000001,9.592281341552734,0
32.75706683541835,-115.76139908806215,32.0811426798503,16.5356365426462,13.11862072929706,0.3044,0.27739521861076355,0
40.222066846451575,-123.36114639171329,18.691819763183616,59.0382540352191,6.049239530674202,0.5625,3.798673629760742,0
36.6108394042911,-119.69602003250564,24.714443461100302,37.43122508642118,9.804249326556876,0.38230000000000003,0.07781766355037689,0
34.34708488830991,-114.84511749826024,31.34400075276693,13.142911646103459,11.11094172402831,0.124,3.3811259269714355,0
36.260496443484485,-118.75278898418014,20.23657887776693,39.805527254282765,2.3332154906519493,0.528975,9.230002403259277,0
37.50017153556943,-121.77112833882174,17.090501403808616,70.42529113123788,8.007985495088827,0.44480000000000003,5.023687839508057,1
35.667608355965605,-119.21092977908111,26.551845804850302,32.365358558582194,7.74617017511666,0.37870000000000004,0.27722135186195374,1
33.996741927503294,-116.75852905343481,21.24439137776693,40.68419871283426,7.168238864768319,0.42660000000000003,8.210762977600098,1
35.69455781448919,-119.26482869612828,27.197841898600302,31.54535321391912,8.157125266951983,0.37870000000000004,0.13509348034858704,1
35.42506322925333,-118.40244602337354,19.982754007975302,34.77766400985877,8.437749021363542,0.37725000000000003,8.150284767150879,1
37.52712099409301,-121.82502725586892,17.090501403808616,70.42529113123788,8.007985495088827,0.44480000000000003,5.000448703765869,1
36.368294277578826,-119.69602003250564,25.679775492350302,34.669155841796986,8.653394514520915,0.5091,0.09993598610162735,1
33.996741927503294,-116.7854785119584,21.24439137776693,40.68419871283426,7.168238864768319,0.42660000000000003,6.66459846496582,1
36.368294277578826,-119.10313194498676,24.661220804850302,36.47008446859546,4.474497769918723,0.4534,0.12680764496326447,1
37.50017153556943,-121.79807779734533,17.090501403808616,70.42529113123788,8.007985495088827,0.44480000000000003,3.0406699180603027,1
35.69455781448919,-119.23787923760469,26.551845804850302,32.365358558582194,7.74617017511666,0.37870000000000004,0.13614392280578613,1
35.42506322925333,-118.37549656484995,19.982754007975302,34.77766400985877,8.437749021363542,0.5142,8.787396430969238,1
36.2335469849609,-120.04636299331226,26.00684254964193,31.804237345797105,4.780267747960943,0.3604,0.12989620864391327,1
36.368294277578826,-119.13008140351035,24.661220804850302,36.47008446859546,4.474497769918723,0.4534,0.043476130813360214,1
40.00647117826289,-114.38697670335928,23.992519632975302,11.058947065073474,14.088695487980734,0.3624,3.8260791301727295,1
36.395243736102415,-119.15703086203393,25.480556742350302,35.41623185815124,5.655653386314397,0.4534,0.0809146985411644,1
33.996741927503294,-116.73157959491122,23.282314554850302,37.601210194579366,8.212718555807898,0.42615000000000003,4.180834770202637,1
33.05351087917779,-115.4649550443027,33.25928395589193,19.076206672582117,12.660414795131116,0.4908,0.09118472784757614,1
40.00647117826289,-114.3330777863121,25.921800231933616,11.108022843608685,13.768085390389816,0.28045000000000003,3.639106273651123,1
33.969792468979705,-116.75852905343481,21.24439137776693,40.68419871283426,7.168238864768319,0.42660000000000003,9.985939979553223,1
40.00647117826289,-114.36002724483569,23.992519632975302,11.058947065073474,14.088695487980734,0.28045000000000003,3.918192148208618,1
33.969792468979705,-116.70463013638764,23.282314554850302,37.601210194579366,8.212718555807898,0.42615000000000003,8.983781814575195,1
35.452012687776914,-118.42939548189712,19.562587992350302,34.88138178986668,7.33292605649196,0.3441,11.831424713134766,1
36.260496443484485,-120.07331245183585,25.418545023600302,32.48998672875661,4.951117855107039,0.3604,0.16923147439956665,1
36.395243736102415,-119.74991894955282,25.679775492350302,34.669155841796986,8.653394514520915,0.5091,0.0809146985411644,1
35.42506322925333,-118.34854710632636,19.84448903401693,33.34900439932206,9.040321827646357,0.5142,8.421476364135742,1
35.42506322925333,-118.4563449404207,20.97925465901693,35.62914695535073,7.607666508993945,0.34975,5.886120796203613,1
34.48183218092783,-118.42939548189712,20.269944763183616,58.65790959130802,9.079952237962958,0.2767,2.9197444915771484,1
36.395243736102415,-119.72296949102923,25.679775492350302,34.669155841796986,8.653394514520915,0.5091,0.06824235618114471,1
33.969792468979705,-116.73157959491122,23.282314554850302,37.601210194579366,8.212718555807898,0.42660000000000003,10.012639999389648,1
38.57814987651285,-120.01941353478867,14.832523600260458,45.58739837429815,1.1933760192580443,0.4375,6.034519672393799,0
33.53860113260234,-115.89614638068007,31.423181152343773,22.910499090608052,5.9181978707225955,0.07415000000000001,2.5319039821624756,0
32.541471167229666,-114.62952183007154,33.93669026692709,16.763309919055967,3.17720254567574,0.317,0.03369886428117752,0
33.02656142065421,-115.59970233692063,31.991866048177087,17.176455345362683,9.848248017087686,0.4703,0.14035730063915253,0
34.805225683210864,-114.19833049369417,33.15706787109377,8.962157335479288,10.74112536262749,0.139,1.7933974266052246,0
41.865983816390305,-116.56988284376972,21.60937906901046,29.544199927946448,13.126179740154546,0.19255,1.5481092929840088,0
35.37116431220616,-116.51598392672254,26.986250813802087,21.77311255020862,8.6382082653198,0.10020000000000001,2.005422592163086,0
40.976651685111975,-118.91448573532166,23.694177246093773,28.27848809938934,10.211746944511042,0.09165000000000001,0.7298752665519714,0
37.958312330470385,-115.16851100054326,24.212569173177087,12.490189215048321,9.962686656242584,0.1466,3.288766860961914,0
36.422193194626004,-114.49477453745362,32.30257568359377,11.27337373603045,8.418323253010733,0.14265,2.0392873287200928,0
35.82930510710712,-114.3330777863121,29.157881673177087,8.4946679845729,13.202650007936422,0.1759,3.9987754821777344,0
38.20085745718265,-119.10313194498676,18.209883626302087,32.11029411711277,1.8082393709181215,0.25520000000000004,3.720139503479004,0
40.94970222658839,-117.62091172618955,22.653649902343773,25.44597850470219,6.947434296450332,0.2164,6.7907304763793945,0
40.7341065583997,-114.27917886926494,24.535078938802087,17.438183313358806,4.206010247555651,0.27926666666666666,0.8840309381484985,0
41.4886913970601,-120.26195866150094,17.922041829427087,42.91945029033968,5.955947695497313,0.4086,1.2870073318481445,0
40.06037009531006,-116.83937742900557,23.629073079427087,22.837794425115273,6.163871317601035,0.2748,5.301489353179932,0
34.185388137168395,-119.10313194498676,19.150069173177087,78.9885311367358,4.918500717123605,0.44260000000000005,0.0937449261546135,0
37.095929657715644,-120.85484674901983,23.512373860677087,46.681313718004326,8.866446011862456,0.3513,0.07470320165157318,0
39.17103796403174,-122.63351101157649,24.138757324218773,40.447751397485014,1.5964076880509792,0.5132,3.4987528324127197,0
38.79374554470154,-116.0039442147744,22.817712402343773,10.933390793145165,10.594443096273437,0.116425,1.4127941131591797,0
39.27883579812608,-120.96264458311417,21.842858886718773,42.89097440025073,1.5424005768148246,0.7367,2.837270736694336,0
40.114269012357234,-114.8990164153074,22.94385172526046,12.074207351960652,3.296428048619806,0.3191,11.536865234375,0
38.38950366684775,-116.38123663410461,22.724287923177087,12.724481300053275,8.050438198397977,0.1579,6.808165073394775,0
35.74845673153636,-117.62091172618955,25.943933105468773,24.877826310215408,6.6342853663691566,0.06925,0.045992184430360794,0
41.27309572887142,-123.09165180647744,17.66992594401046,51.26017303518194,3.879303682148897,0.7632800000000001,9.592281341552734,0
32.75706683541835,-115.76139908806215,30.74145914713546,16.678150588607423,8.598521035343092,0.3044,0.27739521861076355,0
40.222066846451575,-123.36114639171329,20.284509277343773,50.73931833776653,4.509399155551585,0.5625,3.798673629760742,0
36.6108394042911,-119.69602003250564,27.399987792968773,34.362545065385966,6.973046604732359,0.38230000000000003,0.07781766355037689,0
34.34708488830991,-114.84511749826024,30.81958414713546,10.784354250414923,8.609428178687475,0.124,3.3811259269714355,0
36.260496443484485,-118.75278898418014,20.424971516927087,42.07303464660361,1.5691984242662511,0.528975,9.230002403259277,0
33.94284301045612,-116.73157959491122,22.370690917968773,32.56240591828096,6.08837433880119,0.2536,7.310583591461182,1
33.94284301045612,-116.75852905343481,21.619226074218773,35.16477442419749,5.8096288759528125,0.2536,6.266231536865234,1
33.996741927503294,-116.75852905343481,21.490645345052087,30.94129674349248,5.3246664718179995,0.42660000000000003,8.210762977600098,1
40.033420636786474,-114.3330777863121,24.65137125651046,11.831669777955888,3.7895120566096163,0.20895,2.860539436340332,1
41.19224735330066,-123.38809585023688,17.67114664713546,50.54658268721983,2.564162572974639,0.5157,7.083189964294434,1
40.00647117826289,-114.27917886926494,24.65137125651046,11.831669777955888,3.7895120566096163,0.13696666666666668,0.4737287759780884,1
40.06037009531006,-114.38697670335928,23.973799641927087,11.908874331727729,3.4170167541092558,0.20895,3.0556259155273438,1
40.033420636786474,-114.36002724483569,22.548994954427087,11.314861634952559,3.7905759853404186,0.20895,3.7591192722320557,1
33.94284301045612,-116.81242797048198,21.619226074218773,35.16477442419749,5.8096288759528125,0.28450000000000003,4.677308559417725,1
40.00647117826289,-114.30612832778851,24.65137125651046,11.831669777955888,3.7895120566096163,0.13696666666666668,2.35357666015625,1
33.996741927503294,-116.7854785119584,21.490645345052087,30.94129674349248,5.3246664718179995,0.42660000000000003,6.66459846496582,1
33.94284301045612,-116.7854785119584,21.619226074218773,35.16477442419749,5.8096288759528125,0.2755,5.189143180847168,1
33.996741927503294,-116.73157959491122,23.219567871093773,28.878306218433746,5.759842592959669,0.42615000000000003,4.180834770202637,1
33.969792468979705,-116.7854785119584,21.490645345052087,30.94129674349248,5.3246664718179995,0.3398,4.905656337738037,1
40.00647117826289,-114.3330777863121,24.65137125651046,11.831669777955888,3.7895120566096163,0.28045000000000003,3.639106273651123,1
33.969792468979705,-116.75852905343481,21.490645345052087,30.94129674349248,5.3246664718179995,0.42660000000000003,9.985939979553223,1
40.00647117826289,-114.36002724483569,22.548994954427087,11.314861634952559,3.7905759853404186,0.28045000000000003,3.918192148208618,1
33.969792468979705,-116.70463013638764,23.219567871093773,28.878306218433746,5.759842592959669,0.42615000000000003,8.983781814575195,1
33.94284301045612,-116.83937742900557,21.619226074218773,35.16477442419749,5.8096288759528125,0.28450000000000003,3.9170126914978027,1
33.996741927503294,-116.81242797048198,21.490645345052087,30.94129674349248,5.3246664718179995,0.3398,7.619040489196777,1
33.969792468979705,-116.73157959491122,23.219567871093773,28.878306218433746,5.759842592959669,0.42660000000000003,10.012639999389648,1
33.94284301045612,-116.70463013638764,22.370690917968773,32.56240591828096,6.08837433880119,0.228,7.781884670257568,1
38.57814987651285,-120.01941353478867,16.59514643351241,45.85569404538229,0.49022040272835715,0.4375,6.034519672393799,0
33.53860113260234,-115.89614638068007,33.393323516845726,21.392558357750595,3.3053713295791165,0.07415000000000001,2.5319039821624756,0
32.541471167229666,-114.62952183007154,34.57366205851241,20.51664538331281,2.534864272248283,0.317,0.03369886428117752,0
33.02656142065421,-115.59970233692063,33.67270177205404,14.630661447596971,5.343680044529366,0.4703,0.14035730063915253,0
34.805225683210864,-114.19833049369417,34.074231719970726,8.183284162490418,6.472834583276572,0.139,1.7933974266052246,0
41.865983816390305,-116.56988284376972,21.770764923095726,20.081674012359123,9.112772636117734,0.19255,1.5481092929840088,0
35.37116431220616,-116.51598392672254,28.20199864705404,18.43189795700892,5.939132400190908,0.10020000000000001,2.005422592163086,0
40.976651685111975,-118.91448573532166,25.45639317830404,17.282808001729112,5.394568612295685,0.09165000000000001,0.7298752665519714,0
37.958312330470385,-115.16851100054326,24.60662104288741,8.862650360486827,8.549757997177247,0.1466,3.288766860961914,0
36.422193194626004,-114.49477453745362,32.80510737101241,12.030261244138254,5.733229800510758,0.14265,2.0392873287200928,0
35.82930510710712,-114.3330777863121,29.46379877726241,7.737122986328744,11.022433447140255,0.1759,3.9987754821777344,0
38.20085745718265,-119.10313194498676,19.30819981892904,27.793292057798457,2.8136395363591453,0.25520000000000004,3.720139503479004,0
40.94970222658839,-117.62091172618955,23.72836583455404,17.73725133941245,6.079272383280103,0.2164,6.7907304763793945,0
40.7341065583997,-114.27917886926494,24.16073888142904,18.848967272243463,3.0935285654770013,0.27926666666666666,0.8840309381484985,0
41.4886913970601,-120.26195866150094,20.77939122517904,32.41870253654934,2.803606211932476,0.4086,1.2870073318481445,0
40.06037009531006,-116.83937742900557,24.34555333455404,21.63611618559656,6.811349498415411,0.2748,5.301489353179932,0
34.185388137168395,-119.10313194498676,19.39047520955404,79.00987744622087,6.5015993386523006,0.44260000000000005,0.0937449261546135,0
37.095929657715644,-120.85484674901983,26.50985997517904,40.893820482302374,6.8390909987317245,0.3513,0.07470320165157318,0
39.17103796403174,-122.63351101157649,26.683118438720726,35.72367334142273,0.3660831516215993,0.5132,3.4987528324127197,0
38.79374554470154,-116.0039442147744,23.34539057413741,10.72225591341259,9.545462391723088,0.116425,1.4127941131591797,0
39.27883579812608,-120.96264458311417,23.985852813720726,43.35366845346188,1.095641926469868,0.7367,2.837270736694336,0
40.114269012357234,-114.8990164153074,23.09994786580404,13.457691911480232,2.383997832005502,0.3191,11.536865234375,0
38.38950366684775,-116.38123663410461,23.88372065226241,12.08131034606125,6.988635545484589,0.1579,6.808165073394775,0
35.74845673153636,-117.62091172618955,28.09319330851241,23.15661933033658,5.457376284459726,0.06925,0.045992184430360794,0
41.27309572887142,-123.09165180647744,21.05356114705404,33.05181463194356,3.4364884499810526,0.7632800000000001,9.592281341552734,0
32.75706683541835,-115.76139908806215,32.76718419392904,12.998657054896917,5.15276335201566,0.3044,0.27739521861076355,0
40.222066846451575,-123.36114639171329,23.293714141845726,39.630708583189644,3.8650330781597497,0.5625,3.798673629760742,0
36.6108394042911,-119.69602003250564,29.79892247517904,28.304845230507254,5.404044975490352,0.38230000000000003,0.07781766355037689,0
34.34708488830991,-114.84511749826024,31.65365880330404,8.015343352907085,5.037396240877252,0.124,3.3811259269714355,0
36.260496443484485,-118.75278898418014,22.096936798095726,41.7200507383996,0.31166636390761177,0.528975,9.230002403259277,0
41.19224735330066,-123.38809585023688,20.80649083455404,32.144570805614045,2.3635294378345595,0.5157,7.083189964294434,1
41.165297894777076,-123.36114639171329,20.80649083455404,32.144570805614045,2.3635294378345595,0.4328,4.6268463134765625,1
41.165297894777076,-123.38809585023688,20.80649083455404,32.144570805614045,2.3635294378345595,0.4328,4.244089126586914,1
41.13834843625349,-123.33419693318972,20.30771153767904,33.749942093274626,2.5205486837366977,0.4328,1.6015206575393677,1
38.57814987651285,-120.01941353478867,17.576790746053064,44.63463544612946,0.6445109585255517,0.4375,6.034519672393799,0
33.53860113260234,-115.89614638068007,34.616829808553064,22.437160786341718,3.844678941494263,0.07415000000000001,2.5319039821624756,0
32.541471167229666,-114.62952183007154,35.411751683553064,15.111320919113528,2.378963124835573,0.317,0.03369886428117752,0
33.02656142065421,-115.59970233692063,34.754362360636435,16.19436203424896,5.750613142657968,0.4703,0.14035730063915253,0
34.805225683210864,-114.19833049369417,35.517301813761435,9.388603915541422,5.852864205739466,0.139,1.7933974266052246,0
41.865983816390305,-116.56988284376972,23.640999730428064,18.61585354161239,7.991676094516768,0.19255,1.5481092929840088,0
35.37116431220616,-116.51598392672254,29.944710667928064,19.269509932582334,5.099833635145996,0.10020000000000001,2.005422592163086,0
40.976651685111975,-118.91448573532166,27.773893610636435,16.77991933858639,3.681312212601504,0.09165000000000001,0.7298752665519714,0
37.958312330470385,-115.16851100054326,25.64335975646975,9.041936623946688,6.58637483104394,0.1466,3.288766860961914,0
36.422193194626004,-114.49477453745362,33.541471735636435,15.612936955845077,2.3415111759520166,0.14265,2.0392873287200928,0
35.82930510710712,-114.3330777863121,30.35820350646975,8.091162179302632,9.057490690039993,0.1759,3.9987754821777344,0
38.20085745718265,-119.10313194498676,20.475960667928064,24.081095430548075,1.9220590318109025,0.25520000000000004,3.720139503479004,0
40.94970222658839,-117.62091172618955,25.61333045959475,14.453571271854852,5.089931843951144,0.2164,6.7907304763793945,0
40.7341065583997,-114.27917886926494,25.027799860636435,14.064835627082486,1.768754660961241,0.27926666666666666,0.8840309381484985,0
41.4886913970601,-120.26195866150094,21.738981501261435,30.913759341269518,4.862517374956577,0.4086,1.2870073318481445,0
40.06037009531006,-116.83937742900557,26.655404027303064,14.563603759067686,2.9335837455774483,0.2748,5.301489353179932,0
34.185388137168395,-119.10313194498676,19.70683631896975,78.44725856240737,5.504713702921125,0.44260000000000005,0.0937449261546135,0
37.095929657715644,-120.85484674901983,28.479215876261435,39.28274552735822,6.778416314755298,0.3513,0.07470320165157318,0
39.17103796403174,-122.63351101157649,27.88432655334475,35.17545216745958,0.39734037970329744,0.5132,3.4987528324127197,0
38.79374554470154,-116.0039442147744,24.545052464803064,9.890593661922901,7.482251265237915,0.116425,1.4127941131591797,0
39.27883579812608,-120.96264458311417,25.29716835021975,42.69573633751349,0.6454673754712763,0.7367,2.837270736694336,0
40.114269012357234,-114.8990164153074,24.01591835021975,11.705811177480928,4.917588016025991,0.3191,11.536865234375,0
38.38950366684775,-116.38123663410461,24.58378944396975,10.873336746430947,5.780716921821822,0.1579,6.808165073394775,0
35.74845673153636,-117.62091172618955,30.293587621053064,21.68252120507609,4.595525583164515,0.06925,0.045992184430360794,0
41.27309572887142,-123.09165180647744,22.645150121053064,39.087965091685994,3.7487480405885134,0.7632800000000001,9.592281341552734,0
32.75706683541835,-115.76139908806215,33.89604530334475,14.06857821027284,5.455443572424394,0.3044,0.27739521861076355,0
40.222066846451575,-123.36114639171329,25.163786188761435,38.47247828354446,1.8063351207796658,0.5625,3.798673629760742,0
36.6108394042911,-119.69602003250564,31.917122777303064,28.459370915611487,5.935032435272832,0.38230000000000003,0.07781766355037689,0
34.34708488830991,-114.84511749826024,33.044645563761435,8.23505228560875,5.1606865897564065,0.124,3.3811259269714355,0
36.260496443484485,-118.75278898418014,23.74638710021975,38.8203839279964,0.8100203892423179,0.528975,9.230002403259277,0
41.19224735330066,-123.49589368433122,23.37749061584475,37.38890300871151,1.9195047845692792,0.6186333333333334,3.434040069580078,1
41.165297894777076,-123.41504530876047,23.294889704386435,35.726903631288096,2.2401130351485876,0.3632,4.075198173522949,1
41.19224735330066,-123.38809585023688,23.294889704386435,35.726903631288096,2.2401130351485876,0.5157,7.083189964294434,1
41.030550602159146,-123.60369151842556,23.390592829386435,45.45994813652806,0.7367780443371282,0.75992,4.033100605010986,1
41.19224735330066,-123.46894422580763,23.37749061584475,37.38890300871151,1.9195047845692792,0.6186333333333334,9.122337341308594,1
41.13834843625349,-123.41504530876047,22.08793983459475,36.36561586460424,1.6879549526822872,0.48807500000000004,8.119932174682617,1
41.030550602159146,-123.63064097694915,23.390592829386435,45.45994813652806,0.7367780443371282,0.75992,7.980579376220703,1
41.13834843625349,-123.36114639171329,22.08793983459475,36.36561586460424,1.6879549526822872,0.3632,5.039423942565918,1
41.003601143635564,-123.5497926013784,23.694059626261435,39.845965808204646,0.7290603759162806,0.75992,3.6594371795654297,1
41.13834843625349,-123.38809585023688,22.08793983459475,36.36561586460424,1.6879549526822872,0.3632,6.0291571617126465,1
41.165297894777076,-123.44199476728406,23.294889704386435,35.726903631288096,2.2401130351485876,0.3632,11.289580345153809,1
41.003601143635564,-123.57674205990197,23.390592829386435,45.45994813652806,0.7367780443371282,0.75992,6.045193672180176,1
41.165297894777076,-123.46894422580763,23.37749061584475,37.38890300871151,1.9195047845692792,0.48807500000000004,5.838146209716797,1
38.57814987651285,-120.01941353478867,18.00117454528811,47.6458220374932,1.4484149860054225,0.4375,6.034519672393799,0
33.53860113260234,-115.89614638068007,34.580927149454794,18.280909603810443,3.078301014032931,0.07415000000000001,2.5319039821624756,0
32.541471167229666,-114.62952183007154,35.360224024454794,16.912621858772773,5.910373084233791,0.317,0.03369886428117752,0
33.02656142065421,-115.59970233692063,35.05911725362142,12.432026485346162,4.514651514105069,0.4703,0.14035730063915253,0
34.805225683210864,-114.19833049369417,35.548456446329794,10.062201538202324,6.138658603493782,0.139,1.7933974266052246,0
41.865983816390305,-116.56988284376972,22.84565696716311,23.376957434725572,10.224157144917434,0.19255,1.5481092929840088,0
35.37116431220616,-116.51598392672254,30.767125066121423,16.16815129607353,6.283521369400297,0.10020000000000001,2.005422592163086,0
40.976651685111975,-118.91448573532166,27.182977930704794,16.284492465218158,8.376393976547885,0.09165000000000001,0.7298752665519714,0
37.958312330470385,-115.16851100054326,26.360386784871423,8.525496418853331,9.32172741531063,0.1466,3.288766860961914,0
36.422193194626004,-114.49477453745362,34.14961204528811,15.054702784665274,3.2590319470476867,0.14265,2.0392873287200928,0
35.82930510710712,-114.3330777863121,30.662144597371423,8.519261842858864,9.647942748082201,0.1759,3.9987754821777344,0
38.20085745718265,-119.10313194498676,20.608433659871423,23.494048734050292,1.1613423921502475,0.25520000000000004,3.720139503479004,0
40.94970222658839,-117.62091172618955,25.004918034871423,18.1110107919854,6.590036009221033,0.2164,6.7907304763793945,0
40.7341065583997,-114.27917886926494,24.78779563903811,18.49098864504206,1.8328120800368648,0.27926666666666666,0.8840309381484985,0
41.4886913970601,-120.26195866150094,21.703485743204794,28.594554400619664,4.8042472956299855,0.4086,1.2870073318481445,0
40.06037009531006,-116.83937742900557,25.74604759216311,17.271960728120902,7.612646400069916,0.2748,5.301489353179932,0
34.185388137168395,-119.10313194498676,19.605259831746423,75.01177338393326,5.587955863039779,0.44260000000000005,0.0937449261546135,0
37.095929657715644,-120.85484674901983,29.00434837341311,37.23079728153608,7.062723408840897,0.3513,0.07470320165157318,0
39.17103796403174,-122.63351101157649,28.85835227966311,32.04408489706581,1.5334408516037268,0.5132,3.4987528324127197,0
38.79374554470154,-116.0039442147744,25.34761009216311,8.737529467513934,8.644613993056444,0.116425,1.4127941131591797,0
39.27883579812608,-120.96264458311417,26.450230534871423,39.6599574083292,1.1349447905853969,0.7367,2.837270736694336,0
40.114269012357234,-114.8990164153074,23.417597071329794,16.04837509718586,3.8582329264870676,0.3191,11.536865234375,0
38.38950366684775,-116.38123663410461,25.832147852579794,9.32781441625528,6.945703881538987,0.1579,6.808165073394775,0
35.74845673153636,-117.62091172618955,31.258336003621423,17.537806153435906,5.310940602889733,0.06925,0.045992184430360794,0
41.27309572887142,-123.09165180647744,24.613397852579794,33.6815534253942,1.984594392491409,0.7632800000000001,9.592281341552734,0
32.75706683541835,-115.76139908806215,34.29707298278811,9.826064668033203,4.358836905922707,0.3044,0.27739521861076355,0
40.222066846451575,-123.36114639171329,26.37544212341311,39.95217870521924,0.5613513291500154,0.5625,3.798673629760742,0
36.6108394042911,-119.69602003250564,32.82303326924642,27.291732391954067,6.200613612912318,0.38230000000000003,0.07781766355037689,0
34.34708488830991,-114.84511749826024,33.65335553487142,7.116156025011488,7.067054288782698,0.124,3.3811259269714355,0
36.260496443484485,-118.75278898418014,24.592890040079794,34.13424350888723,0.9872967580801546,0.528975,9.230002403259277,0
41.19224735330066,-123.49589368433122,25.53755149841311,29.78147377148227,1.5523811880651508,0.6186333333333334,3.434040069580078,1
41.165297894777076,-123.41504530876047,25.36299095153811,28.26068988565631,1.6714343368001903,0.3632,4.075198173522949,1
41.165297894777076,-123.52284314285481,25.53755149841311,29.78147377148227,1.5523811880651508,0.5513,8.264166831970215,1
41.19224735330066,-123.46894422580763,25.53755149841311,29.78147377148227,1.5523811880651508,0.6186333333333334,9.122337341308594,1
41.13834843625349,-123.44199476728406,23.920282618204794,29.147372814223633,1.093601012433629,0.5513,11.071648597717285,1
41.13834843625349,-123.46894422580763,24.689000066121423,31.68760333692302,0.8809091959176619,0.5513,16.054729461669922,1
41.13834843625349,-123.41504530876047,23.920282618204794,29.147372814223633,1.093601012433629,0.48807500000000004,8.119932174682617,1
41.13834843625349,-123.36114639171329,23.920282618204794,29.147372814223633,1.093601012433629,0.3632,5.039423942565918,1
41.165297894777076,-123.49589368433122,25.53755149841311,29.78147377148227,1.5523811880651508,0.5513,15.10593318939209,1
41.13834843625349,-123.38809585023688,23.920282618204794,29.147372814223633,1.093601012433629,0.3632,6.0291571617126465,1
41.165297894777076,-123.44199476728406,25.36299095153811,28.26068988565631,1.6714343368001903,0.3632,11.289580345153809,1
41.165297894777076,-123.46894422580763,25.53755149841311,29.78147377148227,1.5523811880651508,0.48807500000000004,5.838146209716797,1
41.19224735330066,-123.52284314285481,25.53755149841311,29.78147377148227,1.5523811880651508,0.5995,7.812997817993164,1
38.57814987651285,-120.01941353478867,17.36608721415206,52.09352779216454,3.377180496464971,0.4375,6.034519672393799,0
33.53860113260234,-115.89614638068007,35.867633438110374,17.946247799647498,2.6819010832082055,0.07415000000000001,2.5319039821624756,0
32.541471167229666,-114.62952183007154,35.64343096415206,35.34039048632058,13.204025901693509,0.317,0.03369886428117752,0
33.02656142065421,-115.59970233692063,36.54382158915206,12.774277358998509,3.1393230068195126,0.4703,0.14035730063915253,0
34.805225683210864,-114.19833049369417,35.69974606831869,12.818495285590789,9.34041753619868,0.139,1.7933974266052246,0
41.865983816390305,-116.56988284376972,24.76444333394369,16.66404925650226,2.5857039334995022,0.19255,1.5481092929840088,0
35.37116431220616,-116.51598392672254,30.73522783915206,11.619084688796379,8.365476880513718,0.10020000000000001,2.005422592163086,0
40.976651685111975,-118.91448573532166,28.838336563110374,15.394294475444859,6.384565749678693,0.09165000000000001,0.7298752665519714,0
37.958312330470385,-115.16851100054326,25.550738906860374,10.957271678375097,12.629197843920874,0.1466,3.288766860961914,0
36.422193194626004,-114.49477453745362,34.46097653706869,12.030629729655493,9.43862788345607,0.14265,2.0392873287200928,0
35.82930510710712,-114.3330777863121,31.361041641235374,9.97248106541721,13.923635089248348,0.1759,3.9987754821777344,0
38.20085745718265,-119.10313194498676,19.08532549540206,33.2704790810305,5.069915004593832,0.25520000000000004,3.720139503479004,0
40.94970222658839,-117.62091172618955,25.584430313110374,13.87285040286742,4.228942408942372,0.2164,6.7907304763793945,0
40.7341065583997,-114.27917886926494,25.19291013081869,16.57339018220714,1.7688478629863669,0.27926666666666666,0.8840309381484985,0
41.4886913970601,-120.26195866150094,22.62951494852706,28.656284528918334,6.994544794048445,0.4086,1.2870073318481445,0
40.06037009531006,-116.83937742900557,26.70658200581869,13.026298273254538,4.5790771007894175,0.2748,5.301489353179932,0
34.185388137168395,-119.10313194498676,19.341754531860374,74.7194913386886,7.26899561883464,0.44260000000000005,0.0937449261546135,0
37.095929657715644,-120.85484674901983,27.082233047485374,40.485375476658234,7.70249897622961,0.3513,0.07470320165157318,0
39.17103796403174,-122.63351101157649,27.11974932352706,35.395292933293234,3.4557592622559334,0.5132,3.4987528324127197,0
38.79374554470154,-116.0039442147744,25.092731094360374,10.183727318549305,9.07892854374763,0.116425,1.4127941131591797,0
39.27883579812608,-120.96264458311417,25.76867510477706,39.150776830683476,4.260381880018341,0.7367,2.837270736694336,0
40.114269012357234,-114.8990164153074,23.61283200581869,13.982713632003712,5.261263325728282,0.3191,11.536865234375,0
38.38950366684775,-116.38123663410461,25.15531247456869,11.299624444259718,10.757818548101211,0.1579,6.808165073394775,0
35.74845673153636,-117.62091172618955,30.50809567769369,17.41274891010302,7.874096256355061,0.06925,0.045992184430360794,0
41.27309572887142,-123.09165180647744,24.27184893290206,32.29121017506388,2.0185788951807515,0.7632800000000001,9.592281341552734,0
32.75706683541835,-115.76139908806215,35.91613604227706,11.311258779810872,3.993092750037428,0.3044,0.27739521861076355,0
40.222066846451575,-123.36114639171329,24.50663083394369,47.0438969160356,2.226897954761949,0.5625,3.798673629760742,0
36.6108394042911,-119.69602003250564,32.372027969360374,28.339767471204247,7.668428443593252,0.38230000000000003,0.07781766355037689,0
34.34708488830991,-114.84511749826024,33.80350583394369,13.450627281917443,10.075942671956835,0.124,3.3811259269714355,0
36.260496443484485,-118.75278898418014,24.35013669331869,32.564082406494684,0.3417489145048273,0.528975,9.230002403259277,0
41.165297894777076,-123.41504530876047,23.584430313110374,36.14563087096929,1.6055798847052298,0.3632,4.075198173522949,1
34.535731097975,-118.0790525210905,24.630084609985374,21.62510078927102,7.285695068280669,0.2144,2.337287664413452,1
40.54546034873461,-120.42365541264246,26.15978838602706,29.397327682970705,8.786785009890435,0.19246666666666667,0.4038633406162262,1
41.19224735330066,-123.38809585023688,23.584430313110374,36.14563087096929,1.6055798847052298,0.5157,7.083189964294434,1
41.13834843625349,-123.41504530876047,22.25077145894369,37.33499009979913,1.7161834536827991,0.48807500000000004,8.119932174682617,1
41.13834843625349,-123.36114639171329,22.25077145894369,37.33499009979913,1.7161834536827991,0.3632,5.039423942565918,1
34.535731097975,-118.10600197961409,24.630084609985374,21.62510078927102,7.285695068280669,0.2144,2.853079319000244,1
41.13834843625349,-123.38809585023688,22.25077145894369,37.33499009979913,1.7161834536827991,0.3632,6.0291571617126465,1
41.165297894777076,-123.44199476728406,23.584430313110374,36.14563087096929,1.6055798847052298,0.3632,11.289580345153809,1
41.165297894777076,-123.46894422580763,23.75296872456869,37.99036690678197,1.513345959364666,0.48807500000000004,5.838146209716797,1
34.56268055649859,-118.13295143813768,26.533404922485374,19.908117736253057,10.123106630929428,0.2144,1.4051684141159058,1
40.54546034873461,-120.45060487116605,25.57401364644369,31.526024880283625,8.026335074168868,0.19246666666666667,0.6798366904258728,1
38.57814987651285,-120.01941353478867,16.22312253316244,36.062995915699645,5.06216564778419,0.4375,6.034519672393799,0
33.53860113260234,-115.89614638068007,36.787005996704124,18.580609038070005,1.2586789441458202,0.07415000000000001,2.5319039821624756,0
32.541471167229666,-114.62952183007154,36.096820449829124,33.7442794045716,10.806722528496117,0.317,0.03369886428117752,0
33.02656142065421,-115.59970233692063,37.35284258524581,20.617593291120862,1.6849702246062035,0.4703,0.14035730063915253,0
34.805225683210864,-114.19833049369417,35.978900527954124,18.09494675099478,7.75836698003645,0.139,1.7933974266052246,0
41.865983816390305,-116.56988284376972,24.01291745503744,24.37622747323094,18.58719954093699,0.19255,1.5481092929840088,0
35.37116431220616,-116.51598392672254,30.93292071024581,10.342551775294172,8.970692742491401,0.10020000000000001,2.005422592163086,0
40.976651685111975,-118.91448573532166,24.576800918579124,29.282783772732547,10.283362177305257,0.09165000000000001,0.7298752665519714,0
37.958312330470385,-115.16851100054326,25.651263809204124,9.736513759794416,11.758035349612046,0.1466,3.288766860961914,0
36.422193194626004,-114.49477453745362,34.45871823628744,10.142071260312996,8.838255054343072,0.14265,2.0392873287200928,0
35.82930510710712,-114.3330777863121,31.273089981079124,12.001162161909928,12.440262337964269,0.1759,3.9987754821777344,0
38.20085745718265,-119.10313194498676,17.78366940816244,27.81029881228751,7.1038646407218575,0.25520000000000004,3.720139503479004,0
40.94970222658839,-117.62091172618955,22.64068438212081,25.771080557543335,9.06858369853705,0.2164,6.7907304763793945,0
40.7341065583997,-114.27917886926494,24.222064590454124,19.34203758748288,6.981180036440416,0.27926666666666666,0.8840309381484985,0
41.4886913970601,-120.26195866150094,20.25396563212081,36.84132719242189,10.041995647261576,0.4086,1.2870073318481445,0
40.06037009531006,-116.83937742900557,23.23907305399581,21.72789399615434,8.141847214051062,0.2748,5.301489353179932,0
34.185388137168395,-119.10313194498676,20.66721433003744,71.60662102220385,6.844360916629416,0.44260000000000005,0.0937449261546135,0
37.095929657715644,-120.85484674901983,27.511371231079124,41.68755726645452,5.563387337193942,0.3513,0.07470320165157318,0
39.17103796403174,-122.63351101157649,25.52658933003744,35.25682419701832,3.290409750735609,0.5132,3.4987528324127197,0
38.79374554470154,-116.0039442147744,23.77072995503744,15.07350486184249,5.433874579269452,0.116425,1.4127941131591797,0
39.27883579812608,-120.96264458311417,24.700336074829124,30.815182656895097,4.068873587850354,0.7367,2.837270736694336,0
40.114269012357234,-114.8990164153074,22.026019668579124,18.854042069268377,8.233695460938772,0.3191,11.536865234375,0
38.38950366684775,-116.38123663410461,24.102679824829124,13.647136495738414,7.436983436283727,0.1579,6.808165073394775,0
35.74845673153636,-117.62091172618955,30.12302487691244,17.259790366491984,8.7305513934367,0.06925,0.045992184430360794,0
41.27309572887142,-123.09165180647744,20.848529434204124,32.335084583712835,3.6513446267454226,0.7632800000000001,9.592281341552734,0
32.75706683541835,-115.76139908806215,35.97434323628744,17.3638884592228,2.2178482824576835,0.3044,0.27739521861076355,0
40.222066846451575,-123.36114639171329,21.924945449829124,34.13029707056972,3.0806807088997323,0.5625,3.798673629760742,0
36.6108394042911,-119.69602003250564,31.87994219462081,28.30966899393294,7.526018325233492,0.38230000000000003,0.07781766355037689,0
34.34708488830991,-114.84511749826024,34.38165117899581,14.210370181790905,7.701167540512716,0.124,3.3811259269714355,0
36.260496443484485,-118.75278898418014,24.67820065816244,24.114836152345482,0.3537840374553171,0.528975,9.230002403259277,0
34.93997297582879,-119.4265254472698,28.10528399149581,29.85034070478022,2.2326486055707364,0.2388,4.014462471008301,1
34.93997297582879,-119.45347490579337,28.77317136128744,30.46249092714733,2.024060075696569,0.2388,2.0836374759674072,1
38.57814987651285,-120.01941353478867,16.664059575398767,38.057922024343824,5.990511975246558,0.4375,6.034519672393799,0
33.53860113260234,-115.89614638068007,37.78783887227377,23.497034553133943,4.734952410035932,0.07415000000000001,2.5319039821624756,0
32.541471167229666,-114.62952183007154,38.41959342956545,21.4936166583724,5.072033123776633,0.317,0.03369886428117752,0
33.02656142065421,-115.59970233692063,39.20654004414877,17.448917726636655,4.7994159990265945,0.4703,0.14035730063915253,0
34.805225683210864,-114.19833049369417,36.81062533060714,19.32854211467546,2.4189541988882284,0.139,1.7933974266052246,0
41.865983816390305,-116.56988284376972,23.125241216023767,15.360567073431877,13.554525610939598,0.19255,1.5481092929840088,0
35.37116431220616,-116.51598392672254,31.878008143107138,13.975219080761276,8.63916086376099,0.10020000000000001,2.005422592163086,0
40.976651685111975,-118.91448573532166,24.949622726440452,14.741821327562754,12.509545726244202,0.09165000000000001,0.7298752665519714,0
37.958312330470385,-115.16851100054326,26.543372726440452,10.200860290932534,10.140735066903822,0.1466,3.288766860961914,0
36.422193194626004,-114.49477453745362,35.00512402852377,11.725216602879156,4.947554748910577,0.14265,2.0392873287200928,0
35.82930510710712,-114.3330777863121,31.846676762898767,14.621126037956985,5.588340283773809,0.1759,3.9987754821777344,0
38.20085745718265,-119.10313194498676,18.033769861857138,30.584832866893645,7.657115874458988,0.25520000000000004,3.720139503479004,0
40.94970222658839,-117.62091172618955,23.393307622273767,11.289452943837443,10.071818380531445,0.2164,6.7907304763793945,0
40.7341065583997,-114.27917886926494,24.297604497273767,8.134647170504456,8.521281069279167,0.27926666666666666,0.8840309381484985,0
41.4886913970601,-120.26195866150094,20.559974288940452,26.73114745522545,8.01977021392425,0.4086,1.2870073318481445,0
40.06037009531006,-116.83937742900557,23.831295903523767,8.748074811081388,9.568957331511406,0.2748,5.301489353179932,0
34.185388137168395,-119.10313194498676,23.439694341023767,62.75740143357754,3.9881722612638963,0.44260000000000005,0.0937449261546135,0
37.095929657715644,-120.85484674901983,29.904049809773767,36.4904109551307,4.359445878254712,0.3513,0.07470320165157318,0
39.17103796403174,-122.63351101157649,26.026201502482138,27.251959252082546,3.6201161947725518,0.5132,3.4987528324127197,0
38.79374554470154,-116.0039442147744,24.715898768107138,8.685514495053926,3.6396393506320046,0.116425,1.4127941131591797,0
39.27883579812608,-120.96264458311417,26.038327153523767,27.441770953903845,3.790017989365488,0.7367,2.837270736694336,0
40.114269012357234,-114.8990164153074,22.788083012898767,8.776823965232099,7.705011922842682,0.3191,11.536865234375,0
38.38950366684775,-116.38123663410461,24.725908533732138,10.762711718380181,6.99321168322061,0.1579,6.808165073394775,0
35.74845673153636,-117.62091172618955,30.874915695190452,14.413655494025267,8.953500187173395,0.06925,0.045992184430360794,0
41.27309572887142,-123.09165180647744,20.802975591023767,37.692218613217634,1.652570352377133,0.7632800000000001,9.592281341552734,0
32.75706683541835,-115.76139908806215,38.38834342956545,16.008510456905285,3.391585388632637,0.3044,0.27739521861076355,0
40.222066846451575,-123.36114639171329,22.812903976440452,35.72010866512622,2.2063209285288643,0.5625,3.798673629760742,0
36.6108394042911,-119.69602003250564,32.23062858581545,23.50947698955041,4.660045646870357,0.38230000000000003,0.07781766355037689,0
34.34708488830991,-114.84511749826024,35.81998405456545,15.900032295372501,4.999918501788256,0.124,3.3811259269714355,0
36.260496443484485,-118.75278898418014,25.334632492065452,17.497938070440497,1.5275752529588005,0.528975,9.230002403259277,0
41.19224735330066,-123.49589368433122,20.267412439982138,40.29744136933082,1.800333723924392,0.6186333333333334,3.434040069580078,1
41.165297894777076,-123.41504530876047,20.225989913940452,38.564650416649435,1.6973697582180356,0.3632,4.075198173522949,1
41.165297894777076,-123.52284314285481,20.267412439982138,40.29744136933082,1.800333723924392,0.5513,8.264166831970215,1
41.19224735330066,-123.36114639171329,20.225989913940452,38.564650416649435,1.6973697582180356,0.5449,4.865067005157471,1
40.841904392494044,-119.61517165693489,22.264971033732138,19.636942288294303,10.19762789441098,0.187,1.6930509805679321,1
41.19224735330066,-123.38809585023688,20.225989913940452,38.564650416649435,1.6973697582180356,0.5157,7.083189964294434,1
34.64352893206935,-118.51024385746788,27.234697596232138,24.310692305358366,4.583692607293551,0.3349666666666667,1.4128919839859009,1
34.69742784911652,-118.42939548189712,27.259599939982138,20.512081976534187,6.082244334113573,0.38,2.8261539936065674,1
41.19224735330066,-123.46894422580763,20.267412439982138,40.29744136933082,1.800333723924392,0.6186333333333334,9.122337341308594,1
41.13834843625349,-123.44199476728406,19.215166346232138,38.441364839369555,1.6037480984890584,0.5513,11.071648597717285,1
34.67047839059293,-118.4563449404207,27.014889653523767,20.94900870197315,4.648743958007825,0.36210000000000003,4.2095441818237305,1
41.13834843625349,-123.46894422580763,19.744544601440452,40.679659491639505,1.694744620455981,0.5513,16.054729461669922,1
41.165297894777076,-123.36114639171329,20.225989913940452,38.564650416649435,1.6973697582180356,0.4328,4.6268463134765625,1
34.67047839059293,-118.42939548189712,27.259599939982138,20.512081976534187,6.082244334113573,0.36210000000000003,1.8941513299942017,1
34.67047839059293,-118.40244602337354,27.259599939982138,20.512081976534187,6.082244334113573,0.38,2.009685516357422,1
41.13834843625349,-123.41504530876047,19.215166346232138,38.441364839369555,1.6037480984890584,0.48807500000000004,8.119932174682617,1
34.61657947354576,-118.4832943989443,27.234697596232138,24.310692305358366,4.583692607293551,0.42345,1.9154516458511353,1
34.61657947354576,-118.53719331599146,27.234697596232138,24.310692305358366,4.583692607293551,0.3765,4.304983139038086,1
34.64352893206935,-118.4832943989443,27.234697596232138,24.310692305358366,4.583692607293551,0.3349666666666667,4.022315502166748,1
41.13834843625349,-123.36114639171329,19.215166346232138,38.441364839369555,1.6037480984890584,0.3632,5.039423942565918,1
41.165297894777076,-123.38809585023688,20.225989913940452,38.564650416649435,1.6973697582180356,0.4328,4.244089126586914,1
41.13834843625349,-123.33419693318972,19.878170903523767,38.04558092020435,1.5537380974700021,0.4328,1.6015206575393677,1
34.64352893206935,-118.53719331599146,27.234697596232138,24.310692305358366,4.583692607293551,0.2877,4.634639739990234,1
40.841904392494044,-119.56127273988771,22.264971033732138,19.636942288294303,10.19762789441098,0.17980000000000002,3.6398072242736816,1
34.69742784911652,-118.4563449404207,27.014889653523767,20.94900870197315,4.648743958007825,0.38,1.5875132083892822,1
41.19224735330066,-123.33419693318972,21.243405278523767,37.90179189419811,1.625405830884942,0.5449,8.222100257873535,1
41.165297894777076,-123.49589368433122,20.267412439982138,40.29744136933082,1.800333723924392,0.5513,15.10593318939209,1
34.69742784911652,-118.4832943989443,27.014889653523767,20.94900870197315,4.648743958007825,0.36210000000000003,2.405493974685669,1
41.13834843625349,-123.38809585023688,19.215166346232138,38.441364839369555,1.6037480984890584,0.3632,6.0291571617126465,1
40.81495493397046,-119.56127273988771,22.264971033732138,19.636942288294303,10.19762789441098,0.1817666666666667,3.762718677520752,1
38.57814987651285,-120.01941353478867,17.882405853271507,43.32854948806943,1.8989673052973068,0.4375,6.034519672393799,0
33.53860113260234,-115.89614638068007,39.08943710327151,24.242888616433714,4.415328788181863,0.07415000000000001,2.5319039821624756,0
32.541471167229666,-114.62952183007154,39.26334660847982,19.81142463679863,4.4737652062718345,0.317,0.03369886428117752,0
33.02656142065421,-115.59970233692063,39.70499699910482,15.74269996117725,5.309661161777013,0.4703,0.14035730063915253,0
34.805225683210864,-114.19833049369417,36.89518254597982,15.689707286801568,3.135460051460261,0.139,1.7933974266052246,0
41.865983816390305,-116.56988284376972,22.898763275146507,18.448192036937538,6.2736818808334895,0.19255,1.5481092929840088,0
35.37116431220616,-116.51598392672254,32.39729843139651,20.06940122642062,4.490679086070639,0.10020000000000001,2.005422592163086,0
40.976651685111975,-118.91448573532166,26.575439707438193,14.650690930582225,6.158023873462046,0.09165000000000001,0.7298752665519714,0
37.958312330470385,-115.16851100054326,26.66446965535482,10.343274204189399,3.4193785788599977,0.1466,3.288766860961914,0
36.422193194626004,-114.49477453745362,35.61539738972982,18.738345296218494,1.8161661184999331,0.14265,2.0392873287200928,0
35.82930510710712,-114.3330777863121,32.61645533243819,16.976378384252737,3.311979874350656,0.1759,3.9987754821777344,0
38.20085745718265,-119.10313194498676,20.423340098063193,31.614892473318896,3.602715253778549,0.25520000000000004,3.720139503479004,0
40.94970222658839,-117.62091172618955,24.45353215535482,13.76331652420639,4.893527834252771,0.2164,6.7907304763793945,0
40.7341065583997,-114.27917886926494,24.82364934285482,8.115096257439284,5.952598077692661,0.27926666666666666,0.8840309381484985,0
41.4886913970601,-120.26195866150094,22.058919525146507,22.730613160324857,3.9265172178678833,0.4086,1.2870073318481445,0
40.06037009531006,-116.83937742900557,24.888753509521507,13.578435269446206,6.352838712549937,0.2748,5.301489353179932,0
34.185388137168395,-119.10313194498676,25.439941660563193,58.21673772581628,2.8438801761077035,0.44260000000000005,0.0937449261546135,0
37.095929657715644,-120.85484674901983,32.69091822306319,27.85369864142342,4.220814926029482,0.3513,0.07470320165157318,0
39.17103796403174,-122.63351101157649,28.443115488688193,23.408923905368678,0.7140264186654292,0.5132,3.4987528324127197,0
38.79374554470154,-116.0039442147744,25.026611582438193,10.17075948208548,4.123846124635224,0.116425,1.4127941131591797,0
39.27883579812608,-120.96264458311417,27.599935150146507,25.9393148066382,1.3235635103573222,0.7367,2.837270736694336,0
40.114269012357234,-114.8990164153074,23.042562103271507,9.42872420512665,6.544362662248026,0.3191,11.536865234375,0
38.38950366684775,-116.38123663410461,25.264404551188193,11.093589904388994,1.456353035339185,0.1579,6.808165073394775,0
35.74845673153636,-117.62091172618955,32.07413762410482,20.01847736394981,4.744215060639412,0.06925,0.045992184430360794,0
41.27309572887142,-123.09165180647744,24.21012395222982,30.592464577399742,0.5994032928518033,0.7632800000000001,9.592281341552734,0
32.75706683541835,-115.76139908806215,38.75504582722982,15.444177051486383,3.6588825840055565,0.3044,0.27739521861076355,0
40.222066846451575,-123.36114639171329,25.596191660563193,33.45101710832182,0.3711879762430512,0.5625,3.798673629760742,0
36.6108394042911,-119.69602003250564,34.04801457722982,21.384871575339385,3.968062451943887,0.38230000000000003,0.07781766355037689,0
34.34708488830991,-114.84511749826024,36.47460962931319,15.04338790750521,6.149840103030558,0.124,3.3811259269714355,0
36.260496443484485,-118.75278898418014,25.811523691813193,28.472234498116855,1.2289749590802577,0.528975,9.230002403259277,0
41.165297894777076,-123.41504530876047,23.786133066813193,29.924432427215216,0.33830429148287655,0.3632,4.075198173522949,1
40.81495493397046,-119.64212111545848,23.921224212646507,17.309246863677572,6.21983189794149,0.23165000000000002,2.198521137237549,1
40.86885385101763,-119.53432328136414,23.751953379313193,16.846640200220993,5.9420318543791755,0.17175,5.800337314605713,1
41.165297894777076,-123.52284314285481,24.020589447021507,30.69825515027534,0.38594915819061626,0.5513,8.264166831970215,1
41.19224735330066,-123.36114639171329,23.786133066813193,29.924432427215216,0.33830429148287655,0.5449,4.865067005157471,1
40.86885385101763,-119.50737382284055,23.751953379313193,16.846640200220993,5.9420318543791755,0.17175,9.51707649230957,1
41.19224735330066,-123.38809585023688,23.786133066813193,29.924432427215216,0.33830429148287655,0.5157,7.083189964294434,1
40.86885385101763,-119.48042436431696,23.751953379313193,16.846640200220993,5.9420318543791755,0.19940000000000002,0.7488948702812195,1
34.64352893206935,-118.51024385746788,29.571045176188193,25.71035089819984,3.4109028035625153,0.3349666666666667,1.4128919839859009,1
34.158438678644806,-117.86345685290182,30.659424082438193,29.81040999356926,2.248618337624077,0.45785000000000003,5.055592060089111,1
34.69742784911652,-118.42939548189712,29.407552337646507,24.576206135864442,4.411059817625849,0.38,2.8261539936065674,1
41.13834843625349,-123.44199476728406,22.358642832438193,29.577612278262922,0.48767090800991075,0.5513,11.071648597717285,1
34.67047839059293,-118.4563449404207,29.124837493896507,24.86197933518274,3.7145918111722245,0.36210000000000003,4.2095441818237305,1
34.158438678644806,-117.83650739437823,29.856445566813193,29.30845224832716,2.3993092890484196,0.45785000000000003,4.985839366912842,1
41.27309572887142,-123.90013556218501,21.949544525146507,46.452284286466735,1.621137952711752,0.8119500000000001,4.704448699951172,1
32.89181412803628,-115.30325829316119,40.11783879597982,15.324378813783257,6.494288425063306,0.21407500000000002,0.24163633584976196,1
34.724377307640104,-118.42939548189712,29.407552337646507,24.576206135864442,4.411059817625849,0.273,1.211687445640564,1
41.13834843625349,-123.46894422580763,23.21744817097982,31.64392858578739,0.4099118968570623,0.5513,16.054729461669922,1
34.67047839059293,-118.42939548189712,29.407552337646507,24.576206135864442,4.411059817625849,0.36210000000000003,1.8941513299942017,1
34.67047839059293,-118.40244602337354,29.407552337646507,24.576206135864442,4.411059817625849,0.38,2.009685516357422,1
41.27309572887142,-123.84623664513784,23.176025644938193,41.393289461408294,1.2051755975723797,0.8106500000000001,4.016897678375244,1
41.13834843625349,-123.41504530876047,22.358642832438193,29.577612278262922,0.48767090800991075,0.48807500000000004,8.119932174682617,1
34.61657947354576,-118.4832943989443,29.571045176188193,25.71035089819984,3.4109028035625153,0.42345,1.9154516458511353,1
40.922752768064804,-119.56127273988771,23.176513926188193,17.671681023125227,5.948238619825768,0.18345,3.6168055534362793,1
34.158438678644806,-117.89040631142541,30.659424082438193,29.81040999356926,2.248618337624077,0.4016,7.048518657684326,1
34.724377307640104,-118.53719331599146,29.124837493896507,24.86197933518274,3.7145918111722245,0.3413,3.825758457183838,1
34.61657947354576,-118.53719331599146,29.571045176188193,25.71035089819984,3.4109028035625153,0.3765,4.304983139038086,1
34.64352893206935,-118.4832943989443,29.571045176188193,25.71035089819984,3.4109028035625153,0.3349666666666667,4.022315502166748,1
34.724377307640104,-118.4832943989443,29.124837493896507,24.86197933518274,3.7145918111722245,0.32130000000000003,3.751701831817627,1
40.922752768064804,-119.48042436431696,23.751953379313193,16.846640200220993,5.9420318543791755,0.2139,6.6059746742248535,1
38.57814987651285,-120.01941353478867,19.236458079020224,40.813720115206394,2.763748112916294,0.4375,6.034519672393799,0
33.53860113260234,-115.89614638068007,39.26119766235354,26.098490087787397,3.3766882312647923,0.07415000000000001,2.5319039821624756,0
32.541471167229666,-114.62952183007154,36.638069407145224,38.76627173539639,15.477869119000966,0.317,0.03369886428117752,0
33.02656142065421,-115.59970233692063,39.431770579020224,20.56162978341477,1.8684867766953364,0.4703,0.14035730063915253,0
34.805225683210864,-114.19833049369417,38.40361302693685,13.273203388545593,3.054760082261228,0.139,1.7933974266052246,0
41.865983816390305,-116.56988284376972,24.597948964436853,16.33387271921881,4.825432615916747,0.19255,1.5481092929840088,0
35.37116431220616,-116.51598392672254,35.14083633422854,16.05456330881056,4.566272910149241,0.10020000000000001,2.005422592163086,0
40.976651685111975,-118.91448573532166,28.667040761311853,21.03746397724117,4.2615720570891975,0.09165000000000001,0.7298752665519714,0
37.958312330470385,-115.16851100054326,28.076057688395224,8.581026622315214,2.0307884079086613,0.1466,3.288766860961914,0
36.422193194626004,-114.49477453745362,36.73442357381185,16.357143929663824,2.311266955954288,0.14265,2.0392873287200928,0
35.82930510710712,-114.3330777863121,33.522590891520224,14.882779040542307,3.616328426767266,0.1759,3.9987754821777344,0
38.20085745718265,-119.10313194498676,21.12179336547854,32.166003259689624,3.148317190510791,0.25520000000000004,3.720139503479004,0
40.94970222658839,-117.62091172618955,26.33273086547854,18.82184173276876,2.4697665424120085,0.2164,6.7907304763793945,0
40.7341065583997,-114.27917886926494,25.999072011311853,15.53430454161237,3.1930844210378857,0.27926666666666666,0.8840309381484985,0
41.4886913970601,-120.26195866150094,24.078905995686853,30.11127612144684,4.8913126434037695,0.4086,1.2870073318481445,0
40.06037009531006,-116.83937742900557,26.235481516520224,18.289640232736453,1.5183803607754067,0.2748,5.301489353179932,0
34.185388137168395,-119.10313194498676,26.819221750895224,57.53396992439153,5.008037885721987,0.44260000000000005,0.0937449261546135,0
37.095929657715644,-120.85484674901983,33.83199844360354,29.772387227598387,4.192876683732874,0.3513,0.07470320165157318,0
39.17103796403174,-122.63351101157649,30.80929336547854,23.779744328660474,1.409646259940097,0.5132,3.4987528324127197,0
38.79374554470154,-116.0039442147744,26.135790761311853,12.373657482675698,2.2351611606469026,0.116425,1.4127941131591797,0
39.27883579812608,-120.96264458311417,29.675585683186853,26.329230198893622,1.6509577314433679,0.7367,2.837270736694336,0
40.114269012357234,-114.8990164153074,24.59811172485354,16.965694209731964,4.255633186090184,0.3191,11.536865234375,0
38.38950366684775,-116.38123663410461,26.636116282145224,11.879412213436838,1.4343317297976181,0.1579,6.808165073394775,0
35.74845673153636,-117.62091172618955,34.16915664672854,18.242173872398862,4.7717006003920925,0.06925,0.045992184430360794,0
41.27309572887142,-123.09165180647744,26.53707656860354,29.73724816457982,2.194544226054485,0.7632800000000001,9.592281341552734,0
32.75706683541835,-115.76139908806215,38.907112375895224,17.995517448744323,1.881020231189805,0.3044,0.27739521861076355,0
40.222066846451575,-123.36114639171329,27.466682688395224,32.68842367235564,1.2341987059012534,0.5625,3.798673629760742,0
36.6108394042911,-119.69602003250564,36.36276016235354,19.610824118643343,3.2546616010939076,0.38230000000000003,0.07781766355037689,0
34.34708488830991,-114.84511749826024,37.39921849568685,12.512829711333524,4.701723540326014,0.124,3.3811259269714355,0
36.260496443484485,-118.75278898418014,27.711799875895224,27.18228537384892,1.8660178733906452,0.528975,9.230002403259277,0
41.19224735330066,-123.49589368433122,26.290413157145224,30.2769491294665,0.9279132352687851,0.6186333333333334,3.434040069580078,1
41.165297894777076,-123.41504530876047,25.925667063395224,29.661049909608394,1.1684753792784985,0.3632,4.075198173522949,1
41.165297894777076,-123.52284314285481,26.290413157145224,30.2769491294665,0.9279132352687851,0.5513,8.264166831970215,1
41.19224735330066,-123.36114639171329,25.925667063395224,29.661049909608394,1.1684753792784985,0.5449,4.865067005157471,1
41.19224735330066,-123.38809585023688,25.925667063395224,29.661049909608394,1.1684753792784985,0.5157,7.083189964294434,1
41.111398977729905,-123.41504530876047,24.442187245686853,29.112195509097145,1.3071509564078347,0.4757,2.9232325553894043,1
34.64352893206935,-118.51024385746788,31.29000625610354,28.112920281287707,1.692864392366603,0.3349666666666667,1.4128919839859009,1
41.19224735330066,-123.46894422580763,26.290413157145224,30.2769491294665,0.9279132352687851,0.6186333333333334,9.122337341308594,1
41.13834843625349,-123.44199476728406,24.442187245686853,29.112195509097145,1.3071509564078347,0.5513,11.071648597717285,1
34.67047839059293,-118.4563449404207,30.82809219360354,26.640480396543754,1.510057748136113,0.36210000000000003,4.2095441818237305,1
41.13834843625349,-123.46894422580763,25.56393203735354,30.606701436139016,1.0845416891462112,0.5513,16.054729461669922,1
41.165297894777076,-123.36114639171329,25.925667063395224,29.661049909608394,1.1684753792784985,0.4328,4.6268463134765625,1
34.67047839059293,-118.42939548189712,30.954475657145224,27.702949065073394,1.7038162840011781,0.36210000000000003,1.8941513299942017,1
39.65612821745628,-120.10026191035944,23.20284805297854,34.535556123386705,4.533006662765519,0.31770000000000004,3.118237018585205,1
41.13834843625349,-123.41504530876047,24.442187245686853,29.112195509097145,1.3071509564078347,0.48807500000000004,8.119932174682617,1
34.61657947354576,-118.4832943989443,31.29000625610354,28.112920281287707,1.692864392366603,0.42345,1.9154516458511353,1
39.68307767597987,-120.10026191035944,23.20284805297854,34.535556123386705,4.533006662765519,0.26280000000000003,2.361511468887329,1
34.61657947354576,-118.53719331599146,31.29000625610354,28.112920281287707,1.692864392366603,0.3765,4.304983139038086,1
34.64352893206935,-118.4832943989443,31.29000625610354,28.112920281287707,1.692864392366603,0.3349666666666667,4.022315502166748,1
39.65612821745628,-120.12721136888302,23.20284805297854,34.535556123386705,4.533006662765519,0.41083333333333333,4.7636566162109375,1
39.68307767597987,-120.07331245183585,23.20284805297854,34.535556123386705,4.533006662765519,0.26280000000000003,4.095498561859131,1
39.65612821745628,-120.07331245183585,23.20284805297854,34.535556123386705,4.533006662765519,0.31770000000000004,2.0720925331115723,1
41.13834843625349,-123.36114639171329,24.442187245686853,29.112195509097145,1.3071509564078347,0.3632,5.039423942565918,1
41.165297894777076,-123.38809585023688,25.925667063395224,29.661049909608394,1.1684753792784985,0.4328,4.244089126586914,1
41.13834843625349,-123.33419693318972,25.346728261311853,29.96932140956041,1.5950670541955236,0.4328,1.6015206575393677,1
34.67047839059293,-118.4832943989443,30.82809219360354,26.640480396543754,1.510057748136113,0.3195,4.130420684814453,1
34.69742784911652,-118.51024385746788,30.82809219360354,26.640480396543754,1.510057748136113,0.3195,3.3290979862213135,1
34.64352893206935,-118.53719331599146,31.29000625610354,28.112920281287707,1.692864392366603,0.2877,4.634639739990234,1
41.19224735330066,-123.33419693318972,27.172249094645224,29.74280904791756,1.4793311258348039,0.5449,8.222100257873535,1
41.165297894777076,-123.49589368433122,26.290413157145224,30.2769491294665,0.9279132352687851,0.5513,15.10593318939209,1
38.57814987651285,-120.01941353478867,20.187906519571982,41.42472482576759,2.177000726436183,0.4375,6.034519672393799,0
33.53860113260234,-115.89614638068007,39.17000287373861,26.538363998107073,2.3215851910814065,0.07415000000000001,2.5319039821624756,0
32.541471167229666,-114.62952183007154,37.27359987894698,34.24219528207736,11.946335743960018,0.317,0.03369886428117752,0
33.02656142065421,-115.59970233692063,39.36588503519698,24.770226342524502,3.2827611749928174,0.4703,0.14035730063915253,0
34.805225683210864,-114.19833049369417,38.064452743530296,16.188309384447194,3.9405491907202386,0.139,1.7933974266052246,0
41.865983816390305,-116.56988284376972,28.044595972696982,16.32115126608022,2.507249176493674,0.19255,1.5481092929840088,0
35.37116431220616,-116.51598392672254,35.25553347269698,15.39209918870922,5.627740718965143,0.10020000000000001,2.005422592163086,0
40.976651685111975,-118.91448573532166,30.844237899780296,18.02431660846307,4.803508165933927,0.09165000000000001,0.7298752665519714,0
37.958312330470385,-115.16851100054326,29.632974878946982,10.017345460222542,4.8864039172475495,0.1466,3.288766860961914,0
36.422193194626004,-114.49477453745362,37.329345321655296,13.173492854792142,1.6666264871901055,0.14265,2.0392873287200928,0
35.82930510710712,-114.3330777863121,34.82218386332198,10.467725051195906,1.7340427078044933,0.1759,3.9987754821777344,0
38.20085745718265,-119.10313194498676,22.424967066446982,30.745456102506914,5.0974670449960895,0.25520000000000004,3.720139503479004,0
40.94970222658839,-117.62091172618955,28.797607040405296,15.69745693485847,1.2940388330934616,0.2164,6.7907304763793945,0
40.7341065583997,-114.27917886926494,27.290771102905296,15.366987595754253,5.1148980778269,0.27926666666666666,0.8840309381484985,0
41.4886913970601,-120.26195866150094,24.14876263936361,28.962452805810873,4.807832537124321,0.4086,1.2870073318481445,0
40.06037009531006,-116.83937742900557,28.90999310811361,14.333826480255658,0.2561118127536145,0.2748,5.301489353179932,0
34.185388137168395,-119.10313194498676,26.79182904561361,61.88570868301142,5.227598651652274,0.44260000000000005,0.0937449261546135,0
37.095929657715644,-120.85484674901983,34.76448529561361,32.08879062216141,5.223352804696276,0.3513,0.07470320165157318,0
39.17103796403174,-122.63351101157649,29.915526962280296,26.851930697323894,2.6478448082748915,0.5132,3.4987528324127197,0
38.79374554470154,-116.0039442147744,27.92659467061361,11.003543614808292,3.127022950911783,0.116425,1.4127941131591797,0
39.27883579812608,-120.96264458311417,30.267089462280296,26.241645534066883,1.1545654903967102,0.7367,2.837270736694336,0
40.114269012357234,-114.8990164153074,25.598632431030296,15.240878448947337,3.570127165089428,0.3191,11.536865234375,0
38.38950366684775,-116.38123663410461,28.528808212280296,11.164658158150242,2.554872189273087,0.1579,6.808165073394775,0
35.74845673153636,-117.62091172618955,34.620116806030296,17.783517950015238,5.232401209196566,0.06925,0.045992184430360794,0
41.27309572887142,-123.09165180647744,24.652099227905296,39.32386077888645,2.995916383178513,0.7632800000000001,9.592281341552734,0
32.75706683541835,-115.76139908806215,38.57779909769698,22.09196241317372,2.293289548836381,0.3044,0.27739521861076355,0
40.222066846451575,-123.36114639171329,26.580566024780296,36.29533957507524,2.3529737118294456,0.5625,3.798673629760742,0
36.6108394042911,-119.69602003250564,36.97233034769698,19.212431987696966,3.9242959664866133,0.38230000000000003,0.07781766355037689,0
34.34708488830991,-114.84511749826024,37.22639935811361,16.631473607118586,5.327329930310235,0.124,3.3811259269714355,0
36.260496443484485,-118.75278898418014,28.054117457071982,29.434501259994583,3.6930725445165455,0.528975,9.230002403259277,0
39.71002713450345,-120.10026191035944,24.035644149780296,31.40825587180338,5.0123352745392395,0.2384,4.260597229003906,1
37.823565037852454,-121.74417888029815,30.293700790405296,35.94883788282441,5.578963100881198,0.25205,4.123873233795166,1
39.71002713450345,-120.12721136888302,24.035644149780296,31.40825587180338,5.0123352745392395,0.24710000000000001,6.577232360839844,1
35.26336647811182,-115.57275287839704,33.54207318623861,15.176242707048896,3.520332116003663,0.1378,2.674232244491577,1
41.19224735330066,-123.38809585023688,24.506510035196982,37.45270107960644,1.9771969270328,0.5157,7.083189964294434,1
34.64352893206935,-118.51024385746788,31.286051050821982,33.67764700482802,3.5931946507047425,0.3349666666666667,1.4128919839859009,1
37.823565037852454,-121.77112833882174,29.27010052998861,37.28251382754482,5.6230408282086835,0.31770000000000004,8.766257286071777,1
39.71002713450345,-120.1541608274066,24.678710556030296,33.36020564752471,5.174839908548567,0.24710000000000001,1.8100085258483887,1
35.26336647811182,-115.54580341987345,34.090575790405296,15.409928781564087,3.168229627487594,0.1378,2.813173294067383,1
35.23641701958823,-115.59970233692063,34.25667279561361,15.66641132168094,3.3218706732106553,0.1385,2.5321738719940186,1
35.2903159366354,-115.59970233692063,33.54207318623861,15.176242707048896,3.520332116003663,0.15912500000000002,3.1239912509918213,1
41.165297894777076,-123.36114639171329,24.506510035196982,37.45270107960644,1.9771969270328,0.4328,4.6268463134765625,1
39.65612821745628,-120.10026191035944,24.035644149780296,31.40825587180338,5.0123352745392395,0.31770000000000004,3.118237018585205,1
35.26336647811182,-115.62665179544422,33.54207318623861,15.176242707048896,3.520332116003663,0.1385,2.3482115268707275,1
41.13834843625349,-123.41504530876047,23.272867457071982,36.698455886657506,2.1342816476756794,0.48807500000000004,8.119932174682617,1
35.26336647811182,-115.6536012539678,33.334228134155296,15.271564642598321,3.821944408971635,0.1385,2.554476261138916,1
39.68307767597987,-120.10026191035944,24.035644149780296,31.40825587180338,5.0123352745392395,0.26280000000000003,2.361511468887329,1
34.64352893206935,-118.4832943989443,31.286051050821982,33.67764700482802,3.5931946507047425,0.3349666666666667,4.022315502166748,1
34.185388137168395,-117.86345685290182,32.083007431030296,35.535388518310015,2.949115908033272,0.60195,3.4587953090667725,1
35.26336647811182,-115.59970233692063,33.54207318623861,15.176242707048896,3.520332116003663,0.14250000000000002,2.409702777862549,1
39.65612821745628,-120.12721136888302,24.035644149780296,31.40825587180338,5.0123352745392395,0.41083333333333333,4.7636566162109375,1
39.68307767597987,-120.07331245183585,24.035644149780296,31.40825587180338,5.0123352745392395,0.26280000000000003,4.095498561859131,1
39.65612821745628,-120.07331245183585,24.035644149780296,31.40825587180338,5.0123352745392395,0.31770000000000004,2.0720925331115723,1
35.23641701958823,-115.57275287839704,34.25667279561361,15.66641132168094,3.3218706732106553,0.14250000000000002,2.782130002975464,1
34.185388137168395,-117.83650739437823,31.380126571655296,36.238355879211724,3.057915826751637,0.60195,6.103332042694092,1
35.23641701958823,-115.54580341987345,33.83365847269698,16.102051394952,3.1723140849599325,0.14250000000000002,2.8503994941711426,1
39.65612821745628,-120.04636299331226,24.38997357686361,30.675202093770178,4.823104740181457,0.2797,3.9560656547546387,1
37.44627261852226,-121.69027996325099,30.242431259155296,33.36432902475297,4.218455132488805,0.44825000000000004,4.173350811004639,1
41.165297894777076,-123.38809585023688,24.506510035196982,37.45270107960644,1.9771969270328,0.4328,4.244089126586914,1
35.23641701958823,-115.51885396134988,33.83365847269698,16.102051394952,3.1723140849599325,0.1378,2.030623197555542,1
38.57814987651285,-120.01941353478867,20.204089101155603,44.510675693342264,1.6200455484989005,0.4375,6.034519672393799,0
33.53860113260234,-115.89614638068007,39.038154856363974,29.143218228794616,3.898147574997847,0.07415000000000001,2.5319039821624756,0
32.541471167229666,-114.62952183007154,38.80459365844729,26.633930815931222,9.162453497387975,0.317,0.03369886428117752,0
33.02656142065421,-115.59970233692063,39.7814816792806,22.850917097869345,3.940399132171314,0.4703,0.14035730063915253,0
34.805225683210864,-114.19833049369417,38.1879758199056,20.13293108692649,6.323773680164937,0.139,1.7933974266052246,0
41.865983816390305,-116.56988284376972,28.763008371988974,20.634778252063406,6.223956253527352,0.19255,1.5481092929840088,0
35.37116431220616,-116.51598392672254,35.774482981363974,15.10173763612136,4.088139961252692,0.10020000000000001,2.005422592163086,0
40.976651685111975,-118.91448573532166,29.74697647094729,21.939193056713062,2.8908294112669006,0.09165000000000001,0.7298752665519714,0
37.958312330470385,-115.16851100054326,30.476061757405603,11.393141654944426,3.6735621256835445,0.1466,3.288766860961914,0
36.422193194626004,-114.49477453745362,38.443916575113974,16.488439797713614,2.267419123479383,0.14265,2.0392873287200928,0
35.82930510710712,-114.3330777863121,34.96572647094729,16.41375754425328,7.818710322547453,0.1759,3.9987754821777344,0
38.20085745718265,-119.10313194498676,21.367907460530603,37.555235261149846,3.9019624291631985,0.25520000000000004,3.720139503479004,0
40.94970222658839,-117.62091172618955,28.52334365844729,19.43091980691922,4.020134733238618,0.2164,6.7907304763793945,0
40.7341065583997,-114.27917886926494,27.686266835530603,15.965352503369981,3.6505939598888397,0.27926666666666666,0.8840309381484985,0
41.4886913970601,-120.26195866150094,22.07461318969729,42.43432668151135,2.953040497149994,0.4086,1.2870073318481445,0
40.06037009531006,-116.83937742900557,29.23867568969729,17.128868582098974,4.467100427783285,0.2748,5.301489353179932,0
34.185388137168395,-119.10313194498676,24.95181045532229,71.32824016116469,4.21616372372329,0.44260000000000005,0.0937449261546135,0
37.095929657715644,-120.85484674901983,35.085273996988974,30.42431108037251,7.993622747245942,0.3513,0.07470320165157318,0
39.17103796403174,-122.63351101157649,29.841051991780603,33.53786936073103,3.0529042054637667,0.5132,3.4987528324127197,0
38.79374554470154,-116.0039442147744,28.057441965738974,14.541618663891361,3.9561661578384153,0.116425,1.4127941131591797,0
39.27883579812608,-120.96264458311417,30.10732803344729,29.9589322572816,4.065302140023643,0.7367,2.837270736694336,0
40.114269012357234,-114.8990164153074,26.645820871988974,14.986300458103077,3.8469584195286712,0.3191,11.536865234375,0
38.38950366684775,-116.38123663410461,28.084948476155603,15.748773696371677,2.594467560418186,0.1579,6.808165073394775,0
35.74845673153636,-117.62091172618955,35.61782608032229,16.633851255178932,3.519167230750476,0.06925,0.045992184430360794,0
41.27309572887142,-123.09165180647744,24.708727773030603,41.20451758713991,3.2289413019957323,0.7632800000000001,9.592281341552734,0
32.75706683541835,-115.76139908806215,38.51943740844729,22.640026286821403,4.252518775573921,0.3044,0.27739521861076355,0
40.222066846451575,-123.36114639171329,26.80630264282229,41.82707067286691,1.4193217803450975,0.5625,3.798673629760742,0
36.6108394042911,-119.69602003250564,37.26675186157229,23.197800215212048,9.534269463882028,0.38230000000000003,0.07781766355037689,0
34.34708488830991,-114.84511749826024,37.68081436157229,17.995693900856047,8.362754891401645,0.124,3.3811259269714355,0
36.260496443484485,-118.75278898418014,28.37392959594729,33.78337623253396,2.2353684049076215,0.528975,9.230002403259277,0
34.67047839059293,-118.51024385746788,30.082344309488974,35.10761814259818,3.4875067320786832,0.3765,4.577845573425293,1
39.629178758932696,-120.04636299331226,22.682848866780603,43.515648942034765,1.2261378566541763,0.353125,5.217015743255615,1
36.50304157019676,-121.55553267063306,26.75088272094729,48.83823899226715,4.6024528388780945,0.42035,11.314011573791504,1
39.71002713450345,-120.10026191035944,22.965400950113974,41.994759964037314,1.1323914584325332,0.2384,4.260597229003906,1
42.08157948457899,-120.20805974445378,21.935778554280603,40.353116295162636,6.270795612167397,0.5637,3.138813018798828,1
36.529991028720346,-121.63638104620381,26.75088272094729,48.83823899226715,4.6024528388780945,0.42460000000000003,8.690688133239746,1
37.52712099409301,-120.58535216378398,35.4743527730306,27.650420160616918,13.235866191265766,0.5588000000000001,0.1700804978609085,1
39.73697659302704,-122.57961209452931,31.53701553344729,31.828292067931617,2.666992918458772,0.3271,9.651778221130371,1
39.71002713450345,-120.12721136888302,22.965400950113974,41.994759964037314,1.1323914584325332,0.24710000000000001,6.577232360839844,1
40.249016304975164,-120.69314999787832,22.822009023030603,42.54431580263197,0.5170503606454431,0.4464,3.1198461055755615,1
35.26336647811182,-115.57275287839704,33.69375381469729,16.171867992084167,6.047181151552134,0.1378,2.674232244491577,1
34.64352893206935,-118.51024385746788,30.07607803344729,39.36323755860218,4.3020412044658976,0.3349666666666667,1.4128919839859009,1
37.50017153556943,-120.5314532467368,35.519844309488974,27.332601107014025,12.363914015813599,0.5588000000000001,0.3520956337451935,1
39.71002713450345,-120.1541608274066,23.725573476155603,42.75957727822571,1.645996120059335,0.24710000000000001,1.8100085258483887,1
37.41932315999867,-121.33993700244437,34.0825070699056,26.84942176250713,8.691868751213825,0.3019,3.103419780731201,1
35.26336647811182,-115.54580341987345,34.2565793355306,16.152460725347165,5.965725335480917,0.1378,2.813173294067383,1
39.548330383361936,-121.44773483653871,32.220039621988974,30.830789910145466,5.347270348024589,0.2421,1.1009334325790405,1
39.65612821745628,-120.10026191035944,22.965400950113974,41.994759964037314,1.1323914584325332,0.31770000000000004,3.118237018585205,1
39.494431466314765,-122.28316805076987,33.8127316792806,29.554595419537428,6.139330383051605,0.3916,0.6612334251403809,1
39.494431466314765,-122.17537021667553,33.86977920532229,28.724955303904267,6.8385909159546445,0.23223333333333335,0.06093418970704079,1
35.23641701958823,-115.4649550443027,34.30239639282229,16.194931219713936,5.752602658619239,0.13563333333333333,2.032274007797241,1
39.68307767597987,-120.10026191035944,22.965400950113974,41.994759964037314,1.1323914584325332,0.26280000000000003,2.361511468887329,1
35.34421485368257,-115.49190450282629,34.2565793355306,16.152460725347165,5.965725335480917,0.1681,7.190641403198242,1
37.47322207704584,-121.77112833882174,29.177721913655603,39.86441561037666,6.222918504765222,0.4027,7.61417293548584,1
36.55694048724393,-121.58248212915665,26.654528554280603,52.700491527547925,3.6656937574792376,0.4248666666666667,7.860842704772949,1
34.64352893206935,-118.59109223303864,30.349108632405603,38.70961989640108,3.2279511266957797,0.2745666666666667,1.6566251516342163,1
39.73697659302704,-122.66046047010006,28.850898996988974,31.751068768247727,1.6310804489727297,0.33016666666666666,5.615078449249268,1
34.64352893206935,-118.4832943989443,30.07607803344729,39.36323755860218,4.3020412044658976,0.3349666666666667,4.022315502166748,1
39.494431466314765,-122.25621859224628,33.8127316792806,29.554595419537428,6.139330383051605,0.3916,0.17148174345493317,1
39.76392605155062,-122.68740992862365,29.09487686157229,32.04079011353083,1.4661757480760904,0.33016666666666666,7.7360968589782715,1
38.57814987651285,-120.01941353478867,20.616647974650107,42.86689914827348,1.6791789999580455,0.4375,6.034519672393799,0
33.53860113260234,-115.89614638068007,38.89496828715011,28.963819192662633,0.9718515562072877,0.07415000000000001,2.5319039821624756,0
32.541471167229666,-114.62952183007154,37.83157310485842,30.55434285313775,10.516522023199098,0.317,0.03369886428117752,0
33.02656142065421,-115.59970233692063,39.49189211527511,22.230034862608882,3.204603668994383,0.4703,0.14035730063915253,0
34.805225683210864,-114.19833049369417,38.776966985066736,17.96254325470034,7.458464284882796,0.139,1.7933974266052246,0
41.865983816390305,-116.56988284376972,28.61721763610842,21.179761597630897,6.549140737733523,0.19255,1.5481092929840088,0
35.37116431220616,-116.51598392672254,35.61819419860842,17.86330857045633,6.408099789341905,0.10020000000000001,2.005422592163086,0
40.976651685111975,-118.91448573532166,28.75344810485842,25.824262668281616,4.378667505931619,0.09165000000000001,0.7298752665519714,0
37.958312330470385,-115.16851100054326,30.092233912150107,11.271293203428367,1.209789731190114,0.1466,3.288766860961914,0
36.422193194626004,-114.49477453745362,38.454457219441736,16.362750312053418,3.1995592495848872,0.14265,2.0392873287200928,0
35.82930510710712,-114.3330777863121,35.567250188191736,15.529482651178977,9.337463884449628,0.1759,3.9987754821777344,0
38.20085745718265,-119.10313194498676,22.17996177673342,33.92239355252967,4.461796576125211,0.25520000000000004,3.720139503479004,0
40.94970222658839,-117.62091172618955,28.465687688191736,20.566231843533682,4.004168403200307,0.2164,6.7907304763793945,0
40.7341065583997,-114.27917886926494,28.25515708923342,16.608690793235045,2.434004946596972,0.27926666666666666,0.8840309381484985,0
41.4886913970601,-120.26195866150094,22.678578313191736,40.55561095768708,2.822288556150367,0.4086,1.2870073318481445,0
40.06037009531006,-116.83937742900557,29.23147544860842,17.08629873420739,3.523791974748335,0.2748,5.301489353179932,0
34.185388137168395,-119.10313194498676,26.360707219441736,66.82115694972921,3.2540152146038417,0.44260000000000005,0.0937449261546135,0
37.095929657715644,-120.85484674901983,33.76166750590011,33.7268753468716,7.81030732916114,0.3513,0.07470320165157318,0
39.17103796403174,-122.63351101157649,30.22659263610842,33.05228707196661,4.098087341010708,0.5132,3.4987528324127197,0
38.79374554470154,-116.0039442147744,28.60842857360842,14.766629934082347,7.2579859643396665,0.116425,1.4127941131591797,0
39.27883579812608,-120.96264458311417,30.442087427775107,28.916546510101316,2.111048572559439,0.7367,2.837270736694336,0
40.114269012357234,-114.8990164153074,27.071400578816736,16.078417890277848,4.709941344087074,0.3191,11.536865234375,0
38.38950366684775,-116.38123663410461,28.659779485066736,15.503977001306893,3.616654001249341,0.1579,6.808165073394775,0
35.74845673153636,-117.62091172618955,35.477894719441736,17.157780144959688,3.6451569083095845,0.06925,0.045992184430360794,0
41.27309572887142,-123.09165180647744,25.055124537150107,41.62017662424778,2.150291843435735,0.7632800000000001,9.592281341552734,0
32.75706683541835,-115.76139908806215,38.51581789652511,22.715899100952626,3.3507202354669037,0.3044,0.27739521861076355,0
40.222066846451575,-123.36114639171329,26.70217857360842,41.91243763813932,3.0393372457322663,0.5625,3.798673629760742,0
36.6108394042911,-119.69602003250564,36.65009524027511,26.356823768517668,10.07961180796202,0.38230000000000003,0.07781766355037689,0
34.34708488830991,-114.84511749826024,37.884144719441736,16.26121001923324,7.5239908988851205,0.124,3.3811259269714355,0
36.260496443484485,-118.75278898418014,27.50418052673342,39.8007051060316,2.0835850303153114,0.528975,9.230002403259277,0
34.67047839059293,-118.51024385746788,30.292836125691736,33.953699583687666,4.168206691273294,0.3765,4.577845573425293,1
37.41932315999867,-121.63638104620381,28.41897544860842,37.431951259867255,7.2272945334835335,0.39430000000000004,2.06534743309021,1
37.44627261852226,-121.50163375358589,29.653431828816736,34.26649095742574,7.603143716958143,0.4005,1.5935529470443726,1
37.203727491809985,-122.2023196751991,20.82888755798342,62.711784622600916,10.785652099274165,0.7341000000000001,1.7275490760803223,1
37.338474784427916,-121.23213916835003,33.57074953715011,29.752898933311446,7.416527721652996,0.33395,1.979793667793274,1
36.50304157019676,-121.50163375358589,26.93753013610842,47.56357971367904,5.819535822725986,0.3909,1.634278655052185,1
38.52425095946568,-122.31011750929345,32.01394615173342,33.78090514846986,5.9615850875489835,0.4409,1.9531446695327759,1
34.45488272240425,-118.72583952565657,32.213490422566736,38.39223863849782,1.5947629016038185,0.33380000000000004,2.526881217956543,1
37.52712099409301,-121.44773483653871,31.706654485066736,30.992242734654862,9.099231799786448,0.3256,5.90693998336792,1
37.823565037852454,-121.74417888029815,28.84085044860842,43.26392554258829,8.97917046832808,0.25205,4.123873233795166,1
37.50017153556943,-121.36688646096796,31.706654485066736,30.992242734654862,9.099231799786448,0.3592,9.02663803100586,1
39.629178758932696,-122.795207762718,25.93630943298342,36.56442096179159,2.9513115988377177,0.40515,1.99806809425354,1
37.79661557932887,-121.71722942177458,28.84085044860842,43.26392554258829,8.97917046832808,0.2985,2.2537920475006104,1
37.23067695033357,-122.2292691337227,20.82888755798342,62.711784622600916,10.785652099274165,0.7341000000000001,6.349356651306152,1
36.529991028720346,-121.52858321210947,26.93753013610842,47.56357971367904,5.819535822725986,0.3909,1.7191720008850098,1
37.39237370147509,-121.42078537801513,31.305775578816736,31.481332596093342,8.081692271984034,0.3695,5.476023197174072,1
37.338474784427916,-121.20518970982644,33.57074953715011,29.752898933311446,7.416527721652996,0.30262500000000003,1.8098200559616089,1
37.39237370147509,-121.2860380853972,32.76752688090011,29.874456754051685,8.389437331917394,0.31770000000000004,4.168729782104492,1
37.28457586738074,-121.17824025130285,33.57074953715011,29.752898933311446,7.416527721652996,0.27313333333333334,1.6563860177993774,1
37.823565037852454,-121.77112833882174,27.45193443298342,46.37381570139809,8.672613035070933,0.31770000000000004,8.766257286071777,1
37.5540704526166,-121.42078537801513,31.88211021423342,33.1707708958403,8.875776659048308,0.3009,1.2830924987792969,1
39.68307767597987,-120.18111028593019,24.457631047566736,36.48241343434909,1.6388951723475318,0.2508,4.037044048309326,1
36.50304157019676,-121.4746842950623,26.93753013610842,47.56357971367904,5.819535822725986,0.3909,0.10914462059736252,1
38.44340258389492,-122.2023196751991,31.27444419860842,34.677263308393464,6.403353606250756,0.4708,1.7115014791488647,1
34.67047839059293,-118.4563449404207,30.292836125691736,33.953699583687666,4.168206691273294,0.36210000000000003,4.2095441818237305,1
37.28457586738074,-121.20518970982644,33.57074953715011,29.752898933311446,7.416527721652996,0.27643333333333336,1.963325023651123,1
37.31152532590433,-121.2860380853972,32.55658938090011,30.426334896823697,7.306958674439162,0.303,3.019305467605591,1
37.41932315999867,-121.33993700244437,32.76752688090011,29.874456754051685,8.389437331917394,0.3019,3.103419780731201,1
40.00647117826289,-121.52858321210947,25.11477622985842,40.28495764879092,3.2101232482727386,0.7092,2.754876136779785,1
37.338474784427916,-121.36688646096796,31.296823755900107,31.59393018499756,7.207672781451242,0.41340000000000005,6.3782148361206055,1
38.57814987651285,-120.01941353478867,19.884120559692406,42.66622472254265,4.411212971762421,0.4375,6.034519672393799,0
33.53860113260234,-115.89614638068007,39.32707303365072,26.186258155209003,1.2290841494315046,0.07415000000000001,2.5319039821624756,0
32.541471167229666,-114.62952183007154,36.92863553365072,34.00001498453946,11.68580002993358,0.317,0.03369886428117752,0
33.02656142065421,-115.59970233692063,38.91618436177572,21.1039189589097,3.82140373808175,0.4703,0.14035730063915253,0
34.805225683210864,-114.19833049369417,37.83244412740072,19.896404447996506,6.138939638353135,0.139,1.7933974266052246,0
41.865983816390305,-116.56988284376972,28.59147733052572,21.124186466400488,13.724888121597365,0.19255,1.5481092929840088,0
35.37116431220616,-116.51598392672254,35.240321731567406,17.66193435357181,6.612365912988488,0.10020000000000001,2.005422592163086,0
40.976651685111975,-118.91448573532166,28.25773709615072,26.610111265433083,10.344518780228713,0.09165000000000001,0.7298752665519714,0
37.958312330470385,-115.16851100054326,29.59229113260909,15.060806635412577,5.003722720338885,0.1466,3.288766860961914,0
36.422193194626004,-114.49477453745362,37.76994412740072,17.42846376433071,4.651176926161544,0.14265,2.0392873287200928,0
35.82930510710712,-114.3330777863121,35.04883410135909,15.085155582309168,8.126785485376182,0.1759,3.9987754821777344,0
38.20085745718265,-119.10313194498676,21.24284451802572,34.77610866842826,6.231873530204968,0.25520000000000004,3.720139503479004,0
40.94970222658839,-117.62091172618955,27.02026964823409,24.540831476906906,7.078602436838343,0.2164,6.7907304763793945,0
40.7341065583997,-114.27917886926494,28.53882433573409,17.10739204414408,2.9958346108939082,0.27926666666666666,0.8840309381484985,0
41.4886913970601,-120.26195866150094,22.10075467427572,40.950351384537726,6.4550945804993445,0.4086,1.2870073318481445,0
40.06037009531006,-116.83937742900557,27.434169387817406,22.87066899143846,7.533905848798883,0.2748,5.301489353179932,0
34.185388137168395,-119.10313194498676,26.373134231567406,69.66830654033241,4.8356592862375,0.44260000000000005,0.0937449261546135,0
37.095929657715644,-120.85484674901983,33.90715115865072,23.717198367106725,8.548694138125818,0.3513,0.07470320165157318,0
39.17103796403174,-122.63351101157649,28.61841417948409,17.109393337786752,8.604153509866924,0.5132,3.4987528324127197,0
38.79374554470154,-116.0039442147744,27.40894152323409,17.848056278871198,3.582270330883301,0.116425,1.4127941131591797,0
39.27883579812608,-120.96264458311417,29.31657498677572,29.8215782206693,0.9355979358668632,0.7367,2.837270736694336,0
40.114269012357234,-114.8990164153074,26.058925247192406,17.86196457968699,5.356570761777513,0.3191,11.536865234375,0
38.38950366684775,-116.38123663410461,27.775966262817406,17.71383691279343,3.5545811618705527,0.1579,6.808165073394775,0
35.74845673153636,-117.62091172618955,34.408290481567406,19.307581477515168,5.426471376501615,0.06925,0.045992184430360794,0
41.27309572887142,-123.09165180647744,22.491786575317406,27.605802925467476,3.5966366888597743,0.7632800000000001,9.592281341552734,0
32.75706683541835,-115.76139908806215,38.242274856567406,22.05004284836663,3.2635764450857625,0.3044,0.27739521861076355,0
40.222066846451575,-123.36114639171329,24.41870714823409,25.945505718369,2.5626359661010247,0.5625,3.798673629760742,0
36.6108394042911,-119.69602003250564,36.813563919067406,20.809766531282886,11.315512473321238,0.38230000000000003,0.07781766355037689,0
34.34708488830991,-114.84511749826024,36.95964139302572,16.769767829897855,6.592320353389719,0.124,3.3811259269714355,0
36.260496443484485,-118.75278898418014,27.77661730448409,36.42801366361987,1.2896315956910858,0.528975,9.230002403259277,0
38.47035204241851,-122.01367346553401,33.93180936177572,13.807765157092335,7.824869245537143,0.3589,1.5680314302444458,1
37.41932315999867,-121.63638104620381,28.466151809692406,20.280999053657396,8.996307188480428,0.39430000000000004,2.06534743309021,1
38.38950366684775,-122.01367346553401,33.17033475240072,15.342142833574135,8.616325804068254,0.4197,1.1173853874206543,1
39.76392605155062,-122.57961209452931,30.65031522115072,17.15196461647757,4.900661409276241,0.3543,9.378549575805664,1
38.712897169130784,-122.2023196751991,33.25041287740072,13.946636235757804,8.762244944012009,0.40940000000000004,5.55367374420166,1
38.49730150094209,-122.01367346553401,33.93180936177572,13.807765157092335,7.824869245537143,0.3866,0.719228208065033,1
41.13834843625349,-123.28029801614254,21.053554153442406,28.12376365738527,2.818211770919191,0.4496,10.60159969329834,1
37.203727491809985,-122.2023196751991,21.27612902323409,47.05494341456081,13.264819842544652,0.7341000000000001,1.7275490760803223,1
38.739846627654366,-122.17537021667553,33.25041287740072,13.946636235757804,8.762244944012009,0.385,3.9708034992218018,1
39.9795217197393,-121.50163375358589,25.45768826802572,32.18355420638556,2.040870753828407,0.6939500000000001,5.32071590423584,1
39.57527984188552,-122.57961209452931,30.08317654927572,16.39667518311302,6.1668702371257655,0.3618,1.375821828842163,1
41.165297894777076,-123.41504530876047,21.22966092427572,29.668084325762713,2.245363440482603,0.3632,4.075198173522949,1
39.57527984188552,-122.68740992862365,26.575282669067406,17.544213804688567,6.225443708515314,0.3644,4.055578231811523,1
37.257626408857156,-121.17824025130285,33.82471300760909,15.845557632529664,9.510576004566776,0.2667,2.7470948696136475,1
36.50304157019676,-121.55553267063306,26.57764269510909,35.000191734025606,4.977994283392635,0.42035,11.314011573791504,1
38.38950366684775,-122.0406229240576,33.17033475240072,15.342142833574135,8.616325804068254,0.4197,3.750847578048706,1
36.50304157019676,-121.50163375358589,28.36353136698409,32.00364575148365,5.797011336575736,0.3909,1.634278655052185,1
39.65612821745628,-122.57961209452931,30.76441027323409,15.81194059113308,5.740156861877184,0.3564,4.455984592437744,1
38.44340258389492,-122.06757238258119,32.14787381490072,15.20758094588574,8.84420321786621,0.44220000000000004,3.720890998840332,1
36.449142653149586,-121.58248212915665,25.52751248677572,30.565950398866438,8.172887306275253,0.42750000000000005,2.897226572036743,1
37.52712099409301,-121.36688646096796,31.83879178365072,15.80018488238364,11.401851225614555,0.3245,7.635952472686768,1
38.52425095946568,-122.31011750929345,32.148036575317406,14.777989397982106,9.76834177283313,0.4409,1.9531446695327759,1
36.422193194626004,-121.52858321210947,27.848720169067406,28.60613230223345,7.62215580648521,0.46113333333333334,3.0389134883880615,1
42.08157948457899,-120.20805974445378,20.67961209615072,42.91832406798661,7.8540548498049425,0.5637,3.138813018798828,1
37.3654242429515,-121.42078537801513,31.45036404927572,16.048102141411203,10.211804845723655,0.44835,2.678015947341919,1
41.13834843625349,-123.30724747466613,21.053554153442406,28.12376365738527,2.818211770919191,0.4496,3.344071388244629,1
38.41645312537134,-121.93282508996326,33.805018997192406,16.204457475395174,8.51444807013647,0.36160000000000003,0.13656502962112427,1
37.52712099409301,-121.44773483653871,31.83879178365072,15.80018488238364,11.401851225614555,0.3256,5.90693998336792,1
38.47035204241851,-122.12147129962835,32.737880325317406,13.750150689630084,8.136207122854676,0.4182,7.057415008544922,1
39.65612821745628,-122.6065615530529,30.76441027323409,15.81194059113308,5.740156861877184,0.3564,5.293153762817383,1
38.57814987651285,-120.01941353478867,18.743970489501976,34.535754374983654,6.2947439848792035,0.4375,6.034519672393799,0
33.53860113260234,-115.89614638068007,38.317700958251976,29.836466462451888,3.973569658871407,0.07415000000000001,2.5319039821624756,0
32.541471167229666,-114.62952183007154,36.78490473429366,37.03240322761265,16.462211317983986,0.317,0.03369886428117752,0
33.02656142065421,-115.59970233692063,38.56094640096029,24.22367218583347,5.077930109924087,0.4703,0.14035730063915253,0
34.805225683210864,-114.19833049369417,37.42235590616866,19.269128353852544,4.478510721401236,0.139,1.7933974266052246,0
41.865983816390305,-116.56988284376972,25.900708770751976,14.942956737498166,15.8113489011943,0.19255,1.5481092929840088,0
35.37116431220616,-116.51598392672254,34.941480255126976,13.559830437699604,8.434133992261332,0.10020000000000001,2.005422592163086,0
40.976651685111975,-118.91448573532166,26.737378692626976,14.378014151931309,10.448405576347628,0.09165000000000001,0.7298752665519714,0
37.958312330470385,-115.16851100054326,29.44253819783529,15.199723729115384,4.239277356000793,0.1466,3.288766860961914,0
36.422193194626004,-114.49477453745362,37.83959223429366,18.149673785640083,4.612580291751293,0.14265,2.0392873287200928,0
35.82930510710712,-114.3330777863121,34.40835851033529,14.297852441128523,6.126073181794848,0.1759,3.9987754821777344,0
38.20085745718265,-119.10313194498676,20.417554473876976,29.943811384933944,8.530515726947346,0.25520000000000004,3.720139503479004,0
40.94970222658839,-117.62091172618955,25.43741124471029,17.437010170342155,9.249737404601337,0.2164,6.7907304763793945,0
40.7341065583997,-114.27917886926494,28.33446528116866,14.785142972110227,8.143886244090996,0.27926666666666666,0.8840309381484985,0
41.4886913970601,-120.26195866150094,20.665357208251976,22.09649688077157,6.757797121069276,0.4086,1.2870073318481445,0
40.06037009531006,-116.83937742900557,26.62474848429366,16.721893716206633,9.519603973613364,0.2748,5.301489353179932,0
34.185388137168395,-119.10313194498676,25.61026280721029,69.92190559514316,3.9436473941951533,0.44260000000000005,0.0937449261546135,0
37.095929657715644,-120.85484674901983,31.03335851033529,24.28044535408112,7.915602482240781,0.3513,0.07470320165157318,0
39.17103796403174,-122.63351101157649,25.849683380126976,19.443324101261805,5.42531818740216,0.5132,3.4987528324127197,0
38.79374554470154,-116.0039442147744,26.900464630126976,17.936486692409012,3.1597889863050757,0.116425,1.4127941131591797,0
39.27883579812608,-120.96264458311417,27.33007074991866,20.234872482905796,3.2859136122603174,0.7367,2.837270736694336,0
40.114269012357234,-114.8990164153074,25.409253692626976,17.92683206994029,8.191916621189044,0.3191,11.536865234375,0
38.38950366684775,-116.38123663410461,27.42601801554366,16.852956080265873,5.642124853961718,0.1579,6.808165073394775,0
35.74845673153636,-117.62091172618955,33.61425043741866,14.899546734107105,6.970865278013587,0.06925,0.045992184430360794,0
41.27309572887142,-123.09165180647744,20.03799718221029,31.059773262520974,3.272036757524131,0.7632800000000001,9.592281341552734,0
32.75706683541835,-115.76139908806215,37.65396397908529,25.387697355427807,4.9754242436972635,0.3044,0.27739521861076355,0
40.222066846451575,-123.36114639171329,21.23770421346029,35.082437248918595,2.704678768343289,0.5625,3.798673629760742,0
36.6108394042911,-119.69602003250564,34.443677520751976,17.430852073760285,12.155091787477287,0.38230000000000003,0.07781766355037689,0
34.34708488830991,-114.84511749826024,37.406812286376976,13.862608448904275,7.5181603029278845,0.124,3.3811259269714355,0
36.260496443484485,-118.75278898418014,26.587476348876976,27.169096296304723,1.2600498030946186,0.528975,9.230002403259277,0
37.41932315999867,-121.63638104620381,25.20555903116866,25.190790380822403,8.012251262504238,0.39430000000000004,2.06534743309021,1
39.76392605155062,-122.57961209452931,27.97289301554366,16.788976033060653,2.6892101850689833,0.3543,9.378549575805664,1
40.08731955383365,-123.01080343090668,20.36669184366866,23.949238674022695,4.496246149611904,0.4273,6.191174030303955,1
40.114269012357234,-122.57961209452931,28.302075958251976,16.4552091188148,2.535316697296893,0.4917,1.5012118816375732,1
38.820695003225126,-122.44486480191138,28.68594640096029,20.163147251837724,5.857694400619377,0.3682,2.147742509841919,1
39.89867334416855,-122.63351101157649,27.85448481241866,16.032526218264604,2.394297092321654,0.42560000000000003,9.445149421691895,1
37.23067695033357,-121.15129079277928,30.33121007283529,18.843398311805736,7.5564164026568,0.25485,2.3333351612091064,1
37.203727491809985,-122.2023196751991,18.730298614501976,58.89903987514536,13.447266404533956,0.7341000000000001,1.7275490760803223,1
38.739846627654366,-122.17537021667553,29.342603302001976,19.963669553388446,5.700492954672773,0.385,3.9708034992218018,1
39.57527984188552,-122.68740992862365,24.27953364054366,17.67505484334977,3.6782310418074413,0.3644,4.055578231811523,1
37.257626408857156,-121.17824025130285,30.76830317179366,17.417576543441797,7.4130902500365625,0.2667,2.7470948696136475,1
38.739846627654366,-122.25621859224628,29.048169708251976,20.51834201694689,6.037233757549736,0.3931,5.596988201141357,1
37.3654242429515,-121.55553267063306,25.20555903116866,25.190790380822403,8.012251262504238,0.3224,0.7461141347885132,1
38.28170583275341,-121.98672400701042,27.86571528116866,28.596397518761417,9.637171014865846,0.3362,1.2301089763641357,1
39.629178758932696,-120.04636299331226,20.72313715616866,29.521204917126887,7.483856823506961,0.353125,5.217015743255615,1
36.0449007752958,-117.45921497504804,28.30345942179366,13.660665219465448,4.592680787959676,0.154,5.754218578338623,1
38.658998252083606,-122.2023196751991,29.342603302001976,19.963669553388446,5.700492954672773,0.47740000000000005,5.956660270690918,1
36.449142653149586,-121.58248212915665,22.14501215616866,34.17167326762856,8.415505944267586,0.42750000000000005,2.897226572036743,1
36.422193194626004,-121.44773483653871,26.52611567179366,27.835402486817777,7.234061153524957,0.4873,10.068319320678711,1
40.14121847088082,-122.63351101157649,28.302075958251976,16.4552091188148,2.535316697296893,0.4148,2.030750274658203,1
40.43766251464026,-122.84910667976517,26.53539301554366,18.23478204698285,5.2250556669087285,0.688825,3.8395068645477295,1
38.52425095946568,-122.31011750929345,27.86368077596029,24.20989317357228,6.815005897067196,0.4409,1.9531446695327759,1
39.89867334416855,-122.66046047010006,25.37059809366866,15.825072902224946,3.1456383435503827,0.44903333333333334,6.816861152648926,1
40.46461197316385,-122.90300559681233,23.33080317179366,21.162206167551226,5.341940770290047,0.688825,3.187605381011963,1
36.422193194626004,-121.52858321210947,24.37222569783529,30.730747790722994,7.647522482710404,0.46113333333333334,3.0389134883880615,1
42.08157948457899,-120.20805974445378,19.35391515096029,27.48307501860403,7.973136146722118,0.5637,3.138813018798828,1
38.658998252083606,-123.06470234795385,22.10424067179366,41.85570744179994,13.784185115420694,0.56125,1.6495243310928345,1
37.3654242429515,-121.42078537801513,28.18846918741866,18.878483772705973,8.398798276563031,0.44835,2.678015947341919,1
37.47322207704584,-121.60943158768023,25.00048090616866,25.1748571063388,8.542971077159233,0.44630000000000003,4.738978385925293,1
39.52138092483835,-122.55266263600572,26.76700108846029,17.86238282803611,3.840954554223829,0.38230000000000003,1.978667974472046,1
38.57814987651285,-120.01941353478867,18.50460586547854,33.767235920714796,6.202529867409455,0.4375,6.034519672393799,0
33.53860113260234,-115.89614638068007,35.159553782145224,44.932436147573824,7.561341585959893,0.07415000000000001,2.5319039821624756,0
32.541471167229666,-114.62952183007154,34.11251602172854,49.52665263312238,21.287895105322267,0.317,0.03369886428117752,0
33.02656142065421,-115.59970233692063,36.40434544881185,41.9854851568155,10.028005291551082,0.4703,0.14035730063915253,0
34.805225683210864,-114.19833049369417,35.557747141520224,24.950199417064113,12.279065889071898,0.139,1.7933974266052246,0
41.865983816390305,-116.56988284376972,24.883593495686853,11.99573530954574,12.033518510892613,0.19255,1.5481092929840088,0
35.37116431220616,-116.51598392672254,34.628059641520224,13.594584735726912,9.147356534965784,0.10020000000000001,2.005422592163086,0
40.976651685111975,-118.91448573532166,26.44332656860354,11.808364586873088,8.753992337836648,0.09165000000000001,0.7298752665519714,0
37.958312330470385,-115.16851100054326,29.18111953735354,12.578959091751042,6.814740654486928,0.1466,3.288766860961914,0
36.422193194626004,-114.49477453745362,36.20968399047854,19.446516773867817,9.525660315550684,0.14265,2.0392873287200928,0
35.82930510710712,-114.3330777863121,33.78886693318685,17.557799739493802,13.969738239486212,0.1759,3.9987754821777344,0
38.20085745718265,-119.10313194498676,19.99337539672854,29.602403048086316,8.17100164574594,0.25520000000000004,3.720139503479004,0
40.94970222658839,-117.62091172618955,25.318652089436853,11.064291071821799,5.454641757230311,0.2164,6.7907304763793945,0
40.7341065583997,-114.27917886926494,26.21700820922854,9.61309758183785,2.500490420506287,0.27926666666666666,0.8840309381484985,0
41.4886913970601,-120.26195866150094,20.843391672770224,26.87400099182074,7.622825327916493,0.4086,1.2870073318481445,0
40.06037009531006,-116.83937742900557,26.412727610270224,9.586204189766482,5.23856433978402,0.2748,5.301489353179932,0
34.185388137168395,-119.10313194498676,25.668342844645224,69.86820571195994,4.4668764725479795,0.44260000000000005,0.0937449261546135,0
37.095929657715644,-120.85484674901983,27.698616282145224,36.16673940319908,7.018093759520384,0.3513,0.07470320165157318,0
39.17103796403174,-122.63351101157649,25.81197891235354,35.10562563201118,3.993806884951797,0.5132,3.4987528324127197,0
38.79374554470154,-116.0039442147744,26.581835683186853,9.868499822833137,2.8449510859337646,0.116425,1.4127941131591797,0
39.27883579812608,-120.96264458311417,25.244677480061853,21.984660164387506,2.6304932900158065,0.7367,2.837270736694336,0
40.114269012357234,-114.8990164153074,24.995654042561853,10.943243022731417,2.8197307857132525,0.3191,11.536865234375,0
38.38950366684775,-116.38123663410461,27.23360977172854,11.378297101031428,5.314979569594925,0.1579,6.808165073394775,0
35.74845673153636,-117.62091172618955,33.199104563395224,15.199979328421003,9.316459698575867,0.06925,0.045992184430360794,0
41.27309572887142,-123.09165180647744,19.879687245686853,48.51143038887911,3.9120111049422244,0.7632800000000001,9.592281341552734,0
32.75706683541835,-115.76139908806215,35.926155344645224,36.7971917373059,5.941938140705255,0.3044,0.27739521861076355,0
40.222066846451575,-123.36114639171329,21.14010391235354,53.27586136859611,3.3272326858815022,0.5625,3.798673629760742,0
36.6108394042911,-119.69602003250564,31.876757558186853,23.87250380784422,10.479501933516104,0.38230000000000003,0.07781766355037689,0
34.34708488830991,-114.84511749826024,34.33769505818685,29.02565714683692,15.566161412615907,0.124,3.3811259269714355,0
36.260496443484485,-118.75278898418014,26.057909901936853,25.160833224568584,1.3666935288469328,0.528975,9.230002403259277,0
34.67047839059293,-118.51024385746788,29.87350234985354,23.880911101328202,5.729614953977667,0.3765,4.577845573425293,1
39.79087551007421,-122.52571317748215,29.231331125895224,24.062902286597435,1.5165905275553861,0.39880000000000004,0.1638147085905075,1
38.820695003225126,-122.44486480191138,28.080452219645224,35.77264130697401,4.00710147160192,0.3682,2.147742509841919,1
37.23067695033357,-121.15129079277928,26.961067454020224,33.941230852860045,6.572326132522237,0.25485,2.3333351612091064,1
38.739846627654366,-122.17537021667553,27.943652089436853,37.075576401334025,3.656346864833807,0.385,3.9708034992218018,1
40.168167929404405,-122.71435938714724,27.964892323811853,29.157669686228253,1.969980931402122,0.3795,1.2328853607177734,1
39.73697659302704,-122.7682583041944,22.81173477172854,34.39830276975091,2.352233921303891,0.45570000000000005,7.212594509124756,1
39.87172388564496,-122.66046047010006,25.46139297485354,27.814471990201934,1.4473270132462532,0.45640000000000003,7.654467582702637,1
37.3654242429515,-121.55553267063306,22.66842422485354,47.448563144022806,7.058162166132389,0.3224,0.7461141347885132,1
36.0449007752958,-117.45921497504804,27.465136464436853,13.797905702588341,7.581267753590754,0.154,5.754218578338623,1
37.47322207704584,-121.55553267063306,22.616015370686853,47.517190559299316,7.365233191502522,0.44170000000000004,7.543450355529785,1
36.395243736102415,-121.42078537801513,22.74899063110354,48.222098858866225,6.692718512145185,0.5221,8.506423950195312,1
39.76392605155062,-122.7682583041944,23.44796524047854,32.772002574759014,2.1721113011791897,0.37160000000000004,7.408403396606445,1
37.203727491809985,-121.36688646096796,25.022509511311853,38.67823970716028,6.6118173182856275,0.3937,2.8443796634674072,1
40.43766251464026,-122.84910667976517,26.501350657145224,33.68778814830676,3.658596996068128,0.688825,3.8395068645477295,1
39.89867334416855,-122.66046047010006,25.46139297485354,27.814471990201934,1.4473270132462532,0.44903333333333334,6.816861152648926,1
40.46461197316385,-122.90300559681233,23.138720448811853,38.13259824772243,4.468653266736831,0.688825,3.187605381011963,1
37.47322207704584,-121.60943158768023,22.616015370686853,47.517190559299316,7.365233191502522,0.44630000000000003,4.738978385925293,1
36.15269860939014,-121.55553267063306,19.77950820922854,53.833959250759236,18.291049464500805,0.5602,6.191269874572754,1
36.15269860939014,-121.63638104620381,19.77950820922854,53.833959250759236,18.291049464500805,0.553,14.6279878616333,1
37.23067695033357,-121.44773483653871,25.022509511311853,38.67823970716028,6.6118173182856275,0.3937,0.9506561160087585,1
39.52138092483835,-122.55266263600572,26.777636464436853,31.672426025933788,1.6654574434812364,0.38230000000000003,1.978667974472046,1
39.73697659302704,-122.57961209452931,27.986213938395224,26.740582261518437,0.9978818369969621,0.3271,9.651778221130371,1
39.629178758932696,-122.795207762718,22.18526992797854,37.10794921135776,2.765090149015062,0.40515,1.99806809425354,1
38.551200417989264,-122.25621859224628,27.421516672770224,40.64839630765727,4.958473311068376,0.44455,7.474091529846191,1
39.87172388564496,-120.80094783197266,20.697395579020224,28.0258245058928,4.278304181369239,0.4058,3.1196022033691406,1
37.47322207704584,-121.4746842950623,23.793749745686853,42.261134497096705,7.180790577504611,0.37010000000000004,4.455142021179199,1
38.820695003225126,-122.4179153433878,28.080452219645224,35.77264130697401,4.00710147160192,0.3682,3.2824833393096924,1
39.92562280269213,-122.57961209452931,27.84469375610354,25.67624749127256,1.0632073517055758,0.40340000000000004,1.2603912353515625,1
40.249016304975164,-120.69314999787832,20.563850657145224,24.976476936303285,5.7328831801843325,0.4464,3.1198461055755615,1
38.57814987651285,-120.01941353478867,18.324451700846396,32.040170118075345,5.446052171719452,0.4375,6.034519672393799,0
33.53860113260234,-115.89614638068007,34.613514200846396,47.92461123047849,5.589304303621915,0.07415000000000001,2.5319039821624756,0
32.541471167229666,-114.62952183007154,34.040516153971396,45.499307523457794,13.392112222182538,0.317,0.03369886428117752,0
33.02656142065421,-115.59970233692063,36.324858601888025,40.772474664011824,7.654444716605665,0.4703,0.14035730063915253,0
34.805225683210864,-114.19833049369417,33.209868367513025,41.13221788572509,8.322779013919376,0.139,1.7933974266052246,0
41.865983816390305,-116.56988284376972,25.84577331542971,10.910477389700839,7.690555229726167,0.19255,1.5481092929840088,0
35.37116431220616,-116.51598392672254,33.864246622721396,20.874931388793357,10.111703543822594,0.10020000000000001,2.005422592163086,0
40.976651685111975,-118.91448573532166,26.728748575846396,14.546197184828177,7.908174075651132,0.09165000000000001,0.7298752665519714,0
37.958312330470385,-115.16851100054326,28.842273966471396,15.071128307909973,10.622840034515434,0.1466,3.288766860961914,0
36.422193194626004,-114.49477453745362,34.520903523763025,30.445619022452085,10.492679465989568,0.14265,2.0392873287200928,0
35.82930510710712,-114.3330777863121,31.281889851888025,34.17054733764411,14.005789207525815,0.1759,3.9987754821777344,0
38.20085745718265,-119.10313194498676,20.167469278971396,29.514014258300598,7.210093243920151,0.25520000000000004,3.720139503479004,0
40.94970222658839,-117.62091172618955,25.902007039388025,10.597313100208648,6.708499453495899,0.2164,6.7907304763793945,0
40.7341065583997,-114.27917886926494,26.101063028971396,13.68614830234566,0.5890483461515429,0.27926666666666666,0.8840309381484985,0
41.4886913970601,-120.26195866150094,21.194731648763025,35.966033077769424,4.895524099748951,0.4086,1.2870073318481445,0
40.06037009531006,-116.83937742900557,26.573882039388025,11.619001007332521,6.675733704146338,0.2748,5.301489353179932,0
34.185388137168395,-119.10313194498676,25.79548034667971,73.21988868228887,3.550292184109454,0.44260000000000005,0.0937449261546135,0
37.095929657715644,-120.85484674901983,29.055164591471396,42.686315554633495,5.646069972543495,0.3513,0.07470320165157318,0
39.17103796403174,-122.63351101157649,26.61091003417971,39.47259495237262,1.68955265448153,0.5132,3.4987528324127197,0
38.79374554470154,-116.0039442147744,26.775135294596396,13.285400023051967,6.02235832808969,0.116425,1.4127941131591797,0
39.27883579812608,-120.96264458311417,26.135486857096396,24.34579529088106,2.6701958780165316,0.7367,2.837270736694336,0
40.114269012357234,-114.8990164153074,25.285633341471396,13.42493777849464,4.066576411705434,0.3191,11.536865234375,0
38.38950366684775,-116.38123663410461,26.998768107096396,14.598046234713797,6.89530193036813,0.1579,6.808165073394775,0
35.74845673153636,-117.62091172618955,33.329741414388025,17.13087624357202,8.48380344883004,0.06925,0.045992184430360794,0
41.27309572887142,-123.09165180647744,19.81794128417971,51.45598231214088,1.7377686250731559,0.7632800000000001,9.592281341552734,0
32.75706683541835,-115.76139908806215,35.832182820638025,37.62984972149203,5.043590185563509,0.3044,0.27739521861076355,0
40.222066846451575,-123.36114639171329,21.499256388346396,53.09549241099223,2.446336134165945,0.5625,3.798673629760742,0
36.6108394042911,-119.69602003250564,32.332508341471396,29.38802437538585,8.810940620709404,0.38230000000000003,0.07781766355037689,0
34.34708488830991,-114.84511749826024,32.87848815917971,38.82354116739036,10.50328112738078,0.124,3.3811259269714355,0
36.260496443484485,-118.75278898418014,26.402495320638025,26.537566443900502,1.2714335230567542,0.528975,9.230002403259277,0
39.79087551007421,-122.52571317748215,30.110991414388025,33.38602470531602,1.011316251020759,0.39880000000000004,0.1638147085905075,1
39.73697659302704,-122.7682583041944,23.645008341471396,39.37542549055814,0.4878291134691051,0.45570000000000005,7.212594509124756,1
37.47322207704584,-121.55553267063306,24.35407409667971,46.758847391974896,5.368521640981794,0.44170000000000004,7.543450355529785,1
36.395243736102415,-121.42078537801513,25.207426961263025,49.584842963182844,3.989611013167021,0.5221,8.506423950195312,1
39.76392605155062,-122.7682583041944,24.129383341471396,38.436696642412684,0.5211219993045166,0.37160000000000004,7.408403396606445,1
39.89867334416855,-122.66046047010006,26.065174357096396,35.45133387481412,0.6055051905504649,0.44903333333333334,6.816861152648926,1
36.15269860939014,-121.63638104620381,21.35016784667971,53.06255897670449,13.837239211844881,0.553,14.6279878616333,1
40.19511738792799,-122.71435938714724,28.18683776855471,36.65321296046067,0.5258890467627466,0.401,3.1347553730010986,1
41.19224735330066,-123.36114639171329,19.075102742513025,56.22707469935031,1.8011732817769468,0.5449,4.865067005157471,1
39.52138092483835,-122.90300559681233,23.093982950846396,46.174994759760615,1.0900124782638634,0.4032,11.64135456085205,1
39.629178758932696,-122.795207762718,23.152983601888025,41.035101039327486,0.5980038231039979,0.40515,1.99806809425354,1
38.551200417989264,-122.25621859224628,27.997791544596396,45.149440624234074,4.08867215872394,0.44455,7.474091529846191,1
40.356814139069506,-120.61230162230756,23.19831237792971,25.279548653067707,5.6098444774833895,0.37235,1.3090393543243408,1
39.87172388564496,-120.80094783197266,21.179839070638025,30.7230097248552,3.691772470177798,0.4058,3.1196022033691406,1
39.92562280269213,-122.57961209452931,28.526274617513025,34.26333458159664,0.7399602717235119,0.40340000000000004,1.2603912353515625,1
40.08731955383365,-122.57961209452931,28.530262247721396,35.243844692846324,0.5733629490029731,0.4728,1.187544345855713,1
36.395243736102415,-121.44773483653871,25.207426961263025,49.584842963182844,3.989611013167021,0.5221,12.401604652404785,1
39.87172388564496,-120.74704891492549,20.54792175292971,30.756377872669827,4.221981995044324,0.4975,2.281381130218506,1
35.99100185824863,-117.5131138920952,27.56989440917971,15.946329105000798,6.8828082557161565,0.1973,2.7371699810028076,1
36.395243736102415,-121.39383591949154,25.207426961263025,49.584842963182844,3.989611013167021,0.4525,6.014220714569092,1
39.79087551007421,-122.66046047010006,26.519275919596396,35.179970999081824,0.5307680340343601,0.3996,7.214733600616455,1
41.111398977729905,-123.41504530876047,18.321277872721396,56.375773163224515,1.9185083913899927,0.4757,2.9232325553894043,1
40.302915222022335,-120.63925108083114,22.179432169596396,25.30584127254058,5.322324568682567,0.39580000000000004,10.89549446105957,1
40.249016304975164,-120.7200994564019,21.09723815917971,27.47125390250524,4.454161715009042,0.3665,3.9846153259277344,1
39.71002713450345,-122.71435938714724,26.15827331542971,36.25737411573794,0.3681879684382959,0.40115,5.50693416595459,1
39.89867334416855,-122.68740992862365,26.065174357096396,35.45133387481412,0.6055051905504649,0.44903333333333334,9.060386657714844,1
40.114269012357234,-122.74130884567083,26.28693542480471,35.835583124327044,0.5240336536563239,0.42615000000000003,10.20750617980957,1
39.52138092483835,-122.63351101157649,27.862700398763025,36.550255220528705,0.15070847912516602,0.4459,11.097721099853516,1
38.605099335036435,-122.39096588486422,27.606596883138025,46.365874215522766,4.145086095939993,0.4832,1.722303032875061,1
38.012211247517556,-122.795207762718,17.63874206542971,80.72170702031462,17.91271735519374,0.7782,2.1566691398620605,1
38.57814987651285,-120.01941353478867,19.043370183308923,34.53470480650368,3.764133125967513,0.4375,6.034519672393799,0
33.53860113260234,-115.89614638068007,36.12711041768392,36.48375693748665,4.3019674394261775,0.07415000000000001,2.5319039821624756,0
32.541471167229666,-114.62952183007154,35.41617291768392,37.66185998333742,6.7663008484683616,0.317,0.03369886428117752,0
33.02656142065421,-115.59970233692063,36.850580469767294,32.94511269414829,5.828112106373099,0.4703,0.14035730063915253,0
34.805225683210864,-114.19833049369417,35.225336329142294,35.23466511963884,3.2013749868955435,0.139,1.7933974266052246,0
41.865983816390305,-116.56988284376972,26.00007591247561,11.706860360161173,9.09254319839446,0.19255,1.5481092929840088,0
35.37116431220616,-116.51598392672254,32.529291407267294,24.82668958112592,8.243011159157899,0.10020000000000001,2.005422592163086,0
40.976651685111975,-118.91448573532166,27.765863672892294,13.563751351381617,7.559832052586552,0.09165000000000001,0.7298752665519714,0
37.958312330470385,-115.16851100054326,27.878575261433923,27.503555622338205,9.75482049946376,0.1466,3.288766860961914,0
36.422193194626004,-114.49477453745362,34.939447657267294,29.121232512232975,4.088123844691703,0.14265,2.0392873287200928,0
35.82930510710712,-114.3330777863121,31.108067448933923,34.99767562444441,5.589777306442591,0.1759,3.9987754821777344,0
38.20085745718265,-119.10313194498676,20.979649480183923,29.6963592688435,4.421940141339836,0.25520000000000004,3.720139503479004,0
40.94970222658839,-117.62091172618955,26.60066184997561,9.725727704114194,5.059365797196697,0.2164,6.7907304763793945,0
40.7341065583997,-114.27917886926494,27.520014063517294,12.75675370461945,2.9634032682941505,0.27926666666666666,0.8840309381484985,0
41.4886913970601,-120.26195866150094,22.465814844767294,27.08852985248559,5.797316669645452,0.4086,1.2870073318481445,0
40.06037009531006,-116.83937742900557,26.773432032267294,10.179828708033757,5.388983376055899,0.2748,5.301489353179932,0
34.185388137168395,-119.10313194498676,24.369542058308923,77.74123373664392,3.0446986608070574,0.44260000000000005,0.0937449261546135,0
37.095929657715644,-120.85484674901983,29.84333763122561,41.892604990741006,6.334889287953774,0.3513,0.07470320165157318,0
39.17103796403174,-122.63351101157649,27.354242579142294,31.575269000639235,1.7780028351941617,0.5132,3.4987528324127197,0
38.79374554470154,-116.0039442147744,27.174229558308923,16.17359990682173,6.11437339540663,0.116425,1.4127941131591797,0
39.27883579812608,-120.96264458311417,26.92927513122561,27.708530793249693,2.2030882242533996,0.7367,2.837270736694336,0
40.114269012357234,-114.8990164153074,25.46638450622561,13.812082051710409,4.390037761239747,0.3191,11.536865234375,0
38.38950366684775,-116.38123663410461,27.221185938517294,17.937658292550925,8.492594807893123,0.1579,6.808165073394775,0
35.74845673153636,-117.62091172618955,31.978510157267294,22.48445317123158,7.770186146187053,0.06925,0.045992184430360794,0
41.27309572887142,-123.09165180647744,22.94612083435061,35.51889619652799,1.9661180266426213,0.7632800000000001,9.592281341552734,0
32.75706683541835,-115.76139908806215,35.27864036560061,36.48946358561832,6.296234716952642,0.3044,0.27739521861076355,0
40.222066846451575,-123.36114639171329,23.99421653747561,38.85717469871257,0.8085321335665547,0.5625,3.798673629760742,0
36.6108394042911,-119.69602003250564,32.54328880310061,32.05149403273026,4.695702755985949,0.38230000000000003,0.07781766355037689,0
34.34708488830991,-114.84511749826024,34.51578229268392,28.566872872871674,6.956442198407553,0.124,3.3811259269714355,0
36.260496443484485,-118.75278898418014,25.37922630310061,38.21305474397356,0.8634699112175536,0.528975,9.230002403259277,0
41.111398977729905,-120.01941353478867,24.335687891642294,24.4506790815141,7.009271032529339,0.24065,2.7303221225738525,1
40.033420636786474,-122.47181426043497,30.860264714558923,29.1259760565302,3.513227159433129,0.4464,0.7866213321685791,1
39.73697659302704,-122.7682583041944,25.118646876017294,30.112202758763022,1.1324113728236358,0.45570000000000005,7.212594509124756,1
39.57527984188552,-122.68740992862365,26.65461692810061,28.930359703178294,1.4349506358601083,0.3644,4.055578231811523,1
37.47322207704584,-121.55553267063306,25.98957786560061,42.5177462468316,4.926998026289693,0.44170000000000004,7.543450355529785,1
36.395243736102415,-121.42078537801513,26.938145573933923,42.0672246148669,1.8351840203075425,0.5221,8.506423950195312,1
39.76392605155062,-122.7682583041944,25.64948997497561,29.373493593837114,1.2781535249791198,0.37160000000000004,7.408403396606445,1
36.314395360531655,-118.51024385746788,21.52986106872561,41.1397446023209,0.24866472565827738,0.39430000000000004,5.446619987487793,1
39.89867334416855,-122.66046047010006,27.37312278747561,28.260290480641466,1.9419065203553172,0.44903333333333334,6.816861152648926,1
36.15269860939014,-121.63638104620381,22.462641016642294,50.622391581137705,2.336742209665108,0.553,14.6279878616333,1
39.52138092483835,-122.55266263600572,28.830479558308923,29.132362918329708,1.6221140042742952,0.38230000000000003,1.978667974472046,1
37.122879116239226,-121.33993700244437,26.58698997497561,44.207395029779285,6.4310033237814075,0.43610000000000004,0.29789218306541443,1
39.52138092483835,-122.90300559681233,24.81843528747561,34.93752358290309,0.746137467348362,0.4032,11.64135456085205,1
39.629178758932696,-122.795207762718,24.66438255310061,31.3548374567358,1.0570083031356166,0.40515,1.99806809425354,1
41.030550602159146,-120.10026191035944,23.545811589558923,23.374732337221268,7.27051801841963,0.24530000000000002,4.384785175323486,1
40.302915222022335,-120.74704891492549,22.47834739685061,27.97509074806414,5.2991951479494555,0.3663,2.0306437015533447,1
37.47322207704584,-121.4746842950623,26.942133204142294,39.266168285406096,4.058833614233819,0.37010000000000004,4.455142021179199,1
37.015081282144884,-122.09452184110476,17.32258567810061,77.35468198972345,7.748266685691312,0.7581,0.639944314956665,1
36.395243736102415,-121.44773483653871,26.938145573933923,42.0672246148669,1.8351840203075425,0.5221,12.401604652404785,1
37.66186828671094,-120.74704891492549,29.873692448933923,38.19211478016577,6.497814003051362,0.4887,0.12896354496479034,1
39.87172388564496,-120.74704891492549,21.572178777058923,35.804149448767056,4.562634817852378,0.4975,2.281381130218506,1
41.057500060682734,-120.01941353478867,24.335687891642294,24.4506790815141,7.009271032529339,0.22193333333333337,3.1501400470733643,1
36.395243736102415,-121.39383591949154,26.938145573933923,42.0672246148669,1.8351840203075425,0.4525,6.014220714569092,1
41.003601143635564,-120.04636299331226,24.447422917683923,22.64843170562881,7.526733848952899,0.24530000000000002,5.883730888366699,1
39.79087551007421,-122.66046047010006,27.697260157267294,27.300775248437407,1.645763726141396,0.3996,7.214733600616455,1
41.084449519206316,-119.93856515921792,25.07746849060061,23.923182013247203,7.433502727638998,0.2071,2.293743371963501,1
41.111398977729905,-123.41504530876047,20.40827903747561,39.59814905279091,0.9788848211690336,0.4757,2.9232325553894043,1
40.302915222022335,-120.63925108083114,23.12800559997561,27.012658315987633,5.73697153945196,0.39580000000000004,10.89549446105957,1
40.249016304975164,-120.7200994564019,22.064935938517294,29.334413678021953,4.822589834106248,0.3665,3.9846153259277344,1
37.50017153556943,-121.4746842950623,26.942133204142294,39.266168285406096,4.058833614233819,0.35860000000000003,6.122480869293213,1
38.57814987651285,-120.01941353478867,18.444554265340173,45.76852555181252,4.141586341490077,0.4375,6.034519672393799,0
33.53860113260234,-115.89614638068007,37.620416895548544,31.860134023396498,3.710195917006912,0.07415000000000001,2.5319039821624756,0
32.541471167229666,-114.62952183007154,38.481012598673544,27.283230715141453,5.925936130263688,0.317,0.03369886428117752,0
33.02656142065421,-115.59970233692063,38.400446192423544,29.24622100542963,7.493087055210204,0.4703,0.14035730063915253,0
34.805225683210864,-114.19833049369417,36.65077171325686,23.420457807944416,0.5166925545335035,0.139,1.7933974266052246,0
41.865983816390305,-116.56988284376972,26.638483301798544,18.322346123775866,6.578293186089544,0.19255,1.5481092929840088,0
35.37116431220616,-116.51598392672254,32.610651270548544,27.794279437702617,4.979413532700108,0.10020000000000001,2.005422592163086,0
40.976651685111975,-118.91448573532166,28.753636296590173,20.67603056987212,5.9934797630226,0.09165000000000001,0.7298752665519714,0
37.958312330470385,-115.16851100054326,25.770319239298544,34.17786888547913,3.595716472415541,0.1466,3.288766860961914,0
36.422193194626004,-114.49477453745362,33.31776390075686,34.56581057934282,1.7877341312225992,0.14265,2.0392873287200928,0
35.82930510710712,-114.3330777863121,30.181858952840173,43.33175764241832,1.9355466902730472,0.1759,3.9987754821777344,0
38.20085745718265,-119.10313194498676,19.69227561950686,42.885706667733345,7.206404509392366,0.25520000000000004,3.720139503479004,0
40.94970222658839,-117.62091172618955,27.486383692423544,16.9136206822224,4.385318518757395,0.2164,6.7907304763793945,0
40.7341065583997,-114.27917886926494,27.61878929138186,21.150198160059,3.906591495455312,0.27926666666666666,0.8840309381484985,0
41.4886913970601,-120.26195866150094,22.429173405965173,27.913425647532286,5.816755769468122,0.4086,1.2870073318481445,0
40.06037009531006,-116.83937742900557,27.471735254923544,20.004336692268925,4.329454801535793,0.2748,5.301489353179932,0
34.185388137168395,-119.10313194498676,23.48890647888186,78.74697801995558,6.9981632083270675,0.44260000000000005,0.0937449261546135,0
37.095929657715644,-120.85484674901983,29.509251530965173,45.09859614014298,5.1436199034711585,0.3513,0.07470320165157318,0
39.17103796403174,-122.63351101157649,27.562474187215173,29.897392028424065,1.5665164992000808,0.5132,3.4987528324127197,0
38.79374554470154,-116.0039442147744,25.384088770548544,28.91587177210609,10.81544016761863,0.116425,1.4127941131591797,0
39.27883579812608,-120.96264458311417,26.861871973673544,30.78134598834642,2.385419185662936,0.7367,2.837270736694336,0
40.114269012357234,-114.8990164153074,24.75111351013186,24.995069400814206,8.424686716308916,0.3191,11.536865234375,0
38.38950366684775,-116.38123663410461,25.962376530965173,28.469679111003337,9.278970221228667,0.1579,6.808165073394775,0
35.74845673153636,-117.62091172618955,32.487116114298544,26.518517512519974,6.508064193267728,0.06925,0.045992184430360794,0
41.27309572887142,-123.09165180647744,22.393284734090173,33.71852789654016,2.3553868110783185,0.7632800000000001,9.592281341552734,0
32.75706683541835,-115.76139908806215,37.019830958048544,30.38466443466489,7.422565213253167,0.3044,0.27739521861076355,0
40.222066846451575,-123.36114639171329,24.538873926798544,32.97376341054968,0.23378333055877565,0.5625,3.798673629760742,0
36.6108394042911,-119.69602003250564,32.58884137471517,36.165203613931475,5.248206737077127,0.38230000000000003,0.07781766355037689,0
34.34708488830991,-114.84511749826024,35.82590192159017,18.299366409186906,3.854424389176007,0.124,3.3811259269714355,0
36.260496443484485,-118.75278898418014,25.283991114298544,46.696437027070445,0.48245146082710116,0.528975,9.230002403259277,0
41.003601143635564,-119.9655146177415,24.681696192423544,27.337567726443478,7.150562152782176,0.20565,1.8158992528915405,1
39.73697659302704,-122.7682583041944,24.728489812215173,29.033745829882545,0.7652745773512565,0.45570000000000005,7.212594509124756,1
37.47322207704584,-121.55553267063306,25.792942937215173,47.93444874423869,4.417163688073387,0.44170000000000004,7.543450355529785,1
39.89867334416855,-122.66046047010006,26.781061426798544,27.53105688286461,1.6331277339429675,0.44903333333333334,6.816861152648926,1
38.658998252083606,-123.06470234795385,22.335260645548544,51.60361754967362,2.949290441673093,0.56125,1.6495243310928345,1
37.47322207704584,-121.60943158768023,25.792942937215173,47.93444874423869,4.417163688073387,0.44630000000000003,4.738978385925293,1
39.52138092483835,-122.55266263600572,28.543268458048544,27.39675173878989,1.6349177314815693,0.38230000000000003,1.978667974472046,1
39.84477442712138,-122.6065615530529,29.698704655965173,24.6882947583616,2.287920537345524,0.38870000000000005,0.9432687759399414,1
37.122879116239226,-121.33993700244437,26.178766504923544,49.68221554762982,5.0950142404538985,0.43610000000000004,0.29789218306541443,1
39.629178758932696,-122.795207762718,24.263890202840173,30.176135118543968,0.6454571583788253,0.40515,1.99806809425354,1
41.030550602159146,-120.10026191035944,23.59584007263186,27.950483664705267,6.902014962812208,0.24530000000000002,4.384785175323486,1
37.50017153556943,-121.58248212915665,25.792942937215173,47.93444874423869,4.417163688073387,0.48860000000000003,4.334569454193115,1
41.057500060682734,-120.01941353478867,24.546605046590173,29.270615424734643,6.481878346845835,0.22193333333333337,3.1501400470733643,1
41.003601143635564,-120.04636299331226,24.681696192423544,27.337567726443478,7.150562152782176,0.24530000000000002,5.883730888366699,1
39.79087551007421,-122.66046047010006,26.982151921590173,27.01495962285841,1.3812497578652956,0.3996,7.214733600616455,1
41.084449519206316,-119.93856515921792,25.444147364298544,28.798262658919416,6.855061015274466,0.2071,2.293743371963501,1
39.89867334416855,-120.74704891492549,21.40882835388186,43.68498526442126,3.818123717029057,0.59385,3.0232701301574707,1
40.302915222022335,-120.63925108083114,22.867243067423544,32.75819031543753,5.469948539140083,0.39580000000000004,10.89549446105957,1
40.249016304975164,-120.7200994564019,21.551813379923544,37.08344010248713,4.570640413365386,0.3665,3.9846153259277344,1
38.8745939202723,-122.2023196751991,29.22108421325686,29.30696802822809,4.877020300000584,0.42925,6.3035149574279785,1
39.89867334416855,-122.68740992862365,26.781061426798544,27.53105688286461,1.6331277339429675,0.44903333333333334,9.060386657714844,1
39.79087551007421,-121.07044241720851,22.58143577575686,35.33912354059177,2.4958392711605986,0.34440000000000004,5.924889087677002,1
39.79087551007421,-121.04349295868494,22.05873069763186,39.231546291830234,2.8739730162848147,0.34440000000000004,6.624410152435303,1
38.658998252083606,-123.03775288943027,23.90150413513186,47.10856560618668,2.5813884230323105,0.56125,2.4954702854156494,1
37.41932315999867,-121.69027996325099,25.157526270548544,52.58478924510707,4.6182467926350945,0.4199,6.082461357116699,1
37.50017153556943,-121.63638104620381,25.792942937215173,47.93444874423869,4.417163688073387,0.47690000000000005,8.213618278503418,1
40.32986468054592,-120.7200994564019,22.162327702840173,33.488905530912085,5.146409279319958,0.39580000000000004,7.007315158843994,1
41.084449519206316,-119.85771678364716,25.444147364298544,28.798262658919416,6.855061015274466,0.17385,0.973578155040741,1
37.44627261852226,-121.55553267063306,25.446344629923544,49.263309634637736,4.745521968799346,0.4153,4.202750205993652,1
40.302915222022335,-120.7200994564019,22.162327702840173,33.488905530912085,5.146409279319958,0.3844,4.4415717124938965,1
38.57814987651285,-120.01941353478867,17.440905507405603,49.12741096055067,4.522324615965149,0.4375,6.034519672393799,0
33.53860113260234,-115.89614638068007,38.026680246988974,27.159040027999453,5.393533939913771,0.07415000000000001,2.5319039821624756,0
32.541471167229666,-114.62952183007154,38.65298233032229,27.023627054249083,4.871098049458184,0.317,0.03369886428117752,0
33.02656142065421,-115.59970233692063,38.6745480855306,25.107589313679423,7.838987628877409,0.4703,0.14035730063915253,0
34.805225683210864,-114.19833049369417,38.617988840738974,16.65225507756349,4.720180441159382,0.139,1.7933974266052246,0
41.865983816390305,-116.56988284376972,25.102607981363974,28.080661736521073,4.64694220847054,0.19255,1.5481092929840088,0
35.37116431220616,-116.51598392672254,32.759102121988974,21.35153700923143,8.638785872710784,0.10020000000000001,2.005422592163086,0
40.976651685111975,-118.91448573532166,25.547839101155603,36.83706333529648,5.546291873833334,0.09165000000000001,0.7298752665519714,0
37.958312330470385,-115.16851100054326,28.03262100219729,20.134377404549983,10.206442780955914,0.1466,3.288766860961914,0
36.422193194626004,-114.49477453745362,36.44790420532229,23.47532627678082,4.813665158411561,0.14265,2.0392873287200928,0
35.82930510710712,-114.3330777863121,32.8005246480306,22.420643193385676,5.265261760056381,0.1759,3.9987754821777344,0
38.20085745718265,-119.10313194498676,18.794176991780603,40.14676576792412,7.385908823253647,0.25520000000000004,3.720139503479004,0
40.94970222658839,-117.62091172618955,25.264147694905603,25.480559186389655,5.24201594656486,0.2164,6.7907304763793945,0
40.7341065583997,-114.27917886926494,26.426257069905603,27.60114845814009,5.0957540449565695,0.27926666666666666,0.8840309381484985,0
41.4886913970601,-120.26195866150094,19.380195871988974,51.274782716225545,4.936732350124608,0.4086,1.2870073318481445,0
40.06037009531006,-116.83937742900557,25.11318740844729,32.97676284285988,5.256213646502628,0.2748,5.301489353179932,0
34.185388137168395,-119.10313194498676,23.089668528238974,75.9052713677264,8.665218290903542,0.44260000000000005,0.0937449261546135,0
37.095929657715644,-120.85484674901983,28.287829335530603,50.75104952546874,7.169471266939534,0.3513,0.07470320165157318,0
39.17103796403174,-122.63351101157649,26.525459543863974,36.33945741825036,3.3158798399845164,0.5132,3.4987528324127197,0
38.79374554470154,-116.0039442147744,25.499987538655603,24.457625776193165,10.242752707064588,0.116425,1.4127941131591797,0
39.27883579812608,-120.96264458311417,25.59512100219729,40.96331641076562,2.533786843458874,0.7367,2.837270736694336,0
40.114269012357234,-114.8990164153074,23.983630116780603,28.258932484358652,6.692224326562315,0.3191,11.536865234375,0
38.38950366684775,-116.38123663410461,26.293037668863974,20.35087600045344,10.407865689513201,0.1579,6.808165073394775,0
35.74845673153636,-117.62091172618955,31.96963272094729,24.344443276893347,8.416809213436775,0.06925,0.045992184430360794,0
41.27309572887142,-123.09165180647744,22.72622451782229,38.36437362596016,2.647169112805723,0.7632800000000001,9.592281341552734,0
32.75706683541835,-115.76139908806215,36.96206436157229,26.664464159583062,6.894060108965043,0.3044,0.27739521861076355,0
40.222066846451575,-123.36114639171329,24.304512278238974,41.12480807373506,2.0010495570075943,0.5625,3.798673629760742,0
36.6108394042911,-119.69602003250564,31.954577382405603,40.43466483380409,6.042052675156598,0.38230000000000003,0.07781766355037689,0
34.34708488830991,-114.84511749826024,36.74892959594729,16.137231456125683,7.434426685892505,0.124,3.3811259269714355,0
36.260496443484485,-118.75278898418014,25.10342178344729,43.09042826539357,1.371258119000033,0.528975,9.230002403259277,0
41.13834843625349,-123.28029801614254,21.58852920532229,39.55981704258748,1.884233002275514,0.4496,10.60159969329834,1
37.122879116239226,-121.42078537801513,23.11294326782229,61.446114056237676,6.432381951430725,0.49400000000000005,3.6913371086120605,1
39.73697659302704,-122.7682583041944,23.750964101155603,33.51453395150521,1.4718884126439997,0.45570000000000005,7.212594509124756,1
37.47322207704584,-121.55553267063306,23.22573623657229,60.17228369740425,5.961211193469149,0.44170000000000004,7.543450355529785,1
39.89867334416855,-122.66046047010006,26.228340403238974,32.82667814640503,2.4726064729335793,0.44903333333333334,6.816861152648926,1
36.260496443484485,-118.37549656484995,21.38711318969729,42.726593945942284,3.9811052447790587,0.2936,13.493021965026855,1
38.658998252083606,-123.06470234795385,20.291491444905603,55.65867709888145,3.3465541404279007,0.56125,1.6495243310928345,1
37.47322207704584,-121.60943158768023,23.22573623657229,60.17228369740425,5.961211193469149,0.44630000000000003,4.738978385925293,1
41.13834843625349,-123.30724747466613,21.58852920532229,39.55981704258748,1.884233002275514,0.4496,3.344071388244629,1
39.52138092483835,-122.55266263600572,27.815905507405603,32.69576349290956,1.6050398120542912,0.38230000000000003,1.978667974472046,1
39.60222930040911,-122.82215722124158,23.05630264282229,35.82510814509668,1.499580160839351,0.4549333333333333,4.143012046813965,1
39.84477442712138,-122.6065615530529,29.77236709594729,29.388159584919944,2.895134626515109,0.38870000000000005,0.9432687759399414,1
37.122879116239226,-121.33993700244437,23.841540273030603,58.85665365004329,6.791416904134512,0.43610000000000004,0.29789218306541443,1
39.629178758932696,-122.795207762718,23.05630264282229,35.82510814509668,1.499580160839351,0.40515,1.99806809425354,1
41.057500060682734,-119.91161570069433,22.379707590738974,48.20769572293611,5.037090580242952,0.14015,0.048141080886125565,1
40.302915222022335,-120.74704891492549,20.850085194905603,44.57517650790129,4.137195630291062,0.3663,2.0306437015533447,1
39.92562280269213,-122.57961209452931,29.041084543863974,30.781299319185617,3.281127260966856,0.40340000000000004,1.2603912353515625,1
40.249016304975164,-120.69314999787832,20.12466201782229,47.857825977397546,3.647027413371691,0.4464,3.1198461055755615,1
39.87172388564496,-120.74704891492549,20.086657460530603,53.538322965007936,3.419161124004427,0.4975,2.281381130218506,1
38.012211247517556,-122.7682583041944,14.769925689697288,85.9111302667083,8.033466589466046,0.6652,0.7979876399040222,1
38.8745939202723,-122.25621859224628,27.458565012613974,34.32161628912597,6.039551998081874,0.4679666666666667,8.493270874023438,1
39.79087551007421,-122.66046047010006,26.738268788655603,31.221458925603123,1.970285893379809,0.3996,7.214733600616455,1
41.111398977729905,-123.41504530876047,20.781807200113974,39.43010015011469,1.5423578897511112,0.4757,2.9232325553894043,1
40.302915222022335,-120.63925108083114,21.582751210530603,43.66920638978761,4.530254689860761,0.39580000000000004,10.89549446105957,1
40.249016304975164,-120.7200994564019,20.12466201782229,47.857825977397546,3.647027413371691,0.3665,3.9846153259277344,1
39.71002713450345,-122.71435938714724,26.33633193969729,31.551174514176385,1.7399105628353246,0.40115,5.50693416595459,1
41.13834843625349,-119.91161570069433,22.379707590738974,48.20769572293611,5.037090580242952,0.17703333333333335,5.194621562957764,1
38.8745939202723,-122.2023196751991,28.306709543863974,33.17986242713171,6.158266144290547,0.42925,6.3035149574279785,1
39.89867334416855,-122.68740992862365,26.228340403238974,32.82667814640503,2.4726064729335793,0.44903333333333334,9.060386657714844,1
40.114269012357234,-122.74130884567083,26.627510325113974,34.50170147008579,2.8983343281968796,0.42615000000000003,10.20750617980957,1
38.57814987651285,-120.01941353478867,16.373671468098962,52.02549862248736,4.502572872625638,0.4375,6.034519672393799,0
33.53860113260234,-115.89614638068007,38.44349568684896,23.9007569535445,5.776936667792292,0.07415000000000001,2.5319039821624756,0
32.541471167229666,-114.62952183007154,37.54277954101565,29.311969599107044,6.191673324540239,0.317,0.03369886428117752,0
33.02656142065421,-115.59970233692063,39.23345336914065,18.614438975819567,5.726787571583514,0.4703,0.14035730063915253,0
34.805225683210864,-114.19833049369417,37.95285441080733,16.186777983301706,5.080465654589903,0.139,1.7933974266052246,0
41.865983816390305,-116.56988284376972,24.027154541015648,34.737858810070385,3.467048011308831,0.19255,1.5481092929840088,0
35.37116431220616,-116.51598392672254,32.43486938476565,19.060688175300218,9.651086959471966,0.10020000000000001,2.005422592163086,0
40.976651685111975,-118.91448573532166,25.683241780598962,27.074521012100217,6.143833244448205,0.09165000000000001,0.7298752665519714,0
37.958312330470385,-115.16851100054326,27.281142171223962,17.659914996986405,13.934017287121534,0.1466,3.288766860961914,0
36.422193194626004,-114.49477453745362,36.60959269205733,16.622014112456693,6.427739012322577,0.14265,2.0392873287200928,0
35.82930510710712,-114.3330777863121,33.40248006184896,15.369106534199883,9.119349204432332,0.1759,3.9987754821777344,0
38.20085745718265,-119.10313194498676,17.987685139973962,37.197488224942425,6.373711990162536,0.25520000000000004,3.720139503479004,0
40.94970222658839,-117.62091172618955,24.524387613932333,24.585396107062596,3.596800684517727,0.2164,6.7907304763793945,0
40.7341065583997,-114.27917886926494,26.012750244140648,29.236880006935955,1.5931115117332242,0.27926666666666666,0.8840309381484985,0
41.4886913970601,-120.26195866150094,20.314345296223962,38.68132280164344,4.3703820539108555,0.4086,1.2870073318481445,0
40.06037009531006,-116.83937742900557,24.921197509765648,27.48728580757853,4.210305880771772,0.2748,5.301489353179932,0
34.185388137168395,-119.10313194498676,23.357314046223962,71.75710751196728,7.741092307249877,0.44260000000000005,0.0937449261546135,0
37.095929657715644,-120.85484674901983,27.266330973307333,51.22812652662846,7.353344190599882,0.3513,0.07470320165157318,0
39.17103796403174,-122.63351101157649,26.035943603515648,41.13053635968466,2.2201219657274724,0.5132,3.4987528324127197,0
38.79374554470154,-116.0039442147744,25.220758056640648,17.828487767127594,15.05927844368153,0.116425,1.4127941131591797,0
39.27883579812608,-120.96264458311417,24.579888916015648,45.13237297475427,2.4350220970343255,0.7367,2.837270736694336,0
40.114269012357234,-114.8990164153074,23.767307535807333,24.77580849066432,5.553245410930774,0.3191,11.536865234375,0
38.38950366684775,-116.38123663410461,25.204319254557333,18.60444816547025,13.966002520447457,0.1579,6.808165073394775,0
35.74845673153636,-117.62091172618955,31.172825113932333,23.66459684271509,9.46148075262481,0.06925,0.045992184430360794,0
41.27309572887142,-123.09165180647744,21.402480061848962,41.6648462834336,1.2665001518509849,0.7632800000000001,9.592281341552734,0
32.75706683541835,-115.76139908806215,38.25151977539065,18.114922283023272,4.014662191006714,0.3044,0.27739521861076355,0
40.222066846451575,-123.36114639171329,22.718316650390648,44.53294176832199,2.0244702023282146,0.5625,3.798673629760742,0
36.6108394042911,-119.69602003250564,30.804986572265648,42.04722598012046,7.75098966209146,0.38230000000000003,0.07781766355037689,0
34.34708488830991,-114.84511749826024,36.18356730143233,14.874394603251098,5.107800862185694,0.124,3.3811259269714355,0
36.260496443484485,-118.75278898418014,23.937799072265648,39.057693257771,0.5199776377696868,0.528975,9.230002403259277,0
39.73697659302704,-122.7682583041944,22.672825113932333,42.02229598427913,1.0386860870504542,0.45570000000000005,7.212594509124756,1
36.260496443484485,-118.37549656484995,20.725966389973962,35.963842109324005,3.951458053192506,0.2936,13.493021965026855,1
37.50017153556943,-121.69027996325099,22.170546468098962,58.18372282429019,6.548217936617913,0.48760000000000003,2.2547028064727783,1
39.60222930040911,-122.82215722124158,22.032444254557333,43.16272728229739,0.8466443106764012,0.4549333333333333,4.143012046813965,1
41.21919681182425,-123.30724747466613,21.525282796223962,43.32921167468157,1.4834934424545896,0.6159666666666668,5.832929611206055,1
39.84477442712138,-122.6065615530529,28.946425374348962,39.18471319608475,3.059777598050516,0.38870000000000005,0.9432687759399414,1
37.122879116239226,-121.33993700244437,23.001845296223962,57.289994096817445,7.461829448105514,0.43610000000000004,0.29789218306541443,1
39.629178758932696,-122.795207762718,22.032444254557333,43.16272728229739,0.8466443106764012,0.40515,1.99806809425354,1
41.057500060682734,-119.91161570069433,22.466282145182333,38.46140457070775,5.578544068435439,0.14015,0.048141080886125565,1
40.302915222022335,-120.74704891492549,20.033339436848962,46.215391421109985,4.90609906432095,0.3663,2.0306437015533447,1
40.249016304975164,-120.69314999787832,19.596327718098962,47.68286316027599,4.414929033423172,0.4464,3.1198461055755615,1
38.8745939202723,-122.25621859224628,27.139052327473962,39.83238749625107,5.3772847049712835,0.4679666666666667,8.493270874023438,1
41.111398977729905,-123.44199476728406,18.900445556640648,43.170771041415804,1.5185562171971574,0.4404,2.8236608505249023,1
41.111398977729905,-123.41504530876047,18.900445556640648,43.170771041415804,1.5185562171971574,0.4757,2.9232325553894043,1
40.302915222022335,-120.63925108083114,20.734348551432333,44.97266847750449,5.180835384144059,0.39580000000000004,10.89549446105957,1
40.249016304975164,-120.7200994564019,19.596327718098962,47.68286316027599,4.414929033423172,0.3665,3.9846153259277344,1
39.79087551007421,-121.0973918757321,20.182102457682333,52.817255446143754,2.668704418702489,0.4687,1.6238951683044434,1
38.8745939202723,-122.2023196751991,27.853000895182333,38.52040447619373,5.708968688736938,0.42925,6.3035149574279785,1
39.81782496859779,-122.6065615530529,28.946425374348962,39.18471319608475,3.059777598050516,0.4056,3.708981990814209,1
41.057500060682734,-119.93856515921792,22.466282145182333,38.46140457070775,5.578544068435439,0.1627,1.7676507234573364,1
39.79087551007421,-121.07044241720851,20.182102457682333,52.817255446143754,2.668704418702489,0.34440000000000004,5.924889087677002,1
39.57527984188552,-122.7682583041944,22.032444254557333,43.16272728229739,0.8466443106764012,0.537825,3.7776710987091064,1
36.206597526437314,-118.34854710632636,18.824273681640648,36.40547981274255,4.49647988946983,0.3178,4.733201503753662,1
39.79087551007421,-121.04349295868494,19.744114176432333,55.16439090098106,3.039327470417718,0.34440000000000004,6.624410152435303,1
40.114269012357234,-122.9838539723831,20.381158447265648,41.30848791793256,1.1537352721535163,0.45020000000000004,2.243183135986328,1
40.32986468054592,-120.7200994564019,20.033339436848962,46.215391421109985,4.90609906432095,0.39580000000000004,7.007315158843994,1
37.068980199192055,-121.31298754392078,23.001845296223962,57.289994096817445,7.461829448105514,0.4466,2.4616377353668213,1
39.81782496859779,-121.01654350016135,19.744114176432333,55.16439090098106,3.039327470417718,0.4368,4.802198886871338,1
39.548330383361936,-122.84910667976517,22.878065999348962,44.22616074269764,0.9375520204645484,0.5459,5.7235636711120605,1
40.302915222022335,-120.7200994564019,20.033339436848962,46.215391421109985,4.90609906432095,0.3844,4.4415717124938965,1
38.57814987651285,-120.01941353478867,15.555030441284202,44.44555751959942,3.195083036263403,0.4375,6.034519672393799,0
33.53860113260234,-115.89614638068007,38.3343273162842,21.49496957352329,6.215211898965474,0.07415000000000001,2.5319039821624756,0
32.541471167229666,-114.62952183007154,37.69825960795089,27.435892713408006,8.84945121794616,0.317,0.03369886428117752,0
33.02656142065421,-115.59970233692063,39.01881624857589,15.274166977382794,6.7217918307977,0.4703,0.14035730063915253,0
34.805225683210864,-114.19833049369417,38.49700635274252,14.53608159568653,5.484585618380917,0.139,1.7933974266052246,0
41.865983816390305,-116.56988284376972,22.158301925659202,42.91043963312421,5.964208526561467,0.19255,1.5481092929840088,0
35.37116431220616,-116.51598392672254,31.479916508992517,17.063213073622105,11.00205586878899,0.10020000000000001,2.005422592163086,0
40.976651685111975,-118.91448573532166,24.863868331909202,27.4284326491593,6.007682940330716,0.09165000000000001,0.7298752665519714,0
37.958312330470385,-115.16851100054326,26.568865076700888,12.308619550768674,12.9504076701064,0.1466,3.288766860961914,0
36.422193194626004,-114.49477453745362,36.28077913920089,13.917983147244465,10.08064800410798,0.14265,2.0392873287200928,0
35.82930510710712,-114.3330777863121,33.59962679545089,14.070313215021784,9.899669421784875,0.1759,3.9987754821777344,0
38.20085745718265,-119.10313194498676,17.107764816284202,37.830317334145285,4.1727942482516145,0.25520000000000004,3.720139503479004,0
40.94970222658839,-117.62091172618955,23.888689295450888,22.07454182387951,6.230350334820472,0.2164,6.7907304763793945,0
40.7341065583997,-114.27917886926494,24.576596196492517,26.596334023885277,4.062829951029823,0.27926666666666666,0.8840309381484985,0
41.4886913970601,-120.26195866150094,18.992449061075888,47.65156983465753,2.384823874988842,0.4086,1.2870073318481445,0
40.06037009531006,-116.83937742900557,24.123715337117517,22.403637899222232,7.484847083281106,0.2748,5.301489353179932,0
34.185388137168395,-119.10313194498676,24.308204269409202,69.81995894149327,5.014349426672782,0.44260000000000005,0.0937449261546135,0
37.095929657715644,-120.85484674901983,24.707048670450888,43.07903113954122,7.8743919068570625,0.3513,0.07470320165157318,0
39.17103796403174,-122.63351101157649,24.823910649617517,36.93997218939234,2.0071239083754566,0.5132,3.4987528324127197,0
38.79374554470154,-116.0039442147744,24.273210779825888,14.857224931495772,7.648320402880961,0.116425,1.4127941131591797,0
39.27883579812608,-120.96264458311417,23.420671717325888,44.871704747441996,1.7045976541610126,0.7367,2.837270736694336,0
40.114269012357234,-114.8990164153074,23.829851404825888,14.135693720310808,7.742684179688406,0.3191,11.536865234375,0
38.38950366684775,-116.38123663410461,24.270443852742517,15.12703261091059,7.740725886894801,0.1579,6.808165073394775,0
35.74845673153636,-117.62091172618955,28.953712081909202,25.146587330357452,9.381729090913002,0.06925,0.045992184430360794,0
41.27309572887142,-123.09165180647744,20.679216639200888,47.120792596710416,2.1431905441033248,0.7632800000000001,9.592281341552734,0
32.75706683541835,-115.76139908806215,38.34222119649252,14.28184803762163,5.909016060096477,0.3044,0.27739521861076355,0
40.222066846451575,-123.36114639171329,22.809018071492517,42.99069964409147,2.597067882256634,0.5625,3.798673629760742,0
36.6108394042911,-119.69602003250564,29.682146326700888,35.88326468003549,9.036672923501847,0.38230000000000003,0.07781766355037689,0
34.34708488830991,-114.84511749826024,36.48357861836752,12.099414251176038,9.0811928819733,0.124,3.3811259269714355,0
36.260496443484485,-118.75278898418014,22.953061040242517,39.83536726850999,0.42699341220241904,0.528975,9.230002403259277,0
36.28744590200807,-118.37549656484995,18.861182785034202,38.920197350048014,3.920719597226888,0.3433,8.715262413024902,1
39.73697659302704,-122.7682583041944,22.157162602742517,39.160491174873634,2.453192866060699,0.45570000000000005,7.212594509124756,1
39.89867334416855,-122.66046047010006,24.388282394409202,43.97163229251499,2.417887076448187,0.44903333333333334,6.816861152648926,1
41.19224735330066,-120.10026191035944,18.068702316284202,48.97278459934963,3.360946132771332,0.28596666666666665,6.254749774932861,1
36.260496443484485,-118.37549656484995,18.861182785034202,38.920197350048014,3.920719597226888,0.2936,13.493021965026855,1
39.60222930040911,-122.82215722124158,21.505225753784202,39.32324101687741,2.289118375908037,0.4549333333333333,4.143012046813965,1
39.84477442712138,-122.6065615530529,27.949805831909202,38.70400210610991,3.1609604981063857,0.38870000000000005,0.9432687759399414,1
41.19224735330066,-123.36114639171329,20.451107915242517,45.28805112282544,2.049573178303653,0.5449,4.865067005157471,1
37.122879116239226,-121.33993700244437,20.668230311075888,50.81242728244722,7.301136677259673,0.43610000000000004,0.29789218306541443,1
40.302915222022335,-120.74704891492549,19.573096847534202,42.80600861408893,2.4067255155996405,0.3663,2.0306437015533447,1
38.92849283731947,-122.28316805076987,25.287940597534202,38.06969307968463,2.2066342193643824,0.45080000000000003,4.749314785003662,1
38.8745939202723,-122.25621859224628,25.287940597534202,38.06969307968463,2.2066342193643824,0.4679666666666667,8.493270874023438,1
39.79087551007421,-122.66046047010006,24.812354660034202,41.23048867552673,3.185961405187041,0.3996,7.214733600616455,1
38.90154337879588,-122.2023196751991,25.661475753784202,37.90709082326381,3.174544107141182,0.45080000000000003,1.6406172513961792,1
41.111398977729905,-123.41504530876047,19.076026535034202,44.89702987916026,1.5623771889845546,0.4757,2.9232325553894043,1
40.249016304975164,-120.7200994564019,19.134783045450888,42.76853184199409,1.9477572411320938,0.3665,3.9846153259277344,1
39.79087551007421,-121.0973918757321,19.652686691284202,48.862399964106324,1.3756876494275494,0.4687,1.6238951683044434,1
38.8745939202723,-122.2023196751991,25.661475753784202,37.90709082326381,3.174544107141182,0.42925,6.3035149574279785,1
39.89867334416855,-122.68740992862365,24.388282394409202,43.97163229251499,2.417887076448187,0.44903333333333334,9.060386657714844,1
41.057500060682734,-119.93856515921792,20.686296717325888,45.241987511319465,4.860619957008294,0.1627,1.7676507234573364,1
36.206597526437314,-118.34854710632636,17.244564946492517,37.119784765719274,5.000223165109092,0.3178,4.733201503753662,1
40.114269012357234,-122.9838539723831,19.879005050659202,42.00809381839769,2.199746666965159,0.45020000000000004,2.243183135986328,1
36.07185023381939,-121.50163375358589,17.984717941284202,51.51240702079695,14.601843271948471,0.5643,3.7298405170440674,1
39.81782496859779,-121.01654350016135,19.276791508992517,49.86004637673475,1.567985970784099,0.4368,4.802198886871338,1
39.548330383361936,-122.84910667976517,22.301531092325888,38.783611052387926,2.1993392755788297,0.5459,5.7235636711120605,1
40.302915222022335,-120.7200994564019,19.573096847534202,42.80600861408893,2.4067255155996405,0.3844,4.4415717124938965,1
39.92562280269213,-122.63351101157649,27.296404139200888,41.3591205118346,2.273215960992233,0.41235,9.876971244812012,1
39.84477442712138,-120.77399837344907,18.851905441284202,48.909394081055034,1.9750658106631014,0.6799333333333334,5.896250247955322,1
36.07185023381939,-121.52858321210947,17.984717941284202,51.51240702079695,14.601843271948471,0.5643,6.406882286071777,1
38.90154337879588,-122.2292691337227,25.661475753784202,37.90709082326381,3.174544107141182,0.45080000000000003,4.282115459442139,1
38.57814987651285,-120.01941353478867,16.741890843709314,37.49566890480695,1.115802253327845,0.4375,6.034519672393799,0
33.53860113260234,-115.89614638068007,37.355009333292685,20.335992951786295,6.160402708469708,0.07415000000000001,2.5319039821624756,0
32.541471167229666,-114.62952183007154,37.338326390584314,25.86672870780129,8.032692828867118,0.317,0.03369886428117752,0
33.02656142065421,-115.59970233692063,38.472766494751,15.252527694635514,6.879735221463883,0.4703,0.14035730063915253,0
34.805225683210864,-114.19833049369417,38.033069229126,10.867703200330219,4.768226504782352,0.139,1.7933974266052246,0
41.865983816390305,-116.56988284376972,22.100370661417685,33.095802848348136,9.095510310479431,0.19255,1.5481092929840088,0
35.37116431220616,-116.51598392672254,31.188424046834314,13.855678555376208,9.168623655446126,0.10020000000000001,2.005422592163086,0
40.976651685111975,-118.91448573532166,25.794381078084314,19.8492608654376,7.488771912891934,0.09165000000000001,0.7298752665519714,0
37.958312330470385,-115.16851100054326,26.050728734334314,11.618999334002346,11.522124137618025,0.1466,3.288766860961914,0
36.422193194626004,-114.49477453745362,35.440458552042685,11.036957123620383,6.766831658805718,0.14265,2.0392873287200928,0
35.82930510710712,-114.3330777863121,32.421334203084314,11.560054504511982,6.948421187479365,0.1759,3.9987754821777344,0
38.20085745718265,-119.10313194498676,19.617460505167685,22.183446339677477,2.3938857155925093,0.25520000000000004,3.720139503479004,0
40.94970222658839,-117.62091172618955,23.450549697876,21.517761014077752,5.6872100213818815,0.2164,6.7907304763793945,0
40.7341065583997,-114.27917886926494,23.264189020792685,25.90503232226785,5.000590415577359,0.27926666666666666,0.8840309381484985,0
41.4886913970601,-120.26195866150094,20.679634984334314,31.71408920824043,3.692644146250999,0.4086,1.2870073318481445,0
40.06037009531006,-116.83937742900557,23.667672093709314,22.223466185151338,6.033077039333936,0.2748,5.301489353179932,0
34.185388137168395,-119.10313194498676,22.447945531209314,63.55676016915473,8.389463560252661,0.44260000000000005,0.0937449261546135,0
37.095929657715644,-120.85484674901983,26.690946833292685,42.611624472349455,4.644828794516312,0.3513,0.07470320165157318,0
39.17103796403174,-122.63351101157649,26.869088109334314,25.7277742007063,1.1664002248035146,0.5132,3.4987528324127197,0
38.79374554470154,-116.0039442147744,24.088570531209314,13.3721152846355,5.247836109123643,0.116425,1.4127941131591797,0
39.27883579812608,-120.96264458311417,24.380644098917685,34.63088832914239,0.3368632704426441,0.7367,2.837270736694336,0
40.114269012357234,-114.8990164153074,21.877795791626,22.068374001781493,2.2285515778630662,0.3191,11.536865234375,0
38.38950366684775,-116.38123663410461,24.667834854126,13.443168389057394,7.035443483828608,0.1579,6.808165073394775,0
35.74845673153636,-117.62091172618955,29.409696833292685,15.504027348696228,8.1163027218174,0.06925,0.045992184430360794,0
41.27309572887142,-123.09165180647744,22.130237197876,36.35926457956733,2.684554034738423,0.7632800000000001,9.592281341552734,0
32.75706683541835,-115.76139908806215,37.340360895792685,14.06596748246121,5.218888568101772,0.3044,0.27739521861076355,0
40.222066846451575,-123.36114639171329,24.984729385376,37.21105127469716,2.9131409325382727,0.5625,3.798673629760742,0
36.6108394042911,-119.69602003250564,29.775745010376,35.404595279423496,6.239962546705739,0.38230000000000003,0.07781766355037689,0
34.34708488830991,-114.84511749826024,35.192411677042685,10.70081060255908,7.13085845094319,0.124,3.3811259269714355,0
36.260496443484485,-118.75278898418014,22.824247614542685,26.574632020749263,1.171650876454611,0.528975,9.230002403259277,0
41.030550602159146,-119.9655146177415,22.098987197876,28.181029388057095,6.044368136014436,0.14980000000000002,0.34605538845062256,1
37.122879116239226,-121.42078537801513,22.416858291626,48.906559941320374,4.214811101118452,0.49400000000000005,3.6913371086120605,1
36.28744590200807,-118.37549656484995,19.199166234334314,27.31627317937237,2.586376349254363,0.3433,8.715262413024902,1
39.87172388564496,-122.66046047010006,26.180448786417685,26.990273326546998,1.1891006901291317,0.45640000000000003,7.654467582702637,1
37.203727491809985,-121.36688646096796,23.656848526001,40.87705653005595,3.7184658847776477,0.3937,2.8443796634674072,1
39.89867334416855,-122.66046047010006,26.180448786417685,26.990273326546998,1.1891006901291317,0.44903333333333334,6.816861152648926,1
36.260496443484485,-118.37549656484995,19.199166234334314,27.31627317937237,2.586376349254363,0.2936,13.493021965026855,1
37.203727491809985,-121.42078537801513,23.656848526001,40.87705653005595,3.7184658847776477,0.4354,3.4674580097198486,1
37.23067695033357,-121.44773483653871,23.656848526001,40.87705653005595,3.7184658847776477,0.3937,0.9506561160087585,1
39.60222930040911,-122.82215722124158,23.608427302042685,28.273188444196567,1.025646032175587,0.4549333333333333,4.143012046813965,1
39.84477442712138,-122.6065615530529,28.748808161417685,25.076827041905215,1.1737454849998425,0.38870000000000005,0.9432687759399414,1
41.19224735330066,-123.36114639171329,22.279569880167685,34.886171705178114,2.293310607951165,0.5449,4.865067005157471,1
39.629178758932696,-122.795207762718,23.608427302042685,28.273188444196567,1.025646032175587,0.40515,1.99806809425354,1
40.14121847088082,-122.82215722124158,23.992541885376,29.65061375350476,1.1151534180125189,0.4521,1.7878050804138184,1
37.203727491809985,-121.44773483653871,23.656848526001,40.87705653005595,3.7184658847776477,0.4354,3.4570319652557373,1
39.87172388564496,-120.74704891492549,20.658476130167685,36.258451641091774,1.5321274799034663,0.4975,2.281381130218506,1
41.111398977729905,-123.44199476728406,20.907255427042685,35.378308457860804,1.8664257531119033,0.4404,2.8236608505249023,1
41.111398977729905,-123.41504530876047,20.907255427042685,35.378308457860804,1.8664257531119033,0.4757,2.9232325553894043,1
39.89867334416855,-120.74704891492549,20.658476130167685,36.258451641091774,1.5321274799034663,0.59385,3.0232701301574707,1
39.79087551007421,-121.0973918757321,21.207955296834314,37.09275109694596,1.635513101993564,0.4687,1.6238951683044434,1
39.89867334416855,-122.68740992862365,26.180448786417685,26.990273326546998,1.1891006901291317,0.44903333333333334,9.060386657714844,1
39.81782496859779,-122.6065615530529,28.748808161417685,25.076827041905215,1.1737454849998425,0.4056,3.708981990814209,1
39.57527984188552,-122.7682583041944,23.608427302042685,28.273188444196567,1.025646032175587,0.537825,3.7776710987091064,1
36.206597526437314,-118.34854710632636,16.960722223917685,27.91195168926969,3.406408762419382,0.3178,4.733201503753662,1
39.81782496859779,-121.04349295868494,20.859729385376,38.08410615076167,1.9183545274481888,0.5587333333333333,4.6025800704956055,1
39.494431466314765,-122.90300559681233,24.586942927042685,30.1297719689155,1.2233522464324023,0.5619333333333333,7.332916259765625,1
41.003601143635564,-119.88466624217075,23.339140192667685,26.787529800655857,6.762116989021037,0.14980000000000002,0.2198004424571991,1
39.81782496859779,-121.07044241720851,21.207955296834314,37.09275109694596,1.635513101993564,0.5587333333333333,8.577701568603516,1
39.81782496859779,-121.01654350016135,20.859729385376,38.08410615076167,1.9183545274481888,0.4368,4.802198886871338,1
40.302915222022335,-120.7200994564019,21.300972874959314,36.17518120101052,2.6023218933020402,0.3844,4.4415717124938965,1
38.57814987651285,-120.01941353478867,17.451816813151083,38.410452766603534,1.3435310489304688,0.4375,6.034519672393799,0
33.53860113260234,-115.89614638068007,36.34561564127608,20.773682486762336,3.433201133119232,0.07415000000000001,2.5319039821624756,0
32.541471167229666,-114.62952183007154,35.72541707356771,41.38358749310609,19.623602791801602,0.317,0.03369886428117752,0
33.02656142065421,-115.59970233692063,37.23013712565108,15.162843783791805,4.408702357493324,0.4703,0.14035730063915253,0
34.805225683210864,-114.19833049369417,35.74372762044271,16.53987412588622,9.596199819066372,0.139,1.7933974266052246,0
41.865983816390305,-116.56988284376972,22.596266682942712,33.974510683248205,1.3416400509952313,0.19255,1.5481092929840088,0
35.37116431220616,-116.51598392672254,30.997633870442712,11.169690621903296,8.436513447248378,0.10020000000000001,2.005422592163086,0
40.976651685111975,-118.91448573532166,27.251784261067712,14.89947588765739,1.9660283229866529,0.09165000000000001,0.7298752665519714,0
37.958312330470385,-115.16851100054326,25.789056396484398,16.70243952179515,11.383439375200135,0.1466,3.288766860961914,0
36.422193194626004,-114.49477453745362,35.01749064127608,18.078346288992563,6.696299851295373,0.14265,2.0392873287200928,0
35.82930510710712,-114.3330777863121,31.863519287109398,13.658801360293138,12.910766278506534,0.1759,3.9987754821777344,0
38.20085745718265,-119.10313194498676,20.548333740234398,22.169752780559747,2.204494026911174,0.25520000000000004,3.720139503479004,0
40.94970222658839,-117.62091172618955,24.410719807942712,16.98425508862115,3.045232687088562,0.2164,6.7907304763793945,0
40.7341065583997,-114.27917886926494,23.778395589192712,24.326886016186442,3.266582424220395,0.27926666666666666,0.8840309381484985,0
41.4886913970601,-120.26195866150094,21.848138427734398,27.31591092052031,1.958865241583845,0.4086,1.2870073318481445,0
40.06037009531006,-116.83937742900557,25.023919677734398,18.044944492179678,4.402840472633501,0.2748,5.301489353179932,0
34.185388137168395,-119.10313194498676,20.423822021484398,75.13139952236159,6.530954039183681,0.44260000000000005,0.0937449261546135,0
37.095929657715644,-120.85484674901983,27.575596110026083,39.66124806164528,6.109633292020414,0.3513,0.07470320165157318,0
39.17103796403174,-122.63351101157649,27.273431396484398,34.053705027993466,0.4810529034037521,0.5132,3.4987528324127197,0
38.79374554470154,-116.0039442147744,24.087314860026083,13.878567354574361,12.01445457418753,0.116425,1.4127941131591797,0
39.27883579812608,-120.96264458311417,24.680576578776083,40.21542741621481,1.0970068590004374,0.7367,2.837270736694336,0
40.114269012357234,-114.8990164153074,22.534906005859398,16.50098179265559,4.968389668738038,0.3191,11.536865234375,0
38.38950366684775,-116.38123663410461,24.172601318359398,14.756169362155621,11.059746386455679,0.1579,6.808165073394775,0
35.74845673153636,-117.62091172618955,29.609368896484398,13.102206182723888,7.055016127248572,0.06925,0.045992184430360794,0
41.27309572887142,-123.09165180647744,23.768548583984398,33.58264863421244,1.9528964007303637,0.7632800000000001,9.592281341552734,0
32.75706683541835,-115.76139908806215,36.2634216308594,14.217696913789354,5.279762589718569,0.3044,0.27739521861076355,0
40.222066846451575,-123.36114639171329,25.184075927734398,39.93372611701078,1.9837227837132037,0.5625,3.798673629760742,0
36.6108394042911,-119.69602003250564,30.488437906901083,30.89290175873488,5.023593330923376,0.38230000000000003,0.07781766355037689,0
34.34708488830991,-114.84511749826024,34.5554138183594,16.731552460872255,11.886235079597345,0.124,3.3811259269714355,0
36.260496443484485,-118.75278898418014,23.526116943359398,30.710401228636524,0.9400830734156882,0.528975,9.230002403259277,0
41.030550602159146,-119.9655146177415,24.032464599609398,21.391731037371695,2.7730820215414695,0.14980000000000002,0.34605538845062256,1
39.92562280269213,-122.68740992862365,26.991367594401083,30.14086229385413,2.2445261311917015,0.42995,10.306111335754395,1
37.122879116239226,-121.42078537801513,22.443027750651083,46.585143347522326,5.771814173522731,0.49400000000000005,3.6913371086120605,1
36.28744590200807,-118.37549656484995,20.140456136067712,29.964990002330318,2.1604445095926903,0.3433,8.715262413024902,1
41.003601143635564,-119.9655146177415,24.032464599609398,21.391731037371695,2.7730820215414695,0.20565,1.8158992528915405,1
39.73697659302704,-122.7682583041944,25.012200927734398,31.210534782746187,0.7911964763659368,0.45570000000000005,7.212594509124756,1
39.87172388564496,-122.66046047010006,26.991367594401083,30.14086229385413,2.2445261311917015,0.45640000000000003,7.654467582702637,1
41.030550602159146,-119.9924640762651,24.032464599609398,21.391731037371695,2.7730820215414695,0.18610000000000002,2.805382251739502,1
36.260496443484485,-118.37549656484995,20.140456136067712,29.964990002330318,2.1604445095926903,0.2936,13.493021965026855,1
41.003601143635564,-119.93856515921792,25.240391031901083,21.229893751916723,2.8918453172141874,0.18610000000000002,1.2962502241134644,1
39.84477442712138,-122.6065615530529,29.695957438151083,28.069695768266033,2.940073569958576,0.38870000000000005,0.9432687759399414,1
41.19224735330066,-123.36114639171329,22.910475667317712,36.23684754494245,1.985267988367843,0.5449,4.865067005157471,1
39.629178758932696,-122.795207762718,24.501295979817712,32.30762697704332,0.569373067140902,0.40515,1.99806809425354,1
41.030550602159146,-120.10026191035944,23.024407958984398,22.011711110467278,3.1312135901988762,0.24530000000000002,4.384785175323486,1
40.14121847088082,-122.82215722124158,24.936842854817712,32.5679490103114,1.7944940980274038,0.4521,1.7878050804138184,1
39.87172388564496,-120.74704891492549,21.713291422526083,38.630124455641635,2.7144532022124452,0.4975,2.281381130218506,1
36.17964806791373,-118.29464818927919,18.362624104817712,27.685709500040595,2.5379265260373916,0.42455000000000004,2.5192954540252686,1
41.003601143635564,-120.04636299331226,24.032464599609398,21.391731037371695,2.7730820215414695,0.24530000000000002,5.883730888366699,1
38.8745939202723,-122.25621859224628,27.651930745442712,36.64040355338411,3.1953963693717564,0.4679666666666667,8.493270874023438,1
41.111398977729905,-123.41504530876047,21.558343505859398,37.2687732579381,1.5830291199618483,0.4757,2.9232325553894043,1
39.89867334416855,-120.74704891492549,21.713291422526083,38.630124455641635,2.7144532022124452,0.59385,3.0232701301574707,1
39.71002713450345,-122.71435938714724,27.108555094401083,28.542229617149882,1.4392687845530683,0.40115,5.50693416595459,1
39.79087551007421,-121.0973918757321,21.578281656901083,44.08159921776273,1.3151288660007774,0.4687,1.6238951683044434,1
40.114269012357234,-122.74130884567083,27.208489990234398,32.86871124494824,2.8918146581227577,0.42615000000000003,10.20750617980957,1
41.057500060682734,-119.93856515921792,25.214267985026083,20.958727619916875,3.326945354520195,0.1627,1.7676507234573364,1
36.206597526437314,-118.34854710632636,18.362624104817712,27.685709500040595,2.5379265260373916,0.3178,4.733201503753662,1
39.81782496859779,-121.04349295868494,21.354486083984398,45.124802826493635,1.758232756861147,0.5587333333333333,4.6025800704956055,1
40.114269012357234,-122.9838539723831,22.935052490234398,34.369438682101176,0.7127097142023413,0.45020000000000004,2.243183135986328,1
39.494431466314765,-122.90300559681233,24.776035563151083,36.662303318024435,0.3185925444254714,0.5619333333333333,7.332916259765625,1
41.003601143635564,-119.88466624217075,25.240391031901083,21.229893751916723,2.8918453172141874,0.14980000000000002,0.2198004424571991,1
38.57814987651285,-120.01941353478867,16.947620646158896,42.7584337484862,2.023397220963697,0.4375,6.034519672393799,0
33.53860113260234,-115.89614638068007,34.30951843261721,28.68198663376173,3.2699881017882695,0.07415000000000001,2.5319039821624756,0
32.541471167229666,-114.62952183007154,33.511015828450525,49.791942816366316,18.168226473897086,0.317,0.03369886428117752,0
33.02656142065421,-115.59970233692063,35.119495646158896,37.388455578008056,5.191205914000268,0.4703,0.14035730063915253,0
34.805225683210864,-114.19833049369417,32.50580749511721,37.350756646957265,11.995666896318232,0.139,1.7933974266052246,0
41.865983816390305,-116.56988284376972,21.491321818033896,16.06619604653689,14.000784993720913,0.19255,1.5481092929840088,0
35.37116431220616,-116.51598392672254,29.050322469075525,13.239937270630486,7.317513016907617,0.10020000000000001,2.005422592163086,0
40.976651685111975,-118.91448573532166,25.41620788574221,15.704126039912229,7.749710451291651,0.09165000000000001,0.7298752665519714,0
37.958312330470385,-115.16851100054326,25.03510437011721,13.746372295840722,10.101651336323185,0.1466,3.288766860961914,0
36.422193194626004,-114.49477453745362,32.69062194824221,23.74773867383698,12.888322322751634,0.14265,2.0392873287200928,0
35.82930510710712,-114.3330777863121,29.485706583658896,27.597852531890403,15.9010686346399,0.1759,3.9987754821777344,0
38.20085745718265,-119.10313194498676,19.236113484700525,30.728690699750032,2.364419284793008,0.25520000000000004,3.720139503479004,0
40.94970222658839,-117.62091172618955,23.317005411783896,14.861681519987854,6.936000900447684,0.2164,6.7907304763793945,0
40.7341065583997,-114.27917886926494,23.727161661783896,13.633225494101836,10.206956233465744,0.27926666666666666,0.8840309381484985,0
41.4886913970601,-120.26195866150094,19.623646036783896,31.08230464382001,5.807343232509597,0.4086,1.2870073318481445,0
40.06037009531006,-116.83937742900557,24.38422546386721,14.074746378224951,7.8361012256006015,0.2748,5.301489353179932,0
34.185388137168395,-119.10313194498676,19.829863484700525,78.15050694992405,5.5935673846313225,0.44260000000000005,0.0937449261546135,0
37.095929657715644,-120.85484674901983,26.56244812011721,41.79619743546174,6.83902594551947,0.3513,0.07470320165157318,0
39.17103796403174,-122.63351101157649,26.612822469075525,38.94653344099454,0.23473175380524758,0.5132,3.4987528324127197,0
38.79374554470154,-116.0039442147744,23.969756062825525,12.033877434266364,6.568004940729481,0.116425,1.4127941131591797,0
39.27883579812608,-120.96264458311417,24.39496765136721,38.99626782004995,0.6130150366683963,0.7367,2.837270736694336,0
40.114269012357234,-114.8990164153074,22.10273132324221,14.86617272133672,8.762872278413836,0.3191,11.536865234375,0
38.38950366684775,-116.38123663410461,23.789580281575525,12.666283740117468,8.488407588827386,0.1579,6.808165073394775,0
35.74845673153636,-117.62091172618955,28.609241739908896,16.12585624975929,6.43535600612527,0.06925,0.045992184430360794,0
41.27309572887142,-123.09165180647744,21.050322469075525,34.11585448668333,4.47890719924188,0.7632800000000001,9.592281341552734,0
32.75706683541835,-115.76139908806215,33.880481974283896,23.009797374411626,2.097849475995254,0.3044,0.27739521861076355,0
40.222066846451575,-123.36114639171329,23.54486999511721,42.35181940651272,2.7886469110784273,0.5625,3.798673629760742,0
36.6108394042911,-119.69602003250564,30.00458679199221,31.182525107898435,7.429879794571061,0.38230000000000003,0.07781766355037689,0
34.34708488830991,-114.84511749826024,31.521839396158896,35.87385179444739,13.580184923795015,0.124,3.3811259269714355,0
36.260496443484485,-118.75278898418014,23.142200724283896,28.222124028488665,0.9785498353114273,0.528975,9.230002403259277,0
39.92562280269213,-122.68740992862365,26.319202677408896,36.105025619962824,1.1608023098243547,0.42995,10.306111335754395,1
39.73697659302704,-122.7682583041944,24.35224304199221,36.8754174526315,0.8376187195942699,0.45570000000000005,7.212594509124756,1
39.87172388564496,-122.66046047010006,26.319202677408896,36.105025619962824,1.1608023098243547,0.45640000000000003,7.654467582702637,1
39.76392605155062,-122.7682583041944,24.762968953450525,37.03082569106711,0.847695334983772,0.37160000000000004,7.408403396606445,1
36.09879969234297,-118.37549656484995,20.21528015136721,25.13899710553438,1.1880293793035528,0.4016,7.548308372497559,1
39.60222930040911,-122.82215722124158,23.910185750325525,38.1300484109647,0.8477354123511791,0.4549333333333333,4.143012046813965,1
39.84477442712138,-122.6065615530529,29.13569030761721,33.4011873300401,1.938766908825946,0.38870000000000005,0.9432687759399414,1
41.19224735330066,-123.36114639171329,21.598662312825525,33.46337734417275,2.9837576134314183,0.5449,4.865067005157471,1
39.629178758932696,-122.795207762718,23.910185750325525,38.1300484109647,0.8477354123511791,0.40515,1.99806809425354,1
38.012211247517556,-122.7682583041944,13.341419474283896,88.8014663932826,8.290254846996605,0.6652,0.7979876399040222,1
36.17964806791373,-118.29464818927919,17.72870788574221,27.394795831357715,1.2007774501292914,0.42455000000000004,2.5192954540252686,1
39.79087551007421,-121.0973918757321,21.167103068033896,43.906438490202326,1.0986246608550922,0.4687,1.6238951683044434,1
36.07185023381939,-118.32159764780278,18.23334655761721,24.76739825471699,1.328564638247695,0.4016,3.5677640438079834,1
40.114269012357234,-122.74130884567083,26.732695515950525,36.12457280619347,1.2345136612590921,0.42615000000000003,10.20750617980957,1
41.057500060682734,-119.93856515921792,22.099964396158896,25.692806995064053,8.777749781255759,0.1627,1.7676507234573364,1
39.57527984188552,-122.7682583041944,23.910185750325525,38.1300484109647,0.8477354123511791,0.537825,3.7776710987091064,1
36.206597526437314,-118.34854710632636,17.72870788574221,27.394795831357715,1.2007774501292914,0.3178,4.733201503753662,1
40.114269012357234,-122.9838539723831,22.128284708658896,37.839481084588414,1.4371702051496307,0.45020000000000004,2.243183135986328,1
39.494431466314765,-122.90300559681233,24.17695007324221,42.187367956456974,0.5285783137102036,0.5619333333333333,7.332916259765625,1
36.07185023381939,-118.37549656484995,20.21528015136721,25.13899710553438,1.1880293793035528,0.44260000000000005,13.50788402557373,1
39.81782496859779,-121.01654350016135,20.757597859700525,45.878124863545885,1.4327467839392423,0.4368,4.802198886871338,1
39.89867334416855,-122.71435938714724,26.319202677408896,36.105025619962824,1.1608023098243547,0.45640000000000003,4.731875419616699,1
39.92562280269213,-122.63351101157649,28.663685099283896,33.56728878531855,1.5977410278841546,0.41235,9.876971244812012,1
38.551200417989264,-119.48042436431696,21.18232116699221,33.026395887497515,2.4508827237730015,0.33776666666666666,2.1833035945892334,1
40.06037009531006,-122.74130884567083,26.732695515950525,36.12457280619347,1.2345136612590921,0.6646000000000001,1.1371654272079468,1
41.057500060682734,-119.9924640762651,21.400501505533896,26.881665004116286,8.147338101296992,0.20695000000000002,4.1427812576293945,1
37.257626408857156,-121.4746842950623,22.633167521158896,42.261493159938105,4.943224857472263,0.38915,0.8617421984672546,1
36.206597526437314,-118.32159764780278,17.72870788574221,27.394795831357715,1.2007774501292914,0.3178,11.251980781555176,1
39.60222930040911,-122.795207762718,23.910185750325525,38.1300484109647,0.8477354123511791,0.4549333333333333,3.7177953720092773,1
36.0449007752958,-121.4746842950623,18.843860880533896,63.80759708873214,3.1054786064555526,0.5487000000000001,3.88651704788208,1
38.57814987651285,-120.01941353478867,17.53656921386721,33.76043119769397,3.8262785204270373,0.4375,6.034519672393799,0
33.53860113260234,-115.89614638068007,32.095976765950525,40.81082396144872,5.270130948235585,0.07415000000000001,2.5319039821624756,0
32.541471167229666,-114.62952183007154,32.650175984700525,50.30500015688699,13.13972839232399,0.317,0.03369886428117752,0
33.02656142065421,-115.59970233692063,33.988066609700525,42.712031012063306,7.417510788306532,0.4703,0.14035730063915253,0
34.805225683210864,-114.19833049369417,31.697295125325525,35.80967980918112,9.589035304168391,0.139,1.7933974266052246,0
41.865983816390305,-116.56988284376972,17.30756530761721,18.09963430826086,12.988622019319623,0.19255,1.5481092929840088,0
35.37116431220616,-116.51598392672254,28.878772989908896,12.751692368480583,6.9524940098020815,0.10020000000000001,2.005422592163086,0
40.976651685111975,-118.91448573532166,22.794463094075525,11.798436754528192,6.508149653684787,0.09165000000000001,0.7298752665519714,0
37.958312330470385,-115.16851100054326,25.043974812825525,11.902942505285532,9.833828168310143,0.1466,3.288766860961914,0
36.422193194626004,-114.49477453745362,31.595244344075525,23.385978676534894,11.106705600391352,0.14265,2.0392873287200928,0
35.82930510710712,-114.3330777863121,28.777617390950525,28.380658192731534,14.043278869250267,0.1759,3.9987754821777344,0
38.20085745718265,-119.10313194498676,20.273711140950525,25.192737994817442,4.881870162972031,0.25520000000000004,3.720139503479004,0
40.94970222658839,-117.62091172618955,19.926787312825525,12.860529224251522,7.600431926737769,0.2164,6.7907304763793945,0
40.7341065583997,-114.27917886926494,20.34906921386721,13.65125552459698,8.8154283457306,0.27926666666666666,0.8840309381484985,0
41.4886913970601,-120.26195866150094,18.38276062011721,29.701206702060663,4.989160123128102,0.4086,1.2870073318481445,0
40.06037009531006,-116.83937742900557,21.355986531575525,13.518553648394443,9.11877269645877,0.2748,5.301489353179932,0
34.185388137168395,-119.10313194498676,19.581328328450525,80.64310289346186,5.49582555709328,0.44260000000000005,0.0937449261546135,0
37.095929657715644,-120.85484674901983,26.71308288574221,40.80063274006077,5.7132372363977835,0.3513,0.07470320165157318,0
39.17103796403174,-122.63351101157649,27.23383483886721,29.91917486584815,1.1260154824579016,0.5132,3.4987528324127197,0
38.79374554470154,-116.0039442147744,23.03778991699221,13.660359724526932,8.245973867875705,0.116425,1.4127941131591797,0
39.27883579812608,-120.96264458311417,24.220732625325525,40.96808540116381,0.6263645100301072,0.7367,2.837270736694336,0
40.114269012357234,-114.8990164153074,19.31122741699221,15.786147777118936,9.94329879333905,0.3191,11.536865234375,0
38.38950366684775,-116.38123663410461,23.97797546386721,13.686657810656222,8.492192554362559,0.1579,6.808165073394775,0
35.74845673153636,-117.62091172618955,29.180693562825525,15.541443016280917,7.021649256458649,0.06925,0.045992184430360794,0
41.27309572887142,-123.09165180647744,20.047718302408896,29.60115328926668,5.564644550146711,0.7632800000000001,9.592281341552734,0
32.75706683541835,-115.76139908806215,33.27558288574221,38.317115000885074,5.655856020321434,0.3044,0.27739521861076355,0
40.222066846451575,-123.36114639171329,24.288115437825525,33.45685938856972,2.7767373985283776,0.5625,3.798673629760742,0
36.6108394042911,-119.69602003250564,30.038847859700525,30.96670571480408,6.805031458168568,0.38230000000000003,0.07781766355037689,0
34.34708488830991,-114.84511749826024,30.617054239908896,37.819327784700576,12.018714031538686,0.124,3.3811259269714355,0
36.260496443484485,-118.75278898418014,22.897083536783896,34.80742651077829,1.093482076002298,0.528975,9.230002403259277,0
39.92562280269213,-122.68740992862365,26.488066609700525,26.424837946372946,2.1819608559726733,0.42995,10.306111335754395,1
40.14121847088082,-122.84910667976517,24.251331583658896,28.438743132690874,2.2703783566285627,0.4591,10.179095268249512,1
36.28744590200807,-118.37549656484995,19.876087443033896,30.20077503913698,1.9182415800672552,0.3433,8.715262413024902,1
39.73697659302704,-122.7682583041944,24.52118835449221,29.39605062662423,1.423199808611943,0.45570000000000005,7.212594509124756,1
39.87172388564496,-122.66046047010006,26.488066609700525,26.424837946372946,2.1819608559726733,0.45640000000000003,7.654467582702637,1
39.76392605155062,-122.7682583041944,24.983265177408896,29.043552286332968,1.6316867318867854,0.37160000000000004,7.408403396606445,1
37.203727491809985,-121.4746842950623,22.838408406575525,42.70279878185017,4.172618573074095,0.46740000000000004,1.9473568201065063,1
36.71863723838544,-118.4832943989443,13.492054239908896,36.36615832730798,1.0918700362361091,-0.0148,9.348734855651855,1
39.89867334416855,-122.66046047010006,26.488066609700525,26.424837946372946,2.1819608559726733,0.44903333333333334,6.816861152648926,1
36.260496443484485,-118.37549656484995,19.876087443033896,30.20077503913698,1.9182415800672552,0.2936,13.493021965026855,1
36.09879969234297,-118.37549656484995,19.780058797200525,31.69646541237138,2.644892372650295,0.4016,7.548308372497559,1
40.14121847088082,-122.9838539723831,22.34736022949221,28.31371106800633,1.9372936507596643,0.388,2.6598970890045166,1
37.203727491809985,-121.42078537801513,23.705189005533896,38.734937093695095,4.626999765954229,0.4354,3.4674580097198486,1
41.084449519206316,-123.38809585023688,20.270781453450525,26.483493334605512,3.356147649069675,0.3628,2.4218149185180664,1
39.60222930040911,-122.82215722124158,24.10859069824221,30.25477314072375,1.3347220614913158,0.4549333333333333,4.143012046813965,1
39.84477442712138,-122.6065615530529,29.293242390950525,25.80407285630565,2.140790145597997,0.38870000000000005,0.9432687759399414,1
39.629178758932696,-122.795207762718,24.10859069824221,30.25477314072375,1.3347220614913158,0.40515,1.99806809425354,1
37.23067695033357,-121.52858321210947,22.838408406575525,42.70279878185017,4.172618573074095,0.46740000000000004,2.2505249977111816,1
36.01795131677222,-121.42078537801513,19.059437052408896,65.96769289845882,3.407539671090031,0.5715,0.2895566523075104,1
38.52425095946568,-119.50737382284055,18.511585489908896,28.71779834646925,4.705145359097064,0.27555,7.399271488189697,1
40.14121847088082,-122.82215722124158,24.251331583658896,28.438743132690874,2.2703783566285627,0.4521,1.7878050804138184,1
37.203727491809985,-121.44773483653871,23.705189005533896,38.734937093695095,4.626999765954229,0.4354,3.4570319652557373,1
40.033420636786474,-122.87605613828876,22.657093302408896,29.339450750526623,2.0760683016895602,0.4177,7.663290500640869,1
36.17964806791373,-118.29464818927919,17.768340047200525,30.962002488335077,2.9173417871509573,0.42455000000000004,2.5192954540252686,1
38.52425095946568,-119.56127273988771,16.95356140136721,32.54371998030396,5.2132772417497675,0.2999,4.898824691772461,1
41.19224735330066,-123.38809585023688,21.383330281575525,25.215822091867686,4.427897346090127,0.5157,7.083189964294434,1
41.111398977729905,-123.41504530876047,20.270781453450525,26.483493334605512,3.356147649069675,0.4757,2.9232325553894043,1
39.79087551007421,-121.0973918757321,21.12592468261721,38.574129192336876,0.6870180522212987,0.4687,1.6238951683044434,1
36.07185023381939,-118.32159764780278,18.12421569824221,29.270623030560138,3.0778063427837683,0.4016,3.5677640438079834,1
39.89867334416855,-122.68740992862365,26.488066609700525,26.424837946372946,2.1819608559726733,0.44903333333333334,9.060386657714844,1
38.57814987651285,-120.01941353478867,17.209785715738974,46.95515863948961,2.1243602560424604,0.4375,6.034519672393799,0
33.53860113260234,-115.89614638068007,36.124336496988974,28.483403793796956,5.444461324888499,0.07415000000000001,2.5319039821624756,0
32.541471167229666,-114.62952183007154,36.29531631469729,32.5483678336778,6.980353366273055,0.317,0.03369886428117752,0
33.02656142065421,-115.59970233692063,36.56850967407229,21.109269994385606,5.375830676669261,0.4703,0.14035730063915253,0
34.805225683210864,-114.19833049369417,33.0998410542806,39.34940444016342,0.4737657662039787,0.139,1.7933974266052246,0
41.865983816390305,-116.56988284376972,21.07314834594729,66.05401551553281,4.495031027076543,0.19255,1.5481092929840088,0
35.37116431220616,-116.51598392672254,30.68838272094729,30.50312892725054,1.9156319515896951,0.10020000000000001,2.005422592163086,0
40.976651685111975,-118.91448573532166,26.145739491780603,36.7559768748128,4.5287054792866615,0.09165000000000001,0.7298752665519714,0
37.958312330470385,-115.16851100054326,22.30605850219729,53.509961423713534,5.694873233659125,0.1466,3.288766860961914,0
36.422193194626004,-114.49477453745362,29.179675038655603,55.28037604351555,0.47809945407323867,0.14265,2.0392873287200928,0
35.82930510710712,-114.3330777863121,26.28848037719729,59.39679814926596,3.568852265286416,0.1759,3.9987754821777344,0
38.20085745718265,-119.10313194498676,16.463366444905603,57.597184305723204,1.438774848161046,0.25520000000000004,3.720139503479004,0
40.94970222658839,-117.62091172618955,22.732002512613974,43.381700858019215,5.284107150840869,0.2164,6.7907304763793945,0
40.7341065583997,-114.27917886926494,21.83584365844729,59.62246866821577,0.047682171595197394,0.27926666666666666,0.8840309381484985,0
41.4886913970601,-120.26195866150094,22.20620498657229,42.805854974354574,1.2223800848572555,0.4086,1.2870073318481445,0
40.06037009531006,-116.83937742900557,20.110908762613974,65.77541871169535,4.431675579746159,0.2748,5.301489353179932,0
34.185388137168395,-119.10313194498676,21.477282460530603,69.40270591731965,7.266606947722239,0.44260000000000005,0.0937449261546135,0
37.095929657715644,-120.85484674901983,28.20107803344729,38.05374459530643,6.799806752132088,0.3513,0.07470320165157318,0
39.17103796403174,-122.63351101157649,28.309313710530603,28.42981156112303,2.1336081976873285,0.5132,3.4987528324127197,0
38.79374554470154,-116.0039442147744,20.529040273030603,56.43624785658292,3.554123446826624,0.116425,1.4127941131591797,0
39.27883579812608,-120.96264458311417,26.617663319905603,26.803785536673914,2.6472409969056616,0.7367,2.837270736694336,0
40.114269012357234,-114.8990164153074,18.356432851155603,72.5482114907892,2.9277439320386986,0.3191,11.536865234375,0
38.38950366684775,-116.38123663410461,21.225329335530603,48.429438262497996,6.286048475936108,0.1579,6.808165073394775,0
35.74845673153636,-117.62091172618955,31.401110585530603,25.688260239287953,0.8326313653564241,0.06925,0.045992184430360794,0
41.27309572887142,-123.09165180647744,24.72256240844729,36.35565964387354,1.1283981493146147,0.7632800000000001,9.592281341552734,0
32.75706683541835,-115.76139908806215,35.7180051167806,19.22012648831843,4.291166349409959,0.3044,0.27739521861076355,0
40.222066846451575,-123.36114639171329,25.915840403238974,39.76175311771768,1.4828166288968394,0.5625,3.798673629760742,0
36.6108394042911,-119.69602003250564,33.7304562886556,24.0229705750995,4.966872787646334,0.38230000000000003,0.07781766355037689,0
34.34708488830991,-114.84511749826024,33.45425186157229,23.99851062761637,1.8345641138232152,0.124,3.3811259269714355,0
36.260496443484485,-118.75278898418014,24.862861887613974,35.01701482055246,0.49433505945654166,0.528975,9.230002403259277,0
40.70715709987612,-123.22639909909536,26.269111887613974,36.08228034344491,1.149413046825834,0.5768333333333333,7.194116115570068,1
40.356814139069506,-123.01080343090668,26.537585194905603,32.76030616955576,1.9647890675602895,0.5712666666666667,6.019946575164795,1
40.70715709987612,-123.1725001820482,26.269111887613974,36.08228034344491,1.149413046825834,0.639,9.806779861450195,1
40.32986468054592,-123.03775288943027,25.972969309488974,33.0493091881342,1.8947072752048444,0.36925,4.352172374725342,1
40.356814139069506,-122.9838539723831,26.537585194905603,32.76030616955576,1.9647890675602895,0.638,1.5500574111938477,1
40.033420636786474,-121.04349295868494,25.795723215738974,33.28435882186767,2.76501343545182,0.257,2.260852098464966,1
40.7341065583997,-123.28029801614254,25.78384170532229,38.58697214271902,0.9836344086948108,0.53015,8.968387603759766,1
39.92562280269213,-121.04349295868494,24.11416397094729,35.651890231840206,3.0184656956157037,0.6893,2.9338314533233643,1
41.32699464591859,-123.1725001820482,26.390449778238974,36.44414284972053,1.0098492977646845,0.6793,2.023115634918213,1
40.32986468054592,-122.95690451385951,25.972969309488974,33.0493091881342,1.8947072752048444,0.4647,0.9115225672721863,1
41.54259031410727,-123.30724747466613,22.790352121988974,40.21177443840519,0.8948790597988955,0.46790000000000004,6.6743011474609375,1
41.057500060682734,-122.92995505533592,21.655993398030603,35.91368589333951,2.2627323432161144,0.3825,6.066561222076416,1
40.356814139069506,-123.06470234795385,25.71401748657229,33.810002822200715,1.3322282064377002,0.39226,3.4906387329101562,1
39.9795217197393,-120.85484674901983,25.136299387613974,34.89158782127695,2.913093769571591,0.5198,5.271852970123291,1
40.00647117826289,-121.33993700244437,23.045967356363974,36.64637424852884,2.326000761623942,0.31920000000000004,4.637938022613525,1
40.08731955383365,-121.25908862687362,22.592272694905603,37.42503434949829,2.5369287076734675,0.44120000000000004,2.6089892387390137,1
39.9795217197393,-120.88179620754342,25.136299387613974,34.89158782127695,2.913093769571591,0.5198,5.733945846557617,1
40.06037009531006,-121.0973918757321,25.00283584594729,34.32075955314826,2.7792925867388747,0.257,5.361467361450195,1
33.61944950817309,-117.18972038981218,26.441882069905603,40.15679360444065,5.457027149531602,0.3065,2.2048797607421875,1
40.00647117826289,-121.36688646096796,23.05752334594729,35.79398703107896,2.512497719060504,0.31920000000000004,3.516706943511963,1
41.32699464591859,-123.19944964057179,26.390449778238974,36.44414284972053,1.0098492977646845,0.6832,9.25053882598877,1
40.32986468054592,-122.9838539723831,25.972969309488974,33.0493091881342,1.8947072752048444,0.4647,1.799586296081543,1
39.95257226121572,-121.17824025130285,24.067126210530603,36.02401657328449,2.434069507137916,0.392,0.6155909299850464,1
37.41932315999867,-119.85771678364716,28.75283584594729,29.051303359029497,2.158758107441693,0.5208,2.641300916671753,1
40.302915222022335,-122.9838539723831,25.972969309488974,33.0493091881342,1.8947072752048444,0.36925,2.28993821144104,1
41.300045187395,-123.11860126500102,24.72256240844729,36.35565964387354,1.1283981493146147,0.6793,10.20561695098877,1
40.14121847088082,-121.33993700244437,22.592272694905603,37.42503434949829,2.5369287076734675,0.42710000000000004,3.237617254257202,1
40.302915222022335,-122.92995505533592,27.84805068969729,32.28067693675781,2.5630067972226263,0.4647,2.164153814315796,1
40.19511738792799,-121.23213916835003,24.265693918863974,36.550876051517676,2.9424038989677617,0.5076,2.347505569458008,1
32.6762184598476,-115.38410666873195,37.398750559488974,20.618570751795378,4.875027671544619,0.2952,0.02250545844435692,1
38.57814987651285,-120.01941353478867,17.76903559366866,40.237658058412684,3.221432000894504,0.4375,6.034519672393799,0
33.53860113260234,-115.89614638068007,37.57006098429366,20.78526602097536,5.831782923036956,0.07415000000000001,2.5319039821624756,0
32.541471167229666,-114.62952183007154,36.655103302001976,28.01280958418979,6.826755703068276,0.317,0.03369886428117752,0
33.02656142065421,-115.59970233692063,38.09130121866866,12.634974587329515,6.909730997068572,0.4703,0.14035730063915253,0
34.805225683210864,-114.19833049369417,34.40624262491866,29.04221978313651,4.913942159452056,0.139,1.7933974266052246,0
41.865983816390305,-116.56988284376972,21.514234161376976,60.4386543908977,1.0437088892437378,0.19255,1.5481092929840088,0
35.37116431220616,-116.51598392672254,32.095288848876976,16.25498440655749,4.622939412880014,0.10020000000000001,2.005422592163086,0
40.976651685111975,-118.91448573532166,28.418286895751976,23.582324353346827,0.5004537772457456,0.09165000000000001,0.7298752665519714,0
37.958312330470385,-115.16851100054326,24.33169835408529,35.82794394547882,4.547386705221982,0.1466,3.288766860961914,0
36.422193194626004,-114.49477453745362,31.199048614501976,44.004014796091504,2.7201789420365823,0.14265,2.0392873287200928,0
35.82930510710712,-114.3330777863121,28.51927973429366,41.21985207433354,3.857742237915581,0.1759,3.9987754821777344,0
38.20085745718265,-119.10313194498676,19.55199457804366,37.47448597550376,3.0503647978638844,0.25520000000000004,3.720139503479004,0
40.94970222658839,-117.62091172618955,24.279126739501976,34.20419254342288,2.0784555266056546,0.2164,6.7907304763793945,0
40.7341065583997,-114.27917886926494,20.97509028116866,59.664122609796486,3.7554788988225654,0.27926666666666666,0.8840309381484985,0
41.4886913970601,-120.26195866150094,23.74388910929366,27.345304916494573,4.117957782616352,0.4086,1.2870073318481445,0
40.06037009531006,-116.83937742900557,21.50072504679366,54.04575224575565,0.5074202117462111,0.2748,5.301489353179932,0
34.185388137168395,-119.10313194498676,21.763990020751976,63.88961354725622,8.148173157671245,0.44260000000000005,0.0937449261546135,0
37.095929657715644,-120.85484674901983,26.23208897908529,39.5441316566546,7.429453815658042,0.3513,0.07470320165157318,0
39.17103796403174,-122.63351101157649,26.417066192626976,26.86627447760651,2.891648338362633,0.5132,3.4987528324127197,0
38.79374554470154,-116.0039442147744,21.218579864501976,52.347812516964666,5.216593619315816,0.116425,1.4127941131591797,0
39.27883579812608,-120.96264458311417,25.719556427001976,31.17757308675865,2.9083561133648876,0.7367,2.837270736694336,0
40.114269012357234,-114.8990164153074,17.96231358846029,64.16865677895485,3.3010910983568995,0.3191,11.536865234375,0
38.38950366684775,-116.38123663410461,22.97020746866866,40.99031556332902,2.489896810889882,0.1579,6.808165073394775,0
35.74845673153636,-117.62091172618955,32.367749786376976,14.939519182509988,5.4672191804562384,0.06925,0.045992184430360794,0
41.27309572887142,-123.09165180647744,23.49193598429366,35.26115089434029,1.8241593136439225,0.7632800000000001,9.592281341552734,0
32.75706683541835,-115.76139908806215,36.900708770751976,11.438634942221332,5.404057116647876,0.3044,0.27739521861076355,0
40.222066846451575,-123.36114639171329,24.09569574991866,43.52985119424708,1.5898327378545916,0.5625,3.798673629760742,0
36.6108394042911,-119.69602003250564,32.43676020304366,24.42406483378236,8.009153533258408,0.38230000000000003,0.07781766355037689,0
34.34708488830991,-114.84511749826024,34.072583770751976,26.24694241791693,5.716756252411767,0.124,3.3811259269714355,0
36.260496443484485,-118.75278898418014,25.09195226033529,28.5494788446689,0.5325061644489402,0.528975,9.230002403259277,0
40.70715709987612,-123.22639909909536,25.118970489501976,36.6819950244647,2.085811057148024,0.5768333333333333,7.194116115570068,1
40.356814139069506,-123.01080343090668,25.313794708251976,33.60992286784195,3.2126830135880744,0.5712666666666667,6.019946575164795,1
40.114269012357234,-121.25908862687362,22.18090082804366,32.119884526922164,3.08647584759939,0.35955000000000004,3.800123691558838,1
40.70715709987612,-123.1725001820482,25.118970489501976,36.6819950244647,2.085811057148024,0.639,9.806779861450195,1
40.32986468054592,-123.03775288943027,24.74144770304366,33.19041197327054,2.778959818347691,0.36925,4.352172374725342,1
40.32986468054592,-123.09165180647744,24.08275629679366,34.48476765399501,1.8907571011019975,0.371,2.7434868812561035,1
41.165297894777076,-122.9838539723831,22.01488520304366,33.37176636527066,2.5858546419984743,0.41150000000000003,4.805819988250732,1
40.356814139069506,-122.9838539723831,25.313794708251976,33.60992286784195,3.2126830135880744,0.638,1.5500574111938477,1
40.033420636786474,-121.04349295868494,25.77115147908529,27.61609521351084,3.521237451298375,0.257,2.260852098464966,1
40.168167929404405,-121.23213916835003,24.090406036376976,29.007984952704945,3.650988753734083,0.5005000000000001,2.013457775115967,1
40.7341065583997,-123.28029801614254,24.590894317626976,39.8972103439943,1.3734726002032263,0.53015,8.968387603759766,1
40.302915222022335,-123.06470234795385,24.08275629679366,34.48476765399501,1.8907571011019975,0.371,3.460033655166626,1
40.168167929404405,-121.17824025130285,24.090406036376976,29.007984952704945,3.650988753734083,0.4832,4.113785266876221,1
41.165297894777076,-123.01080343090668,22.01488520304366,33.37176636527066,2.5858546419984743,0.40280000000000005,10.405132293701172,1
40.7341065583997,-123.1725001820482,25.118970489501976,36.6819950244647,2.085811057148024,0.4879,4.83990478515625,1
40.114269012357234,-121.07044241720851,24.819654083251976,28.20053889302526,3.4530957443222303,0.34800000000000003,7.177052974700928,1
41.32699464591859,-123.1725001820482,25.05508702596029,35.88101505908554,1.2716821629508208,0.6793,2.023115634918213,1
40.32986468054592,-122.95690451385951,24.74144770304366,33.19041197327054,2.778959818347691,0.4647,0.9115225672721863,1
41.54259031410727,-123.30724747466613,21.71011632283529,39.9466717486157,0.7178591258229667,0.46790000000000004,6.6743011474609375,1
41.13834843625349,-123.01080343090668,21.221265411376976,32.313154659927044,2.566762395812776,0.3929,7.830440044403076,1
40.356814139069506,-123.06470234795385,24.45645421346029,34.463626108172136,2.335703379260415,0.39226,3.4906387329101562,1
40.19511738792799,-121.31298754392078,22.93553949991866,31.331191514529117,3.4416511862479555,0.5005000000000001,2.7599072456359863,1
41.111398977729905,-122.95690451385951,21.221265411376976,32.313154659927044,2.566762395812776,0.4087,5.284580707550049,1
40.00647117826289,-121.33993700244437,22.62417882283529,32.02379793076651,2.7792915727254623,0.31920000000000004,4.637938022613525,1
40.43766251464026,-122.4179153433878,31.462964630126976,20.983514263493333,5.890327787313631,0.46263333333333334,0.251308411359787,1
40.302915222022335,-123.03775288943027,24.74144770304366,33.19041197327054,2.778959818347691,0.39215,5.647005558013916,1
40.06037009531006,-121.07044241720851,24.819654083251976,28.20053889302526,3.4530957443222303,0.2654,6.251097679138184,1
41.003601143635564,-123.01080343090668,20.34374262491866,30.556155227757188,2.5980988729441217,0.3764,8.572915077209473,1
40.14121847088082,-121.0973918757321,24.819654083251976,28.20053889302526,3.4530957443222303,0.337,2.4452693462371826,1
40.06037009531006,-121.0973918757321,24.819654083251976,28.20053889302526,3.4530957443222303,0.257,5.361467361450195,1
38.57814987651285,-120.01941353478867,19.191058731079124,34.991505132846335,3.0114480017412486,0.4375,6.034519672393799,0
33.53860113260234,-115.89614638068007,38.292621231079124,19.316060448247644,4.660989650724457,0.07415000000000001,2.5319039821624756,0
32.541471167229666,-114.62952183007154,38.07745196024581,24.02686306751053,7.357973516116124,0.317,0.03369886428117752,0
33.02656142065421,-115.59970233692063,39.212787246704124,11.681223127640187,5.192199093233247,0.4703,0.14035730063915253,0
34.805225683210864,-114.19833049369417,36.91355222066244,17.064637627650058,4.190638695530647,0.139,1.7933974266052246,0
41.865983816390305,-116.56988284376972,23.16843503316244,42.39131937680137,4.436816694393853,0.19255,1.5481092929840088,0
35.37116431220616,-116.51598392672254,33.402972793579124,13.030965069161782,4.626160634794678,0.10020000000000001,2.005422592163086,0
40.976651685111975,-118.91448573532166,29.57134844462081,17.950869082584756,0.9455988075985509,0.09165000000000001,0.7298752665519714,0
37.958312330470385,-115.16851100054326,26.600238418579124,23.569112267933427,4.575496029094856,0.1466,3.288766860961914,0
36.422193194626004,-114.49477453745362,34.19040768941244,25.886383326493,4.691645640167408,0.14265,2.0392873287200928,0
35.82930510710712,-114.3330777863121,31.40964597066244,23.123358653964395,6.449895904282285,0.1759,3.9987754821777344,0
38.20085745718265,-119.10313194498676,20.76031328837081,35.23128401585839,2.1198234962015494,0.25520000000000004,3.720139503479004,0
40.94970222658839,-117.62091172618955,26.55710690816244,20.974753030416263,2.19497454549844,0.2164,6.7907304763793945,0
40.7341065583997,-114.27917886926494,22.80539792378744,42.98059498772737,2.479473808522455,0.27926666666666666,0.8840309381484985,0
41.4886913970601,-120.26195866150094,23.961322402954124,25.461994168138276,3.690451202081545,0.4086,1.2870073318481445,0
40.06037009531006,-116.83937742900557,23.51364987691244,38.651051146192025,3.451938768023845,0.2748,5.301489353179932,0
34.185388137168395,-119.10313194498676,22.67852617899581,63.934310225918,7.099552667733183,0.44260000000000005,0.0937449261546135,0
37.095929657715644,-120.85484674901983,27.58160235087081,33.54024097851541,6.246740343056244,0.3513,0.07470320165157318,0
39.17103796403174,-122.63351101157649,27.76299883524581,19.53861245736192,0.3953639246170351,0.5132,3.4987528324127197,0
38.79374554470154,-116.0039442147744,23.679584121704124,30.77530044438413,3.822122357418277,0.116425,1.4127941131591797,0
39.27883579812608,-120.96264458311417,25.72003008524581,27.42648129467908,1.2982434186862266,0.7367,2.837270736694336,0
40.114269012357234,-114.8990164153074,20.808246231079124,39.40573627668843,3.0658035751893755,0.3191,11.536865234375,0
38.38950366684775,-116.38123663410461,24.941547012329124,25.85328937016598,3.452158649897818,0.1579,6.808165073394775,0
35.74845673153636,-117.62091172618955,32.93503659566244,13.86931607065281,3.7813352520490686,0.06925,0.045992184430360794,0
41.27309572887142,-123.09165180647744,24.02390378316244,32.54492201222059,1.6121004924108981,0.7632800000000001,9.592281341552734,0
32.75706683541835,-115.76139908806215,37.96262448628744,9.935917956829254,3.1509126757773775,0.3044,0.27739521861076355,0
40.222066846451575,-123.36114639171329,24.321918106079124,38.32124962594906,1.3489062533521767,0.5625,3.798673629760742,0
36.6108394042911,-119.69602003250564,32.50713946024581,20.812892214248677,9.632569960437392,0.38230000000000003,0.07781766355037689,0
34.34708488830991,-114.84511749826024,36.26096433003744,13.705775786456629,5.453199514931979,0.124,3.3811259269714355,0
36.260496443484485,-118.75278898418014,25.81133867899581,27.55914838164091,1.0305566158334036,0.528975,9.230002403259277,0
40.70715709987612,-123.22639909909536,25.753314590454124,30.676559030081307,1.1354468329097842,0.5768333333333333,7.194116115570068,1
40.70715709987612,-123.30724747466613,24.951068496704124,35.16755584469399,1.1523178968083476,0.636,2.0256245136260986,1
40.356814139069506,-123.01080343090668,25.84665768941244,26.251885943541126,1.1882685842127567,0.5712666666666667,6.019946575164795,1
40.70715709987612,-123.1725001820482,25.753314590454124,30.676559030081307,1.1354468329097842,0.639,9.806779861450195,1
40.32986468054592,-123.03775288943027,25.42990964253744,25.63963622826828,1.0920475970163235,0.36925,4.352172374725342,1
40.32986468054592,-123.09165180647744,25.08526446024581,25.96558136012357,1.103777336326712,0.371,2.7434868812561035,1
41.165297894777076,-122.9838539723831,22.86163164774581,27.603455163883034,1.6045890544631571,0.41150000000000003,4.805819988250732,1
40.356814139069506,-122.9838539723831,25.84665768941244,26.251885943541126,1.1882685842127567,0.638,1.5500574111938477,1
40.033420636786474,-121.04349295868494,25.33746172587081,22.888807512874557,2.511905075297721,0.257,2.260852098464966,1
40.168167929404405,-121.23213916835003,24.26641680399581,23.457833339257157,2.5108175566395143,0.5005000000000001,2.013457775115967,1
40.7341065583997,-123.28029801614254,24.951068496704124,35.16755584469399,1.1523178968083476,0.53015,8.968387603759766,1
40.7341065583997,-123.36114639171329,24.13995196024581,41.421364574149536,1.2510739434611071,0.4893,1.387877106666565,1
40.302915222022335,-123.06470234795385,25.08526446024581,25.96558136012357,1.103777336326712,0.371,3.460033655166626,1
40.114269012357234,-120.96264458311417,25.45456784566244,21.174320714466003,2.7665695337353,0.420425,2.705906629562378,1
40.168167929404405,-121.31298754392078,23.115863418579124,25.830412165041754,2.165235474287019,0.42510000000000003,3.0294249057769775,1
40.168167929404405,-121.17824025130285,24.26641680399581,23.457833339257157,2.5108175566395143,0.4832,4.113785266876221,1
40.19511738792799,-121.39383591949154,22.59226315816244,27.062240150464472,2.016480937474845,0.42510000000000003,6.212080001831055,1
41.165297894777076,-123.01080343090668,22.86163164774581,27.603455163883034,1.6045890544631571,0.40280000000000005,10.405132293701172,1
40.78800547544687,-123.36114639171329,24.97100664774581,38.581056394916025,1.2365173581208564,0.5119,4.6558613777160645,1
40.08731955383365,-121.15129079277928,23.61797930399581,25.176410652761067,2.0972396691985065,0.4166,7.787846565246582,1
39.95257226121572,-121.01654350016135,25.33746172587081,22.888807512874557,2.511905075297721,0.6745,2.613921880722046,1
41.19224735330066,-122.9838539723831,22.86163164774581,27.603455163883034,1.6045890544631571,0.46230000000000004,5.349377632141113,1
41.32699464591859,-123.1725001820482,25.42697995503744,34.496693831772696,1.4431328548426412,0.6793,2.023115634918213,1
40.32986468054592,-122.95690451385951,25.42990964253744,25.63963622826828,1.0920475970163235,0.4647,0.9115225672721863,1
41.54259031410727,-123.30724747466613,21.782367324829124,40.63305028158812,1.4056752235035332,0.46790000000000004,6.6743011474609375,1
41.51564085558369,-121.85197671439249,24.10178464253744,16.77775447622509,4.159457558663679,0.46895000000000003,1.4365220069885254,1
41.13834843625349,-123.01080343090668,21.77707761128744,28.448887198960637,1.1056567533952735,0.3929,7.830440044403076,1
40.356814139069506,-123.06470234795385,25.44439531962081,25.942787270857725,1.2683729130469277,0.39226,3.4906387329101562,1
40.19511738792799,-121.33993700244437,23.115863418579124,25.830412165041754,2.165235474287019,0.47750000000000004,5.707696437835693,1
40.222066846451575,-121.33993700244437,23.115863418579124,25.830412165041754,2.165235474287019,0.33077500000000004,8.666305541992188,1
38.57814987651285,-120.01941353478867,19.74507102966311,30.03372858838998,4.584011507214633,0.4375,6.034519672393799,0
33.53860113260234,-115.89614638068007,39.53348248799642,20.892191127393346,4.302406701547914,0.07415000000000001,2.5319039821624756,0
32.541471167229666,-114.62952183007154,38.71097272237142,24.757356016385387,9.97556405633914,0.317,0.03369886428117752,0
33.02656142065421,-115.59970233692063,40.43794212341311,14.82518779791857,5.312783473053662,0.4703,0.14035730063915253,0
34.805225683210864,-114.19833049369417,38.31391868591311,13.654632640478415,7.136805146474612,0.139,1.7933974266052246,0
41.865983816390305,-116.56988284376972,25.366734441121423,31.660544792688817,6.991793355422305,0.19255,1.5481092929840088,0
35.37116431220616,-116.51598392672254,34.57327740987142,12.700151916024035,4.700700790134248,0.10020000000000001,2.005422592163086,0
40.976651685111975,-118.91448573532166,30.587763086954794,12.056414374276422,4.863599651128935,0.09165000000000001,0.7298752665519714,0
37.958312330470385,-115.16851100054326,28.412714258829794,17.59893044112209,4.0129075099671,0.1466,3.288766860961914,0
36.422193194626004,-114.49477453745362,35.89432233174642,17.20623898202904,5.440604381530224,0.14265,2.0392873287200928,0
35.82930510710712,-114.3330777863121,33.449335352579794,15.86371232326196,7.277251638438034,0.1759,3.9987754821777344,0
38.20085745718265,-119.10313194498676,20.96406517028811,33.58581485541988,6.452300232790463,0.25520000000000004,3.720139503479004,0
40.94970222658839,-117.62091172618955,27.55219993591311,20.156754153385865,2.5048421559976615,0.2164,6.7907304763793945,0
40.7341065583997,-114.27917886926494,23.952916081746423,39.020538471224725,3.453235882321646,0.27926666666666666,0.8840309381484985,0
41.4886913970601,-120.26195866150094,25.20185813903811,16.781631169221175,4.943349132682248,0.4086,1.2870073318481445,0
40.06037009531006,-116.83937742900557,25.986363347371423,27.365321232076905,4.454591031060842,0.2748,5.301489353179932,0
34.185388137168395,-119.10313194498676,22.49458274841311,67.04164789687802,6.729799447076608,0.44260000000000005,0.0937449261546135,0
37.095929657715644,-120.85484674901983,27.777216211954794,32.91017106216465,7.74719785673829,0.3513,0.07470320165157318,0
39.17103796403174,-122.63351101157649,28.31562767028811,20.10178701146918,1.4692097484463968,0.5132,3.4987528324127197,0
38.79374554470154,-116.0039442147744,26.592320378621423,18.926596672543607,4.885209910605541,0.116425,1.4127941131591797,0
39.27883579812608,-120.96264458311417,26.583124415079794,22.314097799241768,2.519877190128968,0.7367,2.837270736694336,0
40.114269012357234,-114.8990164153074,21.630487696329794,38.69916524608105,3.054050094697157,0.3191,11.536865234375,0
38.38950366684775,-116.38123663410461,27.780390040079794,15.322365608358462,5.292093172512948,0.1579,6.808165073394775,0
35.74845673153636,-117.62091172618955,34.016229883829794,13.952186095647548,4.227777703543244,0.06925,0.045992184430360794,0
41.27309572887142,-123.09165180647744,24.626500066121423,26.0795288347046,1.3626354068376043,0.7632800000000001,9.592281341552734,0
32.75706683541835,-115.76139908806215,39.30984967549642,14.408599850428505,3.930515341065275,0.3044,0.27739521861076355,0
40.222066846451575,-123.36114639171329,25.072544987996423,32.57456036689263,1.345810512916117,0.5625,3.798673629760742,0
36.6108394042911,-119.69602003250564,33.29080670674642,17.841814226139512,9.815615939201988,0.38230000000000003,0.07781766355037689,0
34.34708488830991,-114.84511749826024,37.49246686299642,11.991800361759768,7.40824174525988,0.124,3.3811259269714355,0
36.260496443484485,-118.75278898418014,26.615025456746423,27.31735332282539,0.998487412524081,0.528975,9.230002403259277,0
40.70715709987612,-123.22639909909536,26.02949485778811,28.04633675320687,1.3450224628157659,0.5768333333333333,7.194116115570068,1
40.70715709987612,-123.30724747466613,25.309931055704794,31.16625699499716,1.3633998924311412,0.636,2.0256245136260986,1
40.78800547544687,-123.25334855761895,25.83271751403811,28.689129062336328,1.2521820052724153,0.60955,3.5010523796081543,1
40.114269012357234,-121.25908862687362,23.048619206746423,23.26339193325128,2.6032482329142272,0.35955000000000004,3.800123691558838,1
40.70715709987612,-123.1725001820482,26.02949485778811,28.04633675320687,1.3450224628157659,0.639,9.806779861450195,1
40.222066846451575,-121.23213916835003,25.044794336954794,20.427363963743307,3.3509375822746454,0.4523666666666667,0.8411971926689148,1
40.32986468054592,-123.03775288943027,25.612421290079794,23.484966145267745,1.517850646439064,0.36925,4.352172374725342,1
40.32986468054592,-123.09165180647744,25.273798243204794,23.815371547751056,1.7187639344489407,0.371,2.7434868812561035,1
41.165297894777076,-122.9838539723831,23.301793034871423,23.163839600084938,1.3727000547341721,0.41150000000000003,4.805819988250732,1
39.9795217197393,-121.04349295868494,26.26142845153811,18.998844060505522,3.3480979841770018,0.6326,4.119624614715576,1
40.033420636786474,-121.04349295868494,26.26142845153811,18.998844060505522,3.3480979841770018,0.257,2.260852098464966,1
40.168167929404405,-121.23213916835003,25.044794336954794,20.427363963743307,3.3509375822746454,0.5005000000000001,2.013457775115967,1
40.7341065583997,-123.28029801614254,25.309931055704794,31.16625699499716,1.3633998924311412,0.53015,8.968387603759766,1
40.7341065583997,-123.36114639171329,24.736688868204794,35.227394950686495,1.2998951775693932,0.4893,1.387877106666565,1
40.302915222022335,-123.06470234795385,25.273798243204794,23.815371547751056,1.7187639344489407,0.371,3.460033655166626,1
40.114269012357234,-120.96264458311417,26.21992454528811,18.252527140830296,3.593036834190029,0.420425,2.705906629562378,1
40.168167929404405,-121.31298754392078,23.777623112996423,22.851887584746965,2.9842042594467073,0.42510000000000003,3.0294249057769775,1
40.168167929404405,-121.17824025130285,25.044794336954794,20.427363963743307,3.3509375822746454,0.4832,4.113785266876221,1
40.19511738792799,-121.39383591949154,23.042597071329794,24.939902846291602,2.8395427638747357,0.42510000000000003,6.212080001831055,1
41.165297894777076,-123.01080343090668,23.301793034871423,23.163839600084938,1.3727000547341721,0.40280000000000005,10.405132293701172,1
40.7341065583997,-123.1725001820482,26.02949485778811,28.04633675320687,1.3450224628157659,0.4879,4.83990478515625,1
40.78800547544687,-123.36114639171329,25.59175071716311,32.50563304166525,1.2744767989160566,0.5119,4.6558613777160645,1
40.08731955383365,-121.15129079277928,24.550653711954794,20.567230988510186,2.901660125162526,0.4166,7.787846565246582,1
40.114269012357234,-121.07044241720851,25.806024805704794,18.6162384668078,3.2571742810684787,0.34800000000000003,7.177052974700928,1
40.302915222022335,-123.11860126500102,25.273798243204794,23.815371547751056,1.7187639344489407,0.4139333333333333,3.6940436363220215,1
41.19224735330066,-122.9838539723831,23.301793034871423,23.163839600084938,1.3727000547341721,0.46230000000000004,5.349377632141113,1
40.32986468054592,-122.95690451385951,25.612421290079794,23.484966145267745,1.517850646439064,0.4647,0.9115225672721863,1
40.81495493397046,-123.30724747466613,25.83271751403811,28.689129062336328,1.2521820052724153,0.6505500000000001,6.442965030670166,1
40.68020764135253,-123.28029801614254,25.309931055704794,31.16625699499716,1.3633998924311412,0.708225,1.1119569540023804,1
41.51564085558369,-121.85197671439249,24.58320579528811,18.538161399602004,3.779820470469488,0.46895000000000003,1.4365220069885254,1
38.57814987651285,-120.01941353478867,17.805955505371116,32.391794296665104,8.106329400797524,0.4375,6.034519672393799,0
33.53860113260234,-115.89614638068007,38.87724456787112,25.58341972381381,4.772662392235162,0.07415000000000001,2.5319039821624756,0
32.541471167229666,-114.62952183007154,36.48596852620443,39.75686074074553,19.947738727755933,0.317,0.03369886428117752,0
33.02656142065421,-115.59970233692063,40.09387868245443,19.50068920479529,5.061433151969089,0.4703,0.14035730063915253,0
34.805225683210864,-114.19833049369417,38.93714040120443,13.79467700329454,2.2184867286528593,0.139,1.7933974266052246,0
41.865983816390305,-116.56988284376972,25.77478688557943,24.757982426081515,6.301621461487087,0.19255,1.5481092929840088,0
35.37116431220616,-116.51598392672254,35.13554534912112,12.929382871111702,10.95987696787413,0.10020000000000001,2.005422592163086,0
40.976651685111975,-118.91448573532166,28.744187927246116,9.86665340235135,11.566687399195484,0.09165000000000001,0.7298752665519714,0
37.958312330470385,-115.16851100054326,29.34851735432943,14.28011727365044,9.998408457254659,0.1466,3.288766860961914,0
36.422193194626004,-114.49477453745362,37.16419118245443,16.582035044383233,4.0903220925458355,0.14265,2.0392873287200928,0
35.82930510710712,-114.3330777863121,34.32573089599612,13.132721017682355,2.886999742531181,0.1759,3.9987754821777344,0
38.20085745718265,-119.10313194498676,19.490200297037802,28.231926592079326,10.792961928784582,0.25520000000000004,3.720139503479004,0
40.94970222658839,-117.62091172618955,27.59290211995443,10.535948401523228,8.461884747647556,0.2164,6.7907304763793945,0
40.7341065583997,-114.27917886926494,26.71692555745443,22.232836607993857,4.663381997627702,0.27926666666666666,0.8840309381484985,0
41.4886913970601,-120.26195866150094,22.918911234537802,17.339158979189936,8.572684863506618,0.4086,1.2870073318481445,0
40.06037009531006,-116.83937742900557,26.614793395996116,17.34131350603049,6.199359534136107,0.2748,5.301489353179932,0
34.185388137168395,-119.10313194498676,22.876756286621116,66.69615734949939,5.895256537044166,0.44260000000000005,0.0937449261546135,0
37.095929657715644,-120.85484674901983,24.91199391682943,37.957786660048534,9.2625505171295,0.3513,0.07470320165157318,0
39.17103796403174,-122.63351101157649,24.68152516682943,27.625546324467702,3.6798755778328713,0.5132,3.4987528324127197,0
38.79374554470154,-116.0039442147744,27.035691833496116,14.224797302358718,15.677169381411487,0.116425,1.4127941131591797,0
39.27883579812608,-120.96264458311417,24.611049906412802,24.826746650066827,6.397329192611261,0.7367,2.837270736694336,0
40.114269012357234,-114.8990164153074,22.849412536621116,30.721536544968497,7.9732906219689585,0.3191,11.536865234375,0
38.38950366684775,-116.38123663410461,27.634080505371116,13.946684307556623,14.076779502862694,0.1579,6.808165073394775,0
35.74845673153636,-117.62091172618955,34.2199366251628,15.007329346030938,10.257535873071435,0.06925,0.045992184430360794,0
41.27309572887142,-123.09165180647744,21.443813578287802,34.27518873601196,2.874970059629254,0.7632800000000001,9.592281341552734,0
32.75706683541835,-115.76139908806215,39.2367823282878,18.646309809294785,5.093884364497916,0.3044,0.27739521861076355,0
40.222066846451575,-123.36114639171329,21.25842946370443,38.85255889266944,3.9267418597132395,0.5625,3.798673629760742,0
36.6108394042911,-119.69602003250564,31.109422302246116,21.659032634243744,12.828322898571406,0.38230000000000003,0.07781766355037689,0
34.34708488830991,-114.84511749826024,37.82768402099612,12.77658905257289,6.137080495487284,0.124,3.3811259269714355,0
36.260496443484485,-118.75278898418014,26.269090270996116,27.707377936240345,0.8606320333995451,0.528975,9.230002403259277,0
40.70715709987612,-123.22639909909536,22.721889750162802,39.16498526647752,3.7361437094414525,0.5768333333333333,7.194116115570068,1
40.70715709987612,-123.30724747466613,21.533738708496116,43.77153444458673,3.909110322477876,0.636,2.0256245136260986,1
40.43766251464026,-121.15129079277928,20.912156677246116,21.360694501436747,5.828575177427441,0.22080000000000002,1.2998749017715454,1
40.78800547544687,-123.25334855761895,22.00476735432943,40.870542748593444,3.620787788540383,0.60955,3.5010523796081543,1
40.70715709987612,-123.1725001820482,22.721889750162802,39.16498526647752,3.7361437094414525,0.639,9.806779861450195,1
40.222066846451575,-121.23213916835003,22.223680114746116,21.52994029565616,5.158829364351805,0.4523666666666667,0.8411971926689148,1
40.32986468054592,-123.03775288943027,22.895066833496116,29.566549568526835,1.881811910039953,0.36925,4.352172374725342,1
40.32986468054592,-123.09165180647744,22.17078297932943,29.794023872439418,3.4121709590874,0.371,2.7434868812561035,1
41.165297894777076,-122.9838539723831,20.374314880371116,31.346700493999176,2.235863089361443,0.41150000000000003,4.805819988250732,1
40.356814139069506,-122.9838539723831,23.442674255371116,31.233222539169347,1.7885106951480316,0.638,1.5500574111938477,1
40.38376359759309,-121.17824025130285,20.912156677246116,21.360694501436747,5.828575177427441,0.24115,2.187035322189331,1
40.033420636786474,-121.04349295868494,23.269985453287802,22.360767795387194,5.429025067452801,0.257,2.260852098464966,1
41.54259031410727,-121.95977454848685,19.835496520996116,24.098902986889716,4.636055358649942,0.44380000000000003,4.449182033538818,1
40.168167929404405,-121.23213916835003,22.223680114746116,21.52994029565616,5.158829364351805,0.5005000000000001,2.013457775115967,1
40.19511738792799,-121.04349295868494,22.161098734537802,20.256806732260397,5.717523247038059,0.42210000000000003,1.9569932222366333,1
40.7341065583997,-123.28029801614254,21.533738708496116,43.77153444458673,3.909110322477876,0.53015,8.968387603759766,1
40.7341065583997,-123.36114639171329,20.56018727620443,48.20486817703619,4.13854145608588,0.4893,1.387877106666565,1
40.302915222022335,-123.06470234795385,22.17078297932943,29.794023872439418,3.4121709590874,0.371,3.460033655166626,1
40.356814139069506,-121.20518970982644,20.912156677246116,21.360694501436747,5.828575177427441,0.34105,4.650704383850098,1
40.114269012357234,-120.96264458311417,23.040981547037802,21.141040971056853,5.503112899223092,0.420425,2.705906629562378,1
40.356814139069506,-121.17824025130285,20.912156677246116,21.360694501436747,5.828575177427441,0.34105,1.3090393543243408,1
40.41071305611668,-121.23213916835003,20.912156677246116,21.360694501436747,5.828575177427441,0.24450000000000002,2.480536937713623,1
40.168167929404405,-121.31298754392078,21.487514750162802,22.07516018952141,4.87854722532426,0.42510000000000003,3.0294249057769775,1
40.168167929404405,-121.17824025130285,22.223680114746116,21.52994029565616,5.158829364351805,0.4832,4.113785266876221,1
40.168167929404405,-120.96264458311417,22.161098734537802,20.256806732260397,5.717523247038059,0.42210000000000003,3.1591155529022217,1
40.19511738792799,-121.39383591949154,20.948045349121116,23.938603399257296,5.119794393925461,0.42510000000000003,6.212080001831055,1
41.165297894777076,-123.01080343090668,20.374314880371116,31.346700493999176,2.235863089361443,0.40280000000000005,10.405132293701172,1
40.7341065583997,-123.1725001820482,22.721889750162802,39.16498526647752,3.7361437094414525,0.4879,4.83990478515625,1
40.302915222022335,-121.12434133425569,22.15759938557943,20.660857716242162,5.639897413625307,0.44265000000000004,1.4549851417541504,1
40.78800547544687,-123.36114639171329,21.28162282307943,45.923186413868734,3.780765106678933,0.5119,4.6558613777160645,1
38.57814987651285,-120.01941353478867,15.757470067342126,23.36000006748222,1.9044624477102865,0.4375,6.034519672393799,0
33.53860113260234,-115.89614638068007,37.3207838694255,29.388679233750075,3.95761596288512,0.07415000000000001,2.5319039821624756,0
32.541471167229666,-114.62952183007154,35.006005223592126,42.75379228352456,19.582920780048763,0.317,0.03369886428117752,0
33.02656142065421,-115.59970233692063,38.02594337463381,28.31815539103318,8.305847257399952,0.4703,0.14035730063915253,0
34.805225683210864,-114.19833049369417,36.76153907775881,23.604846515043427,13.398341847196118,0.139,1.7933974266052246,0
41.865983816390305,-116.56988284376972,22.204410171508812,23.36511203544483,16.841032322878405,0.19255,1.5481092929840088,0
35.37116431220616,-116.51598392672254,32.6528151194255,11.17976555020466,11.763585416765704,0.10020000000000001,2.005422592163086,0
40.976651685111975,-118.91448573532166,23.628238296508812,18.995227301138666,9.942646443612162,0.09165000000000001,0.7298752665519714,0
37.958312330470385,-115.16851100054326,26.537987645467126,7.861668995821323,8.057652769551392,0.1466,3.288766860961914,0
36.422193194626004,-114.49477453745362,36.7079909006755,12.805391406771049,14.667607651079134,0.14265,2.0392873287200928,0
35.82930510710712,-114.3330777863121,33.67486915588381,17.238859796037527,17.57701720725017,0.1759,3.9987754821777344,0
38.20085745718265,-119.10313194498676,16.596255874633812,23.56012000632229,3.2351213444227356,0.25520000000000004,3.720139503479004,0
40.94970222658839,-117.62091172618955,21.853173192342126,15.367397209405468,11.828673045187905,0.2164,6.7907304763793945,0
40.7341065583997,-114.27917886926494,24.360741551717126,13.912842061083019,12.41875670251162,0.27926666666666666,0.8840309381484985,0
41.4886913970601,-120.26195866150094,17.874738947550497,35.349744857705325,8.455734028716307,0.4086,1.2870073318481445,0
40.06037009531006,-116.83937742900557,22.505516942342126,13.477686555102556,12.853276942756784,0.2748,5.301489353179932,0
34.185388137168395,-119.10313194498676,22.140363947550497,75.09221099384764,4.03242561910475,0.44260000000000005,0.0937449261546135,0
37.095929657715644,-120.85484674901983,25.594302749633812,38.77044818320514,7.27545171343899,0.3513,0.07470320165157318,0
39.17103796403174,-122.63351101157649,26.723127619425497,21.72337980766537,1.0996625269291316,0.5132,3.4987528324127197,0
38.79374554470154,-116.0039442147744,23.410139338175497,9.645367512551328,6.91083789114276,0.116425,1.4127941131591797,0
39.27883579812608,-120.96264458311417,24.306460952758812,23.03299145263318,1.2518564239732075,0.7367,2.837270736694336,0
40.114269012357234,-114.8990164153074,20.223697280883812,21.418122857173966,11.400446312787993,0.3191,11.536865234375,0
38.38950366684775,-116.38123663410461,24.179263687133812,7.872497865939303,6.272511440819064,0.1579,6.808165073394775,0
35.74845673153636,-117.62091172618955,30.004947280883812,15.637391516764303,6.68333804494057,0.06925,0.045992184430360794,0
32.75706683541835,-115.76139908806215,37.6215651194255,20.46829047338868,5.748680075691424,0.3044,0.27739521861076355,0
40.222066846451575,-123.36114639171329,21.539533869425497,46.03746092747106,4.9661953441732845,0.5625,3.798673629760742,0
36.6108394042911,-119.69602003250564,29.722395197550497,22.779616384624997,10.776499418972536,0.38230000000000003,0.07781766355037689,0
34.34708488830991,-114.84511749826024,35.406151707967126,24.118922636753155,15.23780256146117,0.124,3.3811259269714355,0
36.260496443484485,-118.75278898418014,23.873843765258812,26.151781535895925,1.3134520165922006,0.528975,9.230002403259277,0
39.413583090744005,-114.92596587383099,23.694970067342126,11.639764730560058,9.357368051781302,0.2952,3.8548994064331055,0
41.27309572887142,-123.09165180647744,19.217593765258812,46.30800822143073,2.88228466291214,0.7632800000000001,9.592281341552734,1
40.70715709987612,-123.30724747466613,20.273420588175497,50.30738262981864,3.65112256361684,0.636,2.0256245136260986,1
40.43766251464026,-121.15129079277928,19.184634780883812,34.815589387327364,3.0881348661554844,0.22080000000000002,1.2998749017715454,1
40.78800547544687,-123.25334855761895,20.561181004842126,49.53290689220629,3.403656491148226,0.60955,3.5010523796081543,1
40.32986468054592,-121.15129079277928,20.490868504842126,35.1411232192746,2.7005367039293056,0.4647666666666667,2.6853811740875244,1
40.70715709987612,-123.1725001820482,21.037173843383812,46.18343077095505,3.7493631829866594,0.639,9.806779861450195,1
40.222066846451575,-121.23213916835003,20.738915379842126,33.05070568677995,2.168917368766155,0.4523666666666667,0.8411971926689148,1
40.7341065583997,-123.11860126500102,22.221825536092126,43.251112056464066,3.80412285437752,0.50722,9.275521278381348,1
41.59648923115444,-121.71722942177458,16.483951187133812,37.548532941572276,5.7512612743738405,0.42500000000000004,4.1968770027160645,1
40.38376359759309,-121.17824025130285,19.184634780883812,34.815589387327364,3.0881348661554844,0.24115,2.187035322189331,1
40.033420636786474,-121.04349295868494,22.804019546508812,25.754843293801194,1.2712110829476786,0.257,2.260852098464966,1
40.19511738792799,-121.04349295868494,20.778059260050497,30.081306988802325,2.1722170209671066,0.42210000000000003,1.9569932222366333,1
41.51564085558369,-121.95977454848685,16.467431004842126,40.831041127481136,4.475233342574609,0.3764,4.897322177886963,1
40.356814139069506,-121.20518970982644,19.184634780883812,34.815589387327364,3.0881348661554844,0.34105,4.650704383850098,1
40.41071305611668,-121.01654350016135,19.310855484008812,33.024721111719074,3.1731016790119813,0.5337666666666667,0.8547548651695251,1
40.114269012357234,-120.96264458311417,22.283430353800497,26.901906023386186,1.5786434781292018,0.420425,2.705906629562378,1
40.356814139069506,-121.17824025130285,19.184634780883812,34.815589387327364,3.0881348661554844,0.34105,1.3090393543243408,1
40.168167929404405,-121.31298754392078,20.206444676717126,33.24849930862533,2.2949045764291274,0.42510000000000003,3.0294249057769775,1
40.168167929404405,-121.17824025130285,20.738915379842126,33.05070568677995,2.168917368766155,0.4832,4.113785266876221,1
40.168167929404405,-120.96264458311417,20.778059260050497,30.081306988802325,2.1722170209671066,0.42210000000000003,3.1591155529022217,1
40.19511738792799,-121.39383591949154,20.079735692342126,32.605435249845755,2.510897651031898,0.42510000000000003,6.212080001831055,1
40.7341065583997,-123.1725001820482,21.037173843383812,46.18343077095505,3.7493631829866594,0.4879,4.83990478515625,1
40.302915222022335,-121.12434133425569,20.252587254842126,34.09021083987487,2.7171396246305437,0.44265000000000004,1.4549851417541504,1
40.78800547544687,-123.36114639171329,20.226626968383812,53.89094376236413,3.294972479690407,0.5119,4.6558613777160645,1
40.41071305611668,-121.07044241720851,19.214338556925497,33.97843463698442,3.146548966990746,0.4304,3.531708002090454,1
40.168167929404405,-120.77399837344907,20.245344416300497,27.245275039183554,2.603468701732269,0.3421,13.855809211730957,1
40.356814139069506,-123.14555072352461,21.339175796508812,39.75855936970639,3.596000298298638,0.39204000000000006,3.636718511581421,1
40.41071305611668,-121.0973918757321,19.214338556925497,33.97843463698442,3.146548966990746,0.3925,4.250626564025879,1
41.59648923115444,-121.82502725586892,18.027164077758812,38.76111225151521,5.733380323796688,0.4979,8.462658882141113,1
40.114269012357234,-121.07044241720851,21.794009780883812,28.691501188400338,1.6573281788734915,0.34800000000000003,7.177052974700928,1
38.57814987651285,-120.01941353478867,18.025258000691736,32.45369687727908,0.9990253724369991,0.4375,6.034519672393799,0
33.53860113260234,-115.89614638068007,36.47211672465011,24.558832437562767,3.369299378115294,0.07415000000000001,2.5319039821624756,0
32.541471167229666,-114.62952183007154,34.81106529235842,36.72399403034905,16.60799255379566,0.317,0.03369886428117752,0
33.02656142065421,-115.59970233692063,37.01321372985842,28.05346857916754,6.213874119439451,0.4703,0.14035730063915253,0
34.805225683210864,-114.19833049369417,35.53827883402511,24.566102760692925,11.842464276234502,0.139,1.7933974266052246,0
41.865983816390305,-116.56988284376972,22.173451360066736,20.45571580010591,4.065005047880957,0.19255,1.5481092929840088,0
35.37116431220616,-116.51598392672254,31.025746281941736,9.131234887741131,7.2455481943025655,0.10020000000000001,2.005422592163086,0
40.976651685111975,-118.91448573532166,26.735951360066736,11.682367774620236,1.5606095198973113,0.09165000000000001,0.7298752665519714,0
37.958312330470385,-115.16851100054326,25.059030787150107,11.403024634040152,3.513335489386803,0.1466,3.288766860961914,0
36.422193194626004,-114.49477453745362,34.26687583923342,9.010289924682432,4.831471569404672,0.14265,2.0392873287200928,0
35.82930510710712,-114.3330777863121,31.60305747985842,17.276472585632785,9.816972211935363,0.1759,3.9987754821777344,0
38.20085745718265,-119.10313194498676,20.152943547566736,20.41439133969351,1.2351633865674345,0.25520000000000004,3.720139503479004,0
40.94970222658839,-117.62091172618955,23.22659263610842,11.714552787414489,2.4983155396775554,0.2164,6.7907304763793945,0
40.7341065583997,-114.27917886926494,21.861032740275107,22.44805181073156,3.967500795674526,0.27926666666666666,0.8840309381484985,0
41.4886913970601,-120.26195866150094,22.08035240173342,23.943359273999533,3.240554333938006,0.4086,1.2870073318481445,0
40.06037009531006,-116.83937742900557,23.26980552673342,12.251981047616919,2.649376232771712,0.2748,5.301489353179932,0
34.185388137168395,-119.10313194498676,20.682321802775107,79.10689433767119,4.065007967005514,0.44260000000000005,0.0937449261546135,0
37.095929657715644,-120.85484674901983,28.14211997985842,37.87412448247054,6.592499182986017,0.3513,0.07470320165157318,0
39.17103796403174,-122.63351101157649,28.460153834025107,23.47969693439267,0.3956630335812976,0.5132,3.4987528324127197,0
38.79374554470154,-116.0039442147744,22.40359458923342,14.50540957557659,3.5298544278231674,0.116425,1.4127941131591797,0
39.27883579812608,-120.96264458311417,25.833119328816736,25.779761786709226,1.043507781828092,0.7367,2.837270736694336,0
40.114269012357234,-114.8990164153074,19.250111516316736,25.470426467654804,3.482484988172032,0.3191,11.536865234375,0
38.38950366684775,-116.38123663410461,23.758900578816736,12.765884941182643,2.3147036129966807,0.1579,6.808165073394775,0
35.74845673153636,-117.62091172618955,30.76419029235842,11.407697923975817,5.321904621416306,0.06925,0.045992184430360794,0
32.75706683541835,-115.76139908806215,36.17426516215011,18.52559585387639,3.772248810173962,0.3044,0.27739521861076355,0
40.222066846451575,-123.36114639171329,24.420603052775107,41.02450788933673,3.4526975551826595,0.5625,3.798673629760742,0
36.6108394042911,-119.69602003250564,31.285349146525107,23.608102801861822,5.37134913199575,0.38230000000000003,0.07781766355037689,0
34.34708488830991,-114.84511749826024,34.24075279235842,23.508608794274245,13.017075734548735,0.124,3.3811259269714355,0
36.260496443484485,-118.75278898418014,24.022653834025107,23.96213836122746,0.5923551948030009,0.528975,9.230002403259277,0
39.413583090744005,-114.92596587383099,22.322377141316736,18.139485770310998,3.4476702640954873,0.2952,3.8548994064331055,0
41.27309572887142,-123.09165180647744,22.41897544860842,38.9550734764357,2.426553754904698,0.7632800000000001,9.592281341552734,1
40.70715709987612,-123.30724747466613,23.531442896525107,44.15221925791726,2.7833958342044154,0.636,2.0256245136260986,1
40.78800547544687,-123.25334855761895,24.088978703816736,41.90200535849311,2.44941083015176,0.60955,3.5010523796081543,1
40.32986468054592,-121.15129079277928,23.768747584025107,28.243612161045867,3.0483407101181172,0.4647666666666667,2.6853811740875244,1
40.70715709987612,-123.1725001820482,24.380808130900107,40.25014989104865,3.0058125099473427,0.639,9.806779861450195,1
40.7341065583997,-123.11860126500102,25.71340904235842,37.433750181383964,3.1122878245057155,0.50722,9.275521278381348,1
40.033420636786474,-121.04349295868494,25.57327232360842,21.815476085191353,2.0507551140077376,0.257,2.260852098464966,1
40.19511738792799,-121.04349295868494,23.95974693298342,24.869005280408327,2.5954755526872653,0.42210000000000003,1.9569932222366333,1
40.7341065583997,-123.36114639171329,22.658070500691736,49.04339506869496,2.851258513993587,0.4893,1.387877106666565,1
33.56555059112592,-116.13869150739234,37.17402102152511,16.02509850044839,2.161851513299792,0.24450000000000002,0.10536354035139084,1
40.168167929404405,-121.31298754392078,23.38992271423342,25.160156061275757,2.657871347611178,0.42510000000000003,3.0294249057769775,1
40.168167929404405,-121.17824025130285,24.365183130900107,24.603742466530903,2.6320948632653143,0.4832,4.113785266876221,1
40.168167929404405,-120.96264458311417,23.95974693298342,24.869005280408327,2.5954755526872653,0.42210000000000003,3.1591155529022217,1
40.19511738792799,-121.39383591949154,22.730336125691736,25.529226777647434,2.2442529555738826,0.42510000000000003,6.212080001831055,1
40.7341065583997,-123.1725001820482,24.380808130900107,40.25014989104865,3.0058125099473427,0.4879,4.83990478515625,1
40.302915222022335,-121.12434133425569,23.296579615275107,28.684632240521452,3.0239317416180143,0.44265000000000004,1.4549851417541504,1
40.78800547544687,-123.36114639171329,23.614613469441736,46.310969415241644,2.2219308155659,0.5119,4.6558613777160645,1
40.41071305611668,-121.07044241720851,22.270700709025107,27.120858867121356,2.9963099434385807,0.4304,3.531708002090454,1
40.168167929404405,-120.77399837344907,23.479603703816736,23.48316584287643,2.439803259221424,0.3421,13.855809211730957,1
40.302915222022335,-122.84910667976517,29.392445500691736,26.2168553567895,0.9147486262301834,0.44930000000000003,7.842798709869385,1
40.249016304975164,-122.95690451385951,23.65628013610842,31.086902231365503,1.645496740946815,0.372,6.129343509674072,1
41.19224735330066,-122.9838539723831,21.301869328816736,37.184694722238234,2.8321464650151387,0.46230000000000004,5.349377632141113,1
40.76105601692329,-123.14555072352461,25.124623235066736,35.45980815823738,2.9610856566372012,0.50722,9.580398559570312,1
41.54259031410727,-123.30724747466613,20.841013209025107,44.54344916866565,2.1566457211083514,0.46790000000000004,6.6743011474609375,1
41.56953977263086,-121.71722942177458,20.219675318400107,30.10141877779024,4.5405470980435645,0.42110000000000003,1.4075791835784912,1
40.32986468054592,-122.92995505533592,26.72830162048342,29.08262598049204,1.3749314392881398,0.4672,5.3176398277282715,1
40.43766251464026,-121.0973918757321,22.270700709025107,27.120858867121356,2.9963099434385807,0.3513,4.085310459136963,1
40.19511738792799,-121.33993700244437,23.38992271423342,25.160156061275757,2.657871347611178,0.47750000000000004,5.707696437835693,1
40.19511738792799,-120.77399837344907,23.479603703816736,23.48316584287643,2.439803259221424,0.31930000000000003,10.769306182861328,1
40.38376359759309,-121.2860380853972,22.189564641316736,26.06878842699465,3.0297574499458357,0.3204,3.4504611492156982,1
38.57814987651285,-120.01941353478867,17.747165298461937,35.44307865260004,5.370767797867919,0.4375,6.034519672393799,0
33.53860113260234,-115.89614638068007,36.25318743387862,21.054748991831605,2.7281328487662497,0.07415000000000001,2.5319039821624756,0
32.541471167229666,-114.62952183007154,34.91106503804525,33.92946811211742,16.88740959250388,0.317,0.03369886428117752,0
33.02656142065421,-115.59970233692063,37.33261451721194,24.898589107961886,4.706548744236123,0.4703,0.14035730063915253,0
34.805225683210864,-114.19833049369417,34.64438209533694,18.74509924203724,8.797160864301604,0.139,1.7933974266052246,0
41.865983816390305,-116.56988284376972,25.266859308878622,16.065027219861058,11.301596909655405,0.19255,1.5481092929840088,0
35.37116431220616,-116.51598392672254,31.645521418253622,12.751512240744937,10.452912932226033,0.10020000000000001,2.005422592163086,0
40.976651685111975,-118.91448573532166,27.578382746378622,14.567038131710921,10.1980149716857,0.09165000000000001,0.7298752665519714,0
37.958312330470385,-115.16851100054326,26.96965878804525,8.33339273397125,10.408468391939257,0.1466,3.288766860961914,0
36.422193194626004,-114.49477453745362,35.17636451721194,16.10074713756802,8.608206177509633,0.14265,2.0392873287200928,0
35.82930510710712,-114.3330777863121,31.72063535054525,12.258392660062214,12.25446328236801,0.1759,3.9987754821777344,0
38.20085745718265,-119.10313194498676,20.16960995992025,30.13661590401148,7.092957485172628,0.25520000000000004,3.720139503479004,0
40.94970222658839,-117.62091172618955,25.52703183492025,12.881830500124602,8.913409548080947,0.2164,6.7907304763793945,0
40.7341065583997,-114.27917886926494,25.25237363179525,15.924409744973437,4.249937703098449,0.27926666666666666,0.8840309381484985,0
41.4886913970601,-120.26195866150094,22.225111262003622,26.157065767240333,8.826700382242727,0.4086,1.2870073318481445,0
40.06037009531006,-116.83937742900557,25.585462824503622,10.85786624674559,8.670003037928565,0.2748,5.301489353179932,0
34.185388137168395,-119.10313194498676,20.020602798461937,82.01062868650351,4.6353042459836695,0.44260000000000005,0.0937449261546135,0
37.095929657715644,-120.85484674901983,27.744235610961937,38.81772240245051,8.328282748366473,0.3513,0.07470320165157318,0
39.17103796403174,-122.63351101157649,27.236097590128622,31.66894734827545,2.2217126272962577,0.5132,3.4987528324127197,0
38.79374554470154,-116.0039442147744,25.484144465128622,9.61595283035045,9.920077275068426,0.116425,1.4127941131591797,0
39.27883579812608,-120.96264458311417,25.705905532836937,27.537617301448424,3.3213214350620004,0.7367,2.837270736694336,0
40.114269012357234,-114.8990164153074,22.680270767211937,16.35280268088807,7.068920943054472,0.3191,11.536865234375,0
38.38950366684775,-116.38123663410461,25.815524673461937,9.368174236908814,9.863494957621231,0.1579,6.808165073394775,0
35.74845673153636,-117.62091172618955,31.13567441304525,13.272216050099065,9.981366612990898,0.06925,0.045992184430360794,0
41.27309572887142,-123.09165180647744,21.72551816304525,51.353924203648674,3.3238128367108297,0.7632800000000001,9.592281341552734,0
32.75706683541835,-115.76139908806215,36.24277076721194,18.649229272826283,3.0211423773279646,0.3044,0.27739521861076355,0
40.222066846451575,-123.36114639171329,23.748060480753622,44.298992671890325,4.593340825278138,0.5625,3.798673629760742,0
36.6108394042911,-119.69602003250564,32.37379290262862,24.70564318574502,3.996983275635342,0.38230000000000003,0.07781766355037689,0
34.34708488830991,-114.84511749826024,34.03923886617025,18.53128495247066,9.885747514102327,0.124,3.3811259269714355,0
36.260496443484485,-118.75278898418014,25.007419204711937,22.985497377022586,0.33969252385265486,0.528975,9.230002403259277,0
40.70715709987612,-123.30724747466613,22.22673886617025,51.50392925048032,3.3941134634920944,0.636,2.0256245136260986,1
40.43766251464026,-121.15129079277928,21.814955012003622,28.659881135742022,6.981646606285565,0.22080000000000002,1.2998749017715454,1
40.78800547544687,-123.25334855761895,22.538831965128622,50.733123911941945,3.193328745599302,0.60955,3.5010523796081543,1
40.70715709987612,-123.1725001820482,23.14470761617025,47.46482525868089,3.404303400063394,0.639,9.806779861450195,1
40.7341065583997,-123.11860126500102,24.436292902628622,45.01446444790653,3.284677242639539,0.50722,9.275521278381348,1
40.19511738792799,-121.04349295868494,22.985202407836937,27.04220148782947,6.100923615465491,0.42210000000000003,1.9569932222366333,1
40.7341065583997,-123.36114639171329,21.30413144429525,56.34024980123894,3.716962201582738,0.4893,1.387877106666565,1
40.41071305611668,-121.01654350016135,21.741061782836937,28.32009545889188,7.184280028757664,0.5337666666666667,0.8547548651695251,1
40.168167929404405,-121.31298754392078,23.10247128804525,26.749138011505675,5.688067801013502,0.42510000000000003,3.0294249057769775,1
40.168167929404405,-120.96264458311417,22.985202407836937,27.04220148782947,6.100923615465491,0.42210000000000003,3.1591155529022217,1
40.19511738792799,-121.39383591949154,23.05608456929525,25.799861766488945,5.315224667672605,0.42510000000000003,6.212080001831055,1
40.7341065583997,-123.1725001820482,23.14470761617025,47.46482525868089,3.404303400063394,0.4879,4.83990478515625,1
40.302915222022335,-121.12434133425569,22.787122980753622,28.573796386983076,6.830504288096651,0.44265000000000004,1.4549851417541504,1
40.41071305611668,-121.07044241720851,21.753024673461937,28.577598945514232,7.057610814921044,0.4304,3.531708002090454,1
40.168167929404405,-120.77399837344907,22.34172910054525,25.516716245951272,6.744033455640581,0.3421,13.855809211730957,1
40.41071305611668,-121.0973918757321,21.753024673461937,28.577598945514232,7.057610814921044,0.3925,4.250626564025879,1
41.59648923115444,-121.82502725586892,21.831312433878622,43.896967472178716,7.00265570697566,0.4979,8.462658882141113,1
40.08731955383365,-121.15129079277928,23.511569595336937,25.6530223830163,5.039983969544013,0.4166,7.787846565246582,1
40.302915222022335,-122.84910667976517,28.968356704711937,32.06213433278195,0.8569852123054963,0.44930000000000003,7.842798709869385,1
40.114269012357234,-120.85484674901983,24.23259824117025,24.25794289130841,5.571742599715379,0.5256000000000001,2.9844744205474854,1
40.249016304975164,-122.95690451385951,23.36907285054525,35.62220018337455,1.6800240570056537,0.372,6.129343509674072,1
40.249016304975164,-120.69314999787832,21.683119074503622,25.551637631292007,7.104028824353953,0.4464,3.1198461055755615,1
32.568420625753255,-114.76426912268947,35.34498430887862,33.64322402705624,14.852168520380797,0.3875,0.033700600266456604,1
41.19224735330066,-122.9838539723831,20.971774673461937,48.68222609244109,3.3473370595479914,0.46230000000000004,5.349377632141113,1
40.38376359759309,-121.33993700244437,21.571546808878622,28.656651963743272,6.94088924392912,0.36410000000000003,3.044377088546753,1
40.76105601692329,-123.14555072352461,23.797865168253622,44.22856338126394,3.287523218993517,0.50722,9.580398559570312,1
40.68020764135253,-123.28029801614254,22.22673886617025,51.50392925048032,3.3941134634920944,0.708225,1.1119569540023804,1
40.249016304975164,-120.7200994564019,21.683119074503622,25.551637631292007,7.104028824353953,0.3665,3.9846153259277344,1
40.32986468054592,-122.92995505533592,26.380384699503622,34.63738930266753,0.6965806642462613,0.4672,5.3176398277282715,1
40.43766251464026,-121.0973918757321,21.753024673461937,28.577598945514232,7.057610814921044,0.3513,4.085310459136963,1
38.57814987651285,-120.01941353478867,17.698178863525413,39.17875393735641,3.9507410057996664,0.4375,6.034519672393799,0
33.53860113260234,-115.89614638068007,35.31764500935873,36.647692795665264,7.71690855673176,0.07415000000000001,2.5319039821624756,0
32.541471167229666,-114.62952183007154,33.8697283426921,43.12634720513436,19.23081036796884,0.317,0.03369886428117752,0
33.02656142065421,-115.59970233692063,36.40374526977541,33.27470914828081,9.81478566624379,0.4703,0.14035730063915253,0
34.805225683210864,-114.19833049369417,34.73846206665041,26.193880329189618,11.30714399875682,0.139,1.7933974266052246,0
41.865983816390305,-116.56988284376972,20.395444488525413,23.33684812298788,11.71469416319166,0.19255,1.5481092929840088,0
35.37116431220616,-116.51598392672254,31.7886736551921,15.440388003264902,11.529004416592615,0.10020000000000001,2.005422592163086,0
40.976651685111975,-118.91448573532166,25.6089861551921,16.052451796149143,7.132067573169987,0.09165000000000001,0.7298752665519714,0
37.958312330470385,-115.16851100054326,27.030698394775413,10.122463824000437,12.049931837631155,0.1466,3.288766860961914,0
36.422193194626004,-114.49477453745362,34.3157732645671,15.241153976081224,12.750656524555902,0.14265,2.0392873287200928,0
35.82930510710712,-114.3330777863121,31.534930165608728,19.57133416530266,14.186082015041716,0.1759,3.9987754821777344,0
38.20085745718265,-119.10313194498676,19.387469228108728,33.16653382253748,4.777348806143835,0.25520000000000004,3.720139503479004,0
40.94970222658839,-117.62091172618955,23.685727691650413,15.414852906671623,6.227083707869116,0.2164,6.7907304763793945,0
40.7341065583997,-114.27917886926494,24.112078603108728,18.056399734514237,4.66269618186436,0.27926666666666666,0.8840309381484985,0
41.4886913970601,-120.26195866150094,20.916277821858728,27.331771966210137,3.1155119616743923,0.4086,1.2870073318481445,0
40.06037009531006,-116.83937742900557,24.361346181233728,16.060282194449783,5.579920844327299,0.2748,5.301489353179932,0
34.185388137168395,-119.10313194498676,20.204119618733728,79.17394778363682,4.265855340751387,0.44260000000000005,0.0937449261546135,0
37.095929657715644,-120.85484674901983,27.238217926025413,41.52290324616133,8.331329121058799,0.3513,0.07470320165157318,0
39.17103796403174,-122.63351101157649,27.181902821858728,33.09394980464512,2.2457298194362343,0.5132,3.4987528324127197,0
38.79374554470154,-116.0039442147744,25.351255035400413,11.78504437784527,3.242870916800288,0.116425,1.4127941131591797,0
39.27883579812608,-120.96264458311417,25.072527821858728,34.52126912877825,2.1028143060311217,0.7367,2.837270736694336,0
40.114269012357234,-114.8990164153074,22.7559588114421,17.26553166873934,4.398726305216377,0.3191,11.536865234375,0
38.38950366684775,-116.38123663410461,26.1458513895671,12.35845335612689,5.178663998832959,0.1579,6.808165073394775,0
35.74845673153636,-117.62091172618955,30.584978993733728,16.43302549313702,10.309884664795133,0.06925,0.045992184430360794,0
32.75706683541835,-115.76139908806215,35.3416521708171,27.228211592854844,6.166214692267882,0.3044,0.27739521861076355,0
40.222066846451575,-123.36114639171329,24.712094879150413,38.139944659295715,1.5444088559938893,0.5625,3.798673629760742,0
36.6108394042911,-119.69602003250564,32.4202654520671,27.472191124292433,4.456885634412323,0.38230000000000003,0.07781766355037689,0
34.34708488830991,-114.84511749826024,33.4837420145671,27.192275646136544,14.998869049542638,0.124,3.3811259269714355,0
36.260496443484485,-118.75278898418014,24.770444488525413,27.63664028729443,0.5453078450452407,0.528975,9.230002403259277,0
39.413583090744005,-114.92596587383099,25.672299957275413,13.086019866773116,4.705042088692455,0.2952,3.8548994064331055,0
41.27309572887142,-123.09165180647744,22.545346832275413,38.344258970042446,1.9258137787340754,0.7632800000000001,9.592281341552734,1
40.70715709987612,-123.30724747466613,24.1529314676921,39.92661098736674,1.383826100386118,0.636,2.0256245136260986,1
40.43766251464026,-121.15129079277928,21.811704254150413,32.793342511293275,2.8466540412663623,0.22080000000000002,1.2998749017715454,1
40.78800547544687,-123.25334855761895,24.5569842020671,39.128338383474166,1.2636368098545536,0.60955,3.5010523796081543,1
40.32986468054592,-121.15129079277928,23.255551910400413,32.39514420173508,2.7061964041358846,0.4647666666666667,2.6853811740875244,1
40.70715709987612,-123.1725001820482,25.068621571858728,36.05567548076026,1.8666405047463468,0.639,9.806779861450195,1
40.7341065583997,-123.11860126500102,26.341326649983728,33.72490768374832,2.2260498710333345,0.50722,9.275521278381348,1
40.033420636786474,-121.04349295868494,24.845639801025413,27.66524166305464,1.9766134444840988,0.257,2.260852098464966,1
40.7341065583997,-123.36114639171329,23.2984392801921,44.53006628517842,0.5827722032143865,0.4893,1.387877106666565,1
40.41071305611668,-121.01654350016135,21.750506337483728,32.10442159230658,2.999227010319825,0.5337666666666667,0.8547548651695251,1
40.41071305611668,-121.23213916835003,21.811704254150413,32.793342511293275,2.8466540412663623,0.24450000000000002,2.480536937713623,1
40.168167929404405,-121.31298754392078,22.5962908426921,31.17798308872922,2.139543304654905,0.42510000000000003,3.0294249057769775,1
40.19511738792799,-121.39383591949154,22.167986806233728,32.234201966676686,2.0565667125266485,0.42510000000000003,6.212080001831055,1
40.302915222022335,-121.12434133425569,22.762713368733728,32.48096704446824,2.7965894885356213,0.44265000000000004,1.4549851417541504,1
40.41071305611668,-121.07044241720851,21.720965321858728,32.62617884236802,2.911873688150216,0.4304,3.531708002090454,1
40.168167929404405,-120.77399837344907,22.565203603108728,27.236120644297053,2.593173384579654,0.3421,13.855809211730957,1
40.356814139069506,-123.14555072352461,24.791440582275413,32.38162128966853,2.6502260836573974,0.39204000000000006,3.636718511581421,1
40.302915222022335,-122.84910667976517,29.666196441650413,24.42607763864543,4.422833710560954,0.44930000000000003,7.842798709869385,1
40.249016304975164,-122.95690451385951,24.121111806233728,30.200937711700565,2.4919031357118633,0.372,6.129343509674072,1
40.249016304975164,-120.69314999787832,21.844663238525413,27.61986395745712,2.79003595215808,0.4464,3.1198461055755615,1
41.19224735330066,-122.9838539723831,21.6905291239421,37.432560818828854,1.2072947132658705,0.46230000000000004,5.349377632141113,1
40.38376359759309,-123.11860126500102,24.791440582275413,32.38162128966853,2.6502260836573974,0.5073,5.882819652557373,1
40.76105601692329,-123.14555072352461,25.6331560770671,33.32569105271999,1.7155698471311038,0.50722,9.580398559570312,1
40.68020764135253,-123.28029801614254,24.1529314676921,39.92661098736674,1.383826100386118,0.708225,1.1119569540023804,1
40.249016304975164,-120.7200994564019,21.844663238525413,27.61986395745712,2.79003595215808,0.3665,3.9846153259277344,1
41.51564085558369,-121.85197671439249,21.9444353739421,32.138141442023205,2.3129899581458577,0.46895000000000003,1.4365220069885254,1
40.32986468054592,-122.92995505533592,27.140805816650413,28.23310572659504,3.788379349508297,0.4672,5.3176398277282715,1
40.19511738792799,-120.77399837344907,22.565203603108728,27.236120644297053,2.593173384579654,0.31930000000000003,10.769306182861328,1
37.76966612080528,-119.77686840807641,21.0840838114421,36.16817695825677,1.2655939057292207,0.625,3.494260311126709,1
40.78800547544687,-123.41504530876047,24.1229021708171,42.87238458638517,0.8340591767197723,0.5027,1.2340103387832642,1
38.57814987651285,-120.01941353478867,18.612813568115257,37.07248023607284,0.9349043421790861,0.4375,6.034519672393799,0
33.53860113260234,-115.89614638068007,34.48887151082357,44.19224377319571,7.081636842731975,0.07415000000000001,2.5319039821624756,0
32.541471167229666,-114.62952183007154,33.91603622436526,44.062412802146866,10.192232050636852,0.317,0.03369886428117752,0
33.02656142065421,-115.59970233692063,35.48024520874026,38.24306011345232,9.258372002256705,0.4703,0.14035730063915253,0
34.805225683210864,-114.19833049369417,33.09311955769857,36.50340833367579,11.437985158157321,0.139,1.7933974266052246,0
41.865983816390305,-116.56988284376972,21.94053166707357,18.739138758572203,5.7076402835920526,0.19255,1.5481092929840088,0
35.37116431220616,-116.51598392672254,32.21527125040694,17.45742387671902,8.96642311465953,0.10020000000000001,2.005422592163086,0
40.976651685111975,-118.91448573532166,27.188985443115257,14.258033822631619,3.6647606410612936,0.09165000000000001,0.7298752665519714,0
37.958312330470385,-115.16851100054326,27.034932708740257,12.45494714617277,8.534244191514377,0.1466,3.288766860961914,0
36.422193194626004,-114.49477453745362,34.03721135457357,22.17562553850007,11.115559195797708,0.14265,2.0392873287200928,0
35.82930510710712,-114.3330777863121,29.790059661865257,30.24087607337325,13.716902373633802,0.1759,3.9987754821777344,0
38.20085745718265,-119.10313194498676,20.69346135457357,27.024601310304874,2.1287597473113937,0.25520000000000004,3.720139503479004,0
40.94970222658839,-117.62091172618955,24.155945078531943,13.521132223859954,4.947359243246777,0.2164,6.7907304763793945,0
40.7341065583997,-114.27917886926494,23.600769297281943,18.510488588230764,2.3112187168610934,0.27926666666666666,0.8840309381484985,0
41.4886913970601,-120.26195866150094,22.96689885457357,24.603372983198327,2.4679864392403963,0.4086,1.2870073318481445,0
40.06037009531006,-116.83937742900557,25.08213322957357,14.294919149137506,7.702479768375199,0.2748,5.301489353179932,0
34.185388137168395,-119.10313194498676,21.186706797281943,75.01654282296482,5.053066401755213,0.44260000000000005,0.0937449261546135,0
37.095929657715644,-120.85484674901983,28.37217229207357,35.27654554200409,5.899417753844375,0.3513,0.07470320165157318,0
39.17103796403174,-122.63351101157649,28.08213322957357,25.034135817383195,1.5804820829782809,0.5132,3.4987528324127197,0
38.79374554470154,-116.0039442147744,25.027608489990257,13.294394844990801,6.332777508340695,0.116425,1.4127941131591797,0
39.27883579812608,-120.96264458311417,25.983825937906943,31.682240771911335,1.03424287832143,0.7367,2.837270736694336,0
40.114269012357234,-114.8990164153074,22.31089299519857,17.890585373750785,4.837876436197677,0.3191,11.536865234375,0
38.38950366684775,-116.38123663410461,25.89097112019857,12.404005262341954,1.1829620840741502,0.1579,6.808165073394775,0
35.74845673153636,-117.62091172618955,31.49228947957357,15.974905529653006,6.858021878290875,0.06925,0.045992184430360794,0
41.27309572887142,-123.09165180647744,25.204122161865257,33.70532064699886,1.3766306632022898,0.7632800000000001,9.592281341552734,0
32.75706683541835,-115.76139908806215,34.49912541707357,36.29494472349942,6.389058537139706,0.3044,0.27739521861076355,0
40.222066846451575,-123.36114639171329,26.241231536865257,35.2679469806402,0.8591839927682192,0.5625,3.798673629760742,0
36.6108394042911,-119.69602003250564,33.15822372436526,24.60136299487896,4.549143729549604,0.38230000000000003,0.07781766355037689,0
34.34708488830991,-114.84511749826024,32.09409612019857,36.4212365350173,14.725518395721945,0.124,3.3811259269714355,0
36.260496443484485,-118.75278898418014,25.532247161865257,24.146641122322894,0.5027811221432967,0.528975,9.230002403259277,0
40.70715709987612,-123.30724747466613,26.477478281656943,32.01189505219376,1.4559621087684242,0.636,2.0256245136260986,1
40.78800547544687,-123.25334855761895,26.917256927490257,31.50972047308095,1.2642509489359979,0.60955,3.5010523796081543,1
40.32986468054592,-121.15129079277928,24.545837656656943,34.32460125634444,1.5604019689570683,0.4647666666666667,2.6853811740875244,1
40.033420636786474,-121.04349295868494,26.570740000406943,28.02636517175543,0.7047653203906484,0.257,2.260852098464966,1
40.7341065583997,-123.36114639171329,25.78208440144857,37.21879372596096,0.7992447907691872,0.4893,1.387877106666565,1
41.51564085558369,-121.95977454848685,22.300557708740257,30.973142900100868,1.9648485188610645,0.3764,4.897322177886963,1
40.41071305611668,-121.01654350016135,22.695333099365257,33.87220528425137,1.4472371847109209,0.5337666666666667,0.8547548651695251,1
40.41071305611668,-121.23213916835003,22.916931406656943,34.600588437740996,1.5429769161647398,0.24450000000000002,2.480536937713623,1
40.168167929404405,-121.31298754392078,24.12876408894857,32.66322153587147,1.3450310431014478,0.42510000000000003,3.0294249057769775,1
40.19511738792799,-121.39383591949154,23.492940521240257,33.79869087371225,1.2613083567882832,0.42510000000000003,6.212080001831055,1
40.41071305611668,-121.07044241720851,22.735046641031943,34.5577969746177,1.489293592260761,0.4304,3.531708002090454,1
40.168167929404405,-120.77399837344907,24.01475041707357,28.461004551212703,0.6905650391091469,0.3421,13.855809211730957,1
40.249016304975164,-122.95690451385951,25.17637151082357,26.398197810650842,1.923468540006117,0.372,6.129343509674072,1
41.19224735330066,-122.9838539723831,23.920105234781943,31.468545852055556,0.9831639899804407,0.46230000000000004,5.349377632141113,1
40.14121847088082,-120.66620053935473,23.62485783894857,28.510934018656197,0.9049773795632896,0.3422,4.038455963134766,1
40.68020764135253,-123.28029801614254,26.477478281656943,32.01189505219376,1.4559621087684242,0.708225,1.1119569540023804,1
40.249016304975164,-120.7200994564019,23.26450627644857,28.588864942657207,0.7440930009729765,0.3665,3.9846153259277344,1
41.51564085558369,-121.85197671439249,24.383321380615257,29.5326456267022,1.8920813736288604,0.46895000000000003,1.4365220069885254,1
40.19511738792799,-121.33993700244437,24.12876408894857,32.66322153587147,1.3450310431014478,0.47750000000000004,5.707696437835693,1
40.19511738792799,-120.77399837344907,24.01475041707357,28.461004551212703,0.6905650391091469,0.31930000000000003,10.769306182861328,1
40.38376359759309,-121.2860380853972,22.91904729207357,33.261727660379314,1.6365243129702205,0.3204,3.4504611492156982,1
40.168167929404405,-121.36688646096796,23.492940521240257,33.79869087371225,1.2613083567882832,0.5128,1.5449745655059814,1
40.19511738792799,-120.7200994564019,23.26450627644857,28.588864942657207,0.7440930009729765,0.3407,4.112751483917236,1
40.76105601692329,-123.41504530876047,26.75376408894857,35.32213786335681,0.9002484348543414,0.4893,10.589432716369629,1
40.7341065583997,-123.14555072352461,28.490987396240257,25.4042788038703,2.167159263235005,0.5063,11.175909996032715,1
41.084449519206316,-123.09165180647744,24.784444427490257,31.270702997694176,0.9177503019248101,0.5970333333333333,13.289196968078613,1
40.7341065583997,-123.33419693318972,26.477478281656943,32.01189505219376,1.4559621087684242,0.4773,2.174808979034424,1
41.111398977729905,-122.95690451385951,23.01060002644857,30.750464931863398,1.0317989131200207,0.4087,5.284580707550049,1
41.084449519206316,-122.95690451385951,23.01060002644857,30.750464931863398,1.0317989131200207,0.43025,5.699265003204346,1
41.13834843625349,-122.87605613828876,22.296814219156943,30.436863009949167,1.1091903804355723,0.46906666666666674,4.8139567375183105,1
38.57814987651285,-120.01941353478867,19.6833377838135,31.3599396541133,0.8196481997308154,0.4375,6.034519672393799,0
33.53860113260234,-115.89614638068007,33.1003299713135,53.59713567119799,6.470993130957314,0.07415000000000001,2.5319039821624756,0
32.541471167229666,-114.62952183007154,32.918363825480185,53.32869673235721,15.486429770594421,0.317,0.03369886428117752,0
33.02656142065421,-115.59970233692063,35.223946507771814,43.52686950336353,8.152760574808273,0.4703,0.14035730063915253,0
34.805225683210864,-114.19833049369417,30.333891169230185,51.527949124343884,9.053863907911916,0.139,1.7933974266052246,0
41.865983816390305,-116.56988284376972,25.147530492146814,13.78089474670953,4.720048172598747,0.19255,1.5481092929840088,0
35.37116431220616,-116.51598392672254,32.2040897369385,24.59248261086315,9.322472642300955,0.10020000000000001,2.005422592163086,0
40.976651685111975,-118.91448573532166,29.473051325480185,11.52392150472624,0.09809876879450223,0.09165000000000001,0.7298752665519714,0
37.958312330470385,-115.16851100054326,26.872709528605185,19.621136466152166,1.8927893845311585,0.1466,3.288766860961914,0
36.422193194626004,-114.49477453745362,32.051827367146814,37.490973496999786,8.615817265998322,0.14265,2.0392873287200928,0
35.82930510710712,-114.3330777863121,28.348295466105185,45.55487468166788,12.223281895997495,0.1759,3.9987754821777344,0
38.20085745718265,-119.10313194498676,21.175362523396814,21.858002104533288,2.133414452087818,0.25520000000000004,3.720139503479004,0
40.94970222658839,-117.62091172618955,26.110014216105185,8.397724017367425,3.0052431160479274,0.2164,6.7907304763793945,0
40.7341065583997,-114.27917886926494,25.035714085896814,11.496394694499514,4.271074389795189,0.27926666666666666,0.8840309381484985,0
41.4886913970601,-120.26195866150094,25.002266820271814,20.73927486028084,2.1164799074959437,0.4086,1.2870073318481445,0
40.06037009531006,-116.83937742900557,26.279854710896814,9.409907865589505,4.604913813917951,0.2748,5.301489353179932,0
34.185388137168395,-119.10313194498676,22.382719294230185,73.11939273163398,4.811898008532088,0.44260000000000005,0.0937449261546135,0
37.095929657715644,-120.85484674901983,30.225736872355185,34.02391487179969,6.9664800310246955,0.3513,0.07470320165157318,0
39.17103796403174,-122.63351101157649,29.650948460896814,25.75486294728549,1.7114385668269405,0.5132,3.4987528324127197,0
38.79374554470154,-116.0039442147744,25.563871637980185,10.295266922807663,7.950111220416722,0.116425,1.4127941131591797,0
39.27883579812608,-120.96264458311417,27.6118045806885,29.19308768878597,0.640866729158288,0.7367,2.837270736694336,0
40.114269012357234,-114.8990164153074,23.494047419230185,10.22712994049297,6.76321883340869,0.3191,11.536865234375,0
38.38950366684775,-116.38123663410461,26.4992557525635,10.897349393511352,5.079898150331217,0.1579,6.808165073394775,0
35.74845673153636,-117.62091172618955,31.8481327056885,17.026743002062524,5.358355623462367,0.06925,0.045992184430360794,0
41.27309572887142,-123.09165180647744,26.797758356730185,29.29890080876822,0.44185899918391197,0.7632800000000001,9.592281341552734,0
32.75706683541835,-115.76139908806215,34.466378148396814,42.046703019100704,6.802585802159641,0.3044,0.27739521861076355,0
40.222066846451575,-123.36114639171329,26.749581273396814,37.95185005872897,0.9353290610867333,0.5625,3.798673629760742,0
36.6108394042911,-119.69602003250564,33.8769412994385,21.56453852429777,6.809540232928174,0.38230000000000003,0.07781766355037689,0
34.34708488830991,-114.84511749826024,31.3393436431885,42.348272463635865,11.953277838597831,0.124,3.3811259269714355,0
36.260496443484485,-118.75278898418014,26.176420466105185,24.273505006654418,1.2391359729448004,0.528975,9.230002403259277,0
40.70715709987612,-123.30724747466613,27.5473514556885,32.15836005606679,0.5549991878551713,0.636,2.0256245136260986,1
40.78800547544687,-123.25334855761895,27.869454320271814,31.33612958575931,0.6250475172671089,0.60955,3.5010523796081543,1
40.32986468054592,-121.15129079277928,25.789945856730185,30.165594453648826,3.0586089668027414,0.4647666666666667,2.6853811740875244,1
40.7341065583997,-123.11860126500102,29.6599002838135,24.576910739172224,0.39190616525129335,0.50722,9.275521278381348,1
41.165297894777076,-122.9838539723831,25.4929080963135,27.663672496716597,0.42304685653049917,0.41150000000000003,4.805819988250732,1
40.033420636786474,-121.04349295868494,27.468331273396814,24.75017868731866,1.4611520113289562,0.257,2.260852098464966,1
41.51564085558369,-121.95977454848685,24.301339085896814,26.39557888735064,2.848981794971127,0.3764,4.897322177886963,1
40.41071305611668,-121.01654350016135,24.3471561431885,28.166567429415846,3.360475718033368,0.5337666666666667,0.8547548651695251,1
40.168167929404405,-121.31298754392078,25.735176976521814,27.423520159362834,2.518638738405377,0.42510000000000003,3.0294249057769775,1
40.19511738792799,-121.39383591949154,25.2748905181885,28.15629453175482,2.2624533477993203,0.42510000000000003,6.212080001831055,1
40.78800547544687,-123.36114639171329,27.6071659088135,35.702785445267,0.7591929040552287,0.5119,4.6558613777160645,1
40.41071305611668,-121.07044241720851,24.300688044230185,28.763876631680755,3.3910391177876926,0.4304,3.531708002090454,1
40.168167929404405,-120.77399837344907,25.205229059855185,25.16953667786247,2.0672494148281295,0.3421,13.855809211730957,1
40.249016304975164,-122.95690451385951,26.423653539021814,26.304771836240903,0.5904447319155752,0.372,6.129343509674072,1
41.19224735330066,-122.9838539723831,25.4929080963135,27.663672496716597,0.42304685653049917,0.46230000000000004,5.349377632141113,1
40.14121847088082,-120.66620053935473,24.619698460896814,25.529459685426918,1.8932208117921068,0.3422,4.038455963134766,1
40.38376359759309,-121.33993700244437,24.327706273396814,28.771402555627247,3.267812085738332,0.36410000000000003,3.044377088546753,1
40.38376359759309,-123.11860126500102,27.877755101521814,25.116762402295894,0.6657254107155941,0.5073,5.882819652557373,1
40.76105601692329,-123.14555072352461,28.643135960896814,25.037121773947042,0.41536822811663326,0.50722,9.580398559570312,1
40.68020764135253,-123.28029801614254,27.5473514556885,32.15836005606679,0.5549991878551713,0.708225,1.1119569540023804,1
40.114269012357234,-120.69314999787832,24.619698460896814,25.529459685426918,1.8932208117921068,0.4015666666666667,2.830662250518799,1
40.356814139069506,-123.06470234795385,27.877755101521814,25.116762402295894,0.6657254107155941,0.39226,3.4906387329101562,1
40.19511738792799,-121.33993700244437,25.735176976521814,27.423520159362834,2.518638738405377,0.47750000000000004,5.707696437835693,1
40.78800547544687,-123.41504530876047,27.6071659088135,35.702785445267,0.7591929040552287,0.5027,1.2340103387832642,1
40.38376359759309,-121.2860380853972,24.327706273396814,28.771402555627247,3.267812085738332,0.3204,3.4504611492156982,1
40.19511738792799,-120.7200994564019,24.488594945271814,25.299239128537447,2.1019493421322015,0.3407,4.112751483917236,1
40.65325818282895,-123.19944964057179,28.366361872355185,27.70237124594306,0.42943885817206046,0.5285000000000001,6.615375995635986,1
41.111398977729905,-122.95690451385951,24.669259007771814,26.91340981131442,0.22734426276468858,0.4087,5.284580707550049,1
41.084449519206316,-122.95690451385951,24.669259007771814,26.91340981131442,0.22734426276468858,0.43025,5.699265003204346,1
41.13834843625349,-122.87605613828876,24.167550023396814,26.167480346421833,0.1912841448043492,0.46906666666666674,4.8139567375183105,1
38.57814987651285,-120.01941353478867,20.41068547566732,29.75823438362422,1.9070556310687907,0.4375,6.034519672393799,0
33.53860113260234,-115.89614638068007,34.06286646525069,42.542545959293776,4.306472951603688,0.07415000000000001,2.5319039821624756,0
32.541471167229666,-114.62952183007154,32.92622909545901,50.63269980960473,10.381650899209193,0.317,0.03369886428117752,0
33.02656142065421,-115.59970233692063,35.48091659545901,38.20637562136756,4.439698207183701,0.4703,0.14035730063915253,0
34.805225683210864,-114.19833049369417,31.262166595459007,48.17265747251233,9.446805723010277,0.139,1.7933974266052246,0
41.865983816390305,-116.56988284376972,27.398559824625693,22.256913710446565,8.919690319098788,0.19255,1.5481092929840088,0
35.37116431220616,-116.51598392672254,31.631225840250693,23.571171828561372,7.882883699580353,0.10020000000000001,2.005422592163086,0
40.976651685111975,-118.91448573532166,31.44828313191732,15.378551950993046,2.7288929886336883,0.09165000000000001,0.7298752665519714,0
37.958312330470385,-115.16851100054326,26.715047454834007,19.307116688401667,2.7915957003290366,0.1466,3.288766860961914,0
36.422193194626004,-114.49477453745362,32.55855331420901,35.861898317926276,9.414577562136602,0.14265,2.0392873287200928,0
35.82930510710712,-114.3330777863121,28.876343027750693,41.06574708337008,13.333536897486386,0.1759,3.9987754821777344,0
38.20085745718265,-119.10313194498676,21.16508000691732,23.67603703134552,2.230891528944987,0.25520000000000004,3.720139503479004,0
40.94970222658839,-117.62091172618955,27.954549407959007,16.37076739566669,4.960382642442688,0.2164,6.7907304763793945,0
40.7341065583997,-114.27917886926494,26.64579289754232,19.826969187181852,3.862410195702174,0.27926666666666666,0.8840309381484985,0
41.4886913970601,-120.26195866150094,25.265991465250693,26.20316234691612,3.13656854100601,0.4086,1.2870073318481445,0
40.06037009531006,-116.83937742900557,27.701619720459007,12.94171913629322,4.51186405119537,0.2748,5.301489353179932,0
34.185388137168395,-119.10313194498676,22.842977142334007,71.7876867723031,2.9319322332650453,0.44260000000000005,0.0937449261546135,0
37.095929657715644,-120.85484674901983,30.219441986084007,33.91597435782172,8.00434329977266,0.3513,0.07470320165157318,0
39.17103796403174,-122.63351101157649,29.72367375691732,24.854487327641507,3.9339354739705326,0.5132,3.4987528324127197,0
38.79374554470154,-116.0039442147744,25.562703704834007,10.748847838563877,7.100307975426456,0.116425,1.4127941131591797,0
39.27883579812608,-120.96264458311417,27.843953704834007,27.62774711307688,1.4693300419758897,0.7367,2.837270736694336,0
40.114269012357234,-114.8990164153074,24.597371673584007,19.20628273539295,4.380875954810112,0.3191,11.536865234375,0
38.38950366684775,-116.38123663410461,27.00443547566732,8.066787397784239,3.24262646155647,0.1579,6.808165073394775,0
35.74845673153636,-117.62091172618955,32.12398300170901,18.03543557918062,4.42227846958681,0.06925,0.045992184430360794,0
41.27309572887142,-123.09165180647744,26.973592376709007,30.095665954304252,1.5117608955544999,0.7632800000000001,9.592281341552734,0
32.75706683541835,-115.76139908806215,34.64465357462569,34.062825915228956,2.9121496816858508,0.3044,0.27739521861076355,0
40.222066846451575,-123.36114639171329,26.99637883504232,34.06595354416667,2.0168705351063623,0.5625,3.798673629760742,0
36.6108394042911,-119.69602003250564,34.42753117879232,21.157250890356757,9.873334443299632,0.38230000000000003,0.07781766355037689,0
34.34708488830991,-114.84511749826024,30.83573430379232,43.9351947448688,13.132709615554388,0.124,3.3811259269714355,0
36.260496443484485,-118.75278898418014,25.83866399129232,34.25911698850074,1.0743430050115998,0.528975,9.230002403259277,0
40.70715709987612,-123.30724747466613,27.309204355875693,35.65324962114658,2.471330912830899,0.636,2.0256245136260986,1
40.78800547544687,-123.25334855761895,27.745565032959007,34.29418429400694,2.1044783054386333,0.60955,3.5010523796081543,1
40.32986468054592,-121.15129079277928,25.90897649129232,32.374626483439314,3.130263104150465,0.4647666666666667,2.6853811740875244,1
41.51564085558369,-123.33419693318972,25.393514251709007,33.82388218850652,0.9712683777533548,0.4258,4.016928672790527,1
40.7341065583997,-123.11860126500102,28.867635345459007,32.35855987435639,2.6766327139888277,0.50722,9.275521278381348,1
40.033420636786474,-121.04349295868494,28.000366465250693,23.33866594723001,1.1845837662949894,0.257,2.260852098464966,1
40.7341065583997,-123.36114639171329,26.861287689209007,38.0563073061131,2.2211906830378148,0.4893,1.387877106666565,1
41.51564085558369,-121.95977454848685,25.575561777750693,23.87257677286588,4.100452788920612,0.3764,4.897322177886963,1
40.41071305611668,-121.23213916835003,24.51542180379232,32.021239458125144,3.4942006026926795,0.24450000000000002,2.480536937713623,1
40.41071305611668,-121.07044241720851,24.505249277750693,31.84186492144355,3.6514888601224804,0.4304,3.531708002090454,1
40.43766251464026,-120.96264458311417,24.589721934000693,31.506953201197895,3.756565593205955,0.48450000000000004,0.928923487663269,1
40.168167929404405,-120.77399837344907,25.744832611084007,25.034702064855207,2.788297821112271,0.3421,13.855809211730957,1
40.68020764135253,-123.03775288943027,29.77006047566732,31.950227641050304,2.4574075273969282,0.5904666666666667,0.3452124297618866,1
40.249016304975164,-122.95690451385951,26.56791203816732,26.811761995446354,2.3424608946586307,0.372,6.129343509674072,1
41.19224735330066,-122.9838539723831,25.729207611084007,29.561322365572813,1.9846374530368611,0.46230000000000004,5.349377632141113,1
40.14121847088082,-120.66620053935473,25.128865814209007,24.64775397070754,2.464301065205446,0.3422,4.038455963134766,1
40.46461197316385,-120.98959404163776,24.13358586629232,29.831264400644734,3.952671541840323,0.48450000000000004,1.3807365894317627,1
40.38376359759309,-121.33993700244437,24.39823430379232,31.62116427183973,3.216000894563875,0.36410000000000003,3.044377088546753,1
40.76105601692329,-123.14555072352461,28.29081242879232,30.88556647448964,2.267454271225676,0.50722,9.580398559570312,1
40.81495493397046,-123.30724747466613,27.745565032959007,34.29418429400694,2.1044783054386333,0.6505500000000001,6.442965030670166,1
40.68020764135253,-123.28029801614254,27.309204355875693,35.65324962114658,2.471330912830899,0.708225,1.1119569540023804,1
41.51564085558369,-121.85197671439249,27.079793548584007,25.32932542750072,4.483918152291398,0.46895000000000003,1.4365220069885254,1
40.114269012357234,-120.69314999787832,25.128865814209007,24.64775397070754,2.464301065205446,0.4015666666666667,2.830662250518799,1
40.78800547544687,-123.41504530876047,27.593709564209007,36.53907045510785,1.9519156748476487,0.5027,1.2340103387832642,1
40.38376359759309,-121.2860380853972,24.39823430379232,31.62116427183973,3.216000894563875,0.3204,3.4504611492156982,1
39.38663363222042,-121.25908862687362,29.059041595459007,29.12370749203192,2.9665336789683217,0.6233000000000001,0.835669219493866,1
41.54259031410727,-121.69027996325099,25.83060735066732,23.232463579209814,4.502536886465681,0.5162,3.0064592361450195,1
40.19511738792799,-120.7200994564019,25.047729746500693,25.02990235469957,3.0907115258434246,0.3407,4.112751483917236,1
40.76105601692329,-123.41504530876047,27.593709564209007,36.53907045510785,1.9519156748476487,0.4893,10.589432716369629,1
41.13834843625349,-122.87605613828876,24.419149017334007,30.367245503948126,1.8339113203653985,0.46906666666666674,4.8139567375183105,1
38.57814987651285,-120.01941353478867,19.799544906616234,37.86787535356227,2.9355747552741356,0.4375,6.034519672393799,0
33.53860113260234,-115.89614638068007,34.78009503682455,29.515428977533915,5.765162326488005,0.07415000000000001,2.5319039821624756,0
32.541471167229666,-114.62952183007154,35.12368227640792,40.38597535763957,8.563038320030701,0.317,0.03369886428117752,0
33.02656142065421,-115.59970233692063,36.03164126078292,23.032925177998766,7.557456002080208,0.4703,0.14035730063915253,0
34.805225683210864,-114.19833049369417,32.704085922241234,43.86619245346727,7.742829377303515,0.139,1.7933974266052246,0
41.865983816390305,-116.56988284376972,27.578353500366234,17.604224685351912,9.008549526061536,0.19255,1.5481092929840088,0
35.37116431220616,-116.51598392672254,31.878239568074548,18.93586790322376,8.725101910829116,0.10020000000000001,2.005422592163086,0
40.976651685111975,-118.91448573532166,30.856755193074548,19.815009480887486,4.721427311339772,0.09165000000000001,0.7298752665519714,0
37.958312330470385,-115.16851100054326,27.137679672241234,19.802601882493303,6.614162430430172,0.1466,3.288766860961914,0
36.422193194626004,-114.49477453745362,32.98501040140792,36.40067522529227,7.991851583023948,0.14265,2.0392873287200928,0
35.82930510710712,-114.3330777863121,29.56997133890792,39.944824130374435,9.666963784245553,0.1759,3.9987754821777344,0
38.20085745718265,-119.10313194498676,21.15981508890792,29.134531558092213,4.345380517892903,0.25520000000000004,3.720139503479004,0
40.94970222658839,-117.62091172618955,28.458968734741234,15.98337390811923,6.0424681493435255,0.2164,6.7907304763793945,0
40.7341065583997,-114.27917886926494,27.41811587015792,17.997316567039107,2.503789554130551,0.27926666666666666,0.8840309381484985,0
41.4886913970601,-120.26195866150094,24.66738344828292,33.91467755057608,1.8361911042674597,0.4086,1.2870073318481445,0
40.06037009531006,-116.83937742900557,28.12490297953292,15.51417765919545,2.457514118741091,0.2748,5.301489353179932,0
34.185388137168395,-119.10313194498676,23.16860415140792,67.64004530368558,2.4175371532863137,0.44260000000000005,0.0937449261546135,0
37.095929657715644,-120.85484674901983,29.537419255574548,35.029092542764786,7.931087742785732,0.3513,0.07470320165157318,0
39.17103796403174,-122.63351101157649,29.37587954203292,25.270599162044473,2.5194341032845537,0.5132,3.4987528324127197,0
38.79374554470154,-116.0039442147744,26.01455141703292,16.87622224221083,2.5814006012833994,0.116425,1.4127941131591797,0
39.27883579812608,-120.96264458311417,27.186507797241234,33.30075144004368,1.9227351083184026,0.7367,2.837270736694336,0
40.114269012357234,-114.8990164153074,25.462223943074548,19.20496057927326,2.2689239669419603,0.3191,11.536865234375,0
38.38950366684775,-116.38123663410461,27.120101547241234,15.256046266747529,3.0694542926042434,0.1579,6.808165073394775,0
35.74845673153636,-117.62091172618955,31.77065493265792,19.846987755354,6.44521331932512,0.06925,0.045992184430360794,0
41.27309572887142,-123.09165180647744,26.419173812866234,33.06861586503866,0.6967234992143083,0.7632800000000001,9.592281341552734,0
32.75706683541835,-115.76139908806215,34.81899477640792,23.556366843804316,8.23151303787464,0.3044,0.27739521861076355,0
40.222066846451575,-123.36114639171329,26.220768864949548,34.92330689124276,2.393887408341168,0.5625,3.798673629760742,0
36.6108394042911,-119.69602003250564,33.82729555765792,23.743380371922434,10.659932360050856,0.38230000000000003,0.07781766355037689,0
34.34708488830991,-114.84511749826024,32.506332015991234,33.211212495242656,12.425931004965516,0.124,3.3811259269714355,0
36.260496443484485,-118.75278898418014,25.727279281616234,33.17547173865788,1.3329343875629567,0.528975,9.230002403259277,0
40.32986468054592,-120.96264458311417,24.80117251078292,35.75228629069999,2.8770346269839404,0.5421,1.2570117712020874,1
40.78800547544687,-123.25334855761895,26.91201235453292,34.763738475422514,1.9117528618230284,0.60955,3.5010523796081543,1
40.32986468054592,-120.98959404163776,24.80117251078292,35.75228629069999,2.8770346269839404,0.52245,1.9862772226333618,1
40.32986468054592,-121.15129079277928,25.970524724324548,36.82982271106749,2.660690516766952,0.4647666666666667,2.6853811740875244,1
40.65325818282895,-123.09165180647744,28.21816469828292,32.28386832345891,2.332114169950044,0.44260000000000005,10.802889823913574,1
41.165297894777076,-122.9838539723831,24.975326156616234,33.13900039826163,0.9210743259446009,0.41150000000000003,4.805819988250732,1
40.033420636786474,-121.04349295868494,28.397282536824548,26.3569364154194,2.047879740305069,0.257,2.260852098464966,1
41.54259031410727,-121.95977454848685,24.867009099324548,30.953345425819734,1.7887425802138197,0.44380000000000003,4.449182033538818,1
40.7341065583997,-123.36114639171329,26.00795962015792,37.07063518183431,2.1932509535472717,0.4893,1.387877106666565,1
41.51564085558369,-121.95977454848685,24.867009099324548,30.953345425819734,1.7887425802138197,0.3764,4.897322177886963,1
40.81495493397046,-123.41504530876047,26.709050114949548,36.39495560676329,1.8672630194949051,0.56488,10.041269302368164,1
40.41071305611668,-121.23213916835003,24.589421208699548,36.63649232438153,2.942209562506534,0.24450000000000002,2.480536937713623,1
40.302915222022335,-121.12434133425569,25.406804021199548,36.23824260269276,2.7590667772740027,0.44265000000000004,1.4549851417541504,1
40.78800547544687,-123.36114639171329,26.709050114949548,36.39495560676329,1.8672630194949051,0.5119,4.6558613777160645,1
40.168167929404405,-120.77399837344907,25.389632797241234,29.96819402005127,3.074782915596144,0.3421,13.855809211730957,1
40.275965763498746,-121.07044241720851,25.406804021199548,36.23824260269276,2.7590667772740027,0.60365,6.433444499969482,1
40.41071305611668,-121.33993700244437,24.36586977640792,37.079016519561065,2.7668453522468237,0.4514,3.2936408519744873,1
40.08731955383365,-120.74704891492549,25.022038396199548,29.603854857356428,2.7712086335477686,0.39990000000000003,5.670112609863281,1
40.68020764135253,-123.03775288943027,29.28774477640792,31.451308603128247,2.087939596397529,0.5904666666666667,0.3452124297618866,1
40.249016304975164,-122.95690451385951,26.189437484741234,27.643334580921785,2.0066917259785,0.372,6.129343509674072,1
40.14121847088082,-120.66620053935473,25.022038396199548,29.603854857356428,2.7712086335477686,0.3422,4.038455963134766,1
40.38376359759309,-121.33993700244437,24.36586977640792,37.079016519561065,2.7668453522468237,0.36410000000000003,3.044377088546753,1
41.56953977263086,-121.71722942177458,24.375472640991234,27.83924847523565,1.7565844091899343,0.42110000000000003,1.4075791835784912,1
40.68020764135253,-123.28029801614254,26.557113265991234,34.57677532906619,2.324452103041501,0.708225,1.1119569540023804,1
41.057500060682734,-122.92995505533592,23.62368227640792,34.119295592445305,0.889178892106679,0.3825,6.066561222076416,1
40.78800547544687,-123.41504530876047,26.709050114949548,36.39495560676329,1.8672630194949051,0.5027,1.2340103387832642,1
40.38376359759309,-121.36688646096796,24.26796938578292,36.09123836168501,2.2573499851806047,0.4423,2.3398733139038086,1
40.38376359759309,-121.2860380853972,24.36586977640792,37.079016519561065,2.7668453522468237,0.3204,3.4504611492156982,1
40.32986468054592,-121.01654350016135,24.80117251078292,35.75228629069999,2.8770346269839404,0.52245,0.42703157663345337,1
42.02768056753182,-121.42078537801513,27.25844790140792,29.05590090012284,2.0610497990972725,0.40700000000000003,0.31651338934898376,1
38.57814987651285,-120.01941353478867,20.980279541015648,32.51947713795755,1.2378457804387308,0.4375,6.034519672393799,0
33.53860113260234,-115.89614638068007,34.45871378580733,28.706516433862767,3.372965854449441,0.07415000000000001,2.5319039821624756,0
32.541471167229666,-114.62952183007154,33.99574178059896,42.50864167251526,10.523439607219366,0.317,0.03369886428117752,0
33.02656142065421,-115.59970233692063,34.96359659830733,25.26682889706815,3.7149383731434513,0.4703,0.14035730063915253,0
34.805225683210864,-114.19833049369417,31.964654541015648,45.29046584050965,4.849272015709915,0.139,1.7933974266052246,0
41.865983816390305,-116.56988284376972,28.654189046223962,14.893527185318408,4.903978954069684,0.19255,1.5481092929840088,0
35.37116431220616,-116.51598392672254,31.834364827473962,20.77280513703406,6.275155888868289,0.10020000000000001,2.005422592163086,0
40.976651685111975,-118.91448573532166,30.526829020182333,19.691957546978998,5.177345473022353,0.09165000000000001,0.7298752665519714,0
37.958312330470385,-115.16851100054326,27.333225504557333,27.89526010525116,5.535115943491001,0.1466,3.288766860961914,0
36.422193194626004,-114.49477453745362,33.30685831705733,35.867842252038976,5.769051645484731,0.14265,2.0392873287200928,0
35.82930510710712,-114.3330777863121,29.921116129557333,36.645091240652675,7.158638544427401,0.1759,3.9987754821777344,0
38.20085745718265,-119.10313194498676,22.528212483723962,26.804748303581732,3.2241721959233915,0.25520000000000004,3.720139503479004,0
40.94970222658839,-117.62091172618955,28.867893473307333,15.852811912137957,5.9231353630090595,0.2164,6.7907304763793945,0
40.7341065583997,-114.27917886926494,28.022515869140648,16.367133467705074,1.6593678714138287,0.27926666666666666,0.8840309381484985,0
41.4886913970601,-120.26195866150094,25.013401285807333,34.35227807405205,3.101098611350939,0.4086,1.2870073318481445,0
40.06037009531006,-116.83937742900557,28.493463134765648,15.841105455866769,5.373223550174036,0.2748,5.301489353179932,0
34.185388137168395,-119.10313194498676,22.171929931640648,73.21842341868074,4.292569462837423,0.44260000000000005,0.0937449261546135,0
37.095929657715644,-120.85484674901983,29.024794514973962,35.96164637396794,6.715515077874875,0.3513,0.07470320165157318,0
39.17103796403174,-122.63351101157649,30.029514567057333,26.953772063283022,1.877846441095218,0.5132,3.4987528324127197,0
38.79374554470154,-116.0039442147744,27.219781494140648,16.64365012440403,0.5949092864444836,0.116425,1.4127941131591797,0
39.27883579812608,-120.96264458311417,28.135797119140648,30.783784017774966,0.4732515986974078,0.7367,2.837270736694336,0
40.114269012357234,-114.8990164153074,25.778619384765648,20.61264993182142,2.9104737629213235,0.3191,11.536865234375,0
38.38950366684775,-116.38123663410461,27.611871337890648,17.341929389805788,2.8978878057878052,0.1579,6.808165073394775,0
35.74845673153636,-117.62091172618955,32.38425089518233,21.019809029406993,6.3493041367773975,0.06925,0.045992184430360794,0
41.27309572887142,-123.09165180647744,26.082981363932333,44.61234525146994,1.158474557320146,0.7632800000000001,9.592281341552734,0
32.75706683541835,-115.76139908806215,33.72206013997396,25.104544239640518,4.906300592177344,0.3044,0.27739521861076355,0
40.222066846451575,-123.36114639171329,26.455621337890648,39.54231586463264,1.9373612527477377,0.5625,3.798673629760742,0
36.6108394042911,-119.69602003250564,33.04489542643233,26.792576733575906,8.549078725284653,0.38230000000000003,0.07781766355037689,0
34.34708488830991,-114.84511749826024,32.54050089518233,33.14887265579697,10.869904310819683,0.124,3.3811259269714355,0
36.260496443484485,-118.75278898418014,25.374810791015648,38.78321406440038,1.2568681038470835,0.528975,9.230002403259277,0
40.78800547544687,-123.25334855761895,27.129693603515648,39.56061682837858,1.9078001558175017,0.60955,3.5010523796081543,1
40.32986468054592,-120.98959404163776,25.222060139973962,36.00934730611294,3.191949749187917,0.52245,1.9862772226333618,1
40.32986468054592,-121.15129079277928,26.180963134765648,37.56849495882611,3.027741106253323,0.4647666666666667,2.6853811740875244,1
41.51564085558369,-123.33419693318972,24.450657145182333,46.137487632006795,1.1495792531785884,0.4258,4.016928672790527,1
40.65325818282895,-123.09165180647744,28.936741129557333,35.18573299704579,2.086727966126472,0.44260000000000005,10.802889823913574,1
41.54259031410727,-121.95977454848685,23.121881103515648,44.68115494336619,1.3058837459869506,0.44380000000000003,4.449182033538818,1
40.7341065583997,-123.36114639171329,25.958144124348962,43.14810015115927,1.8825064826749183,0.4893,1.387877106666565,1
41.51564085558369,-121.95977454848685,23.121881103515648,44.68115494336619,1.3058837459869506,0.3764,4.897322177886963,1
40.81495493397046,-123.41504530876047,26.706353759765648,42.10827662758621,1.8143234532887444,0.56488,10.041269302368164,1
40.41071305611668,-121.23213916835003,24.797174072265648,38.066332170829995,3.1846779612057046,0.24450000000000002,2.480536937713623,1
40.78800547544687,-123.36114639171329,26.706353759765648,42.10827662758621,1.8143234532887444,0.5119,4.6558613777160645,1
40.41071305611668,-121.33993700244437,24.561985270182333,38.32006943689787,3.0686268304940936,0.4514,3.2936408519744873,1
40.68020764135253,-123.03775288943027,30.081760660807333,33.67735186838418,1.747531495629098,0.5904666666666667,0.3452124297618866,1
40.14121847088082,-120.66620053935473,25.457981363932333,29.91094385752364,2.9829275540186977,0.3422,4.038455963134766,1
40.38376359759309,-121.33993700244437,24.561985270182333,38.32006943689787,3.0686268304940936,0.36410000000000003,3.044377088546753,1
41.56953977263086,-121.71722942177458,23.322564697265648,37.71403773061016,3.8145924215188716,0.42110000000000003,1.4075791835784912,1
40.81495493397046,-123.30724747466613,27.129693603515648,39.56061682837858,1.9078001558175017,0.6505500000000001,6.442965030670166,1
40.68020764135253,-123.28029801614254,26.803277587890648,39.44666217578105,2.0448758069746398,0.708225,1.1119569540023804,1
40.114269012357234,-120.69314999787832,25.457981363932333,29.91094385752364,2.9829275540186977,0.4015666666666667,2.830662250518799,1
40.38376359759309,-121.36688646096796,24.220269775390648,37.77687019292439,2.6433765814362458,0.4423,2.3398733139038086,1
41.19224735330066,-123.06470234795385,27.070204671223962,43.20973258208053,1.2885448008466276,0.56528,1.9843734502792358,1
41.62343868967803,-121.74417888029815,23.322564697265648,37.71403773061016,3.8145924215188716,0.431,2.4081530570983887,1
40.32986468054592,-121.01654350016135,25.222060139973962,36.00934730611294,3.191949749187917,0.52245,0.42703157663345337,1
40.43766251464026,-121.2860380853972,24.561985270182333,38.32006943689787,3.0686268304940936,0.23620000000000002,3.250699043273926,1
41.003601143635564,-123.03775288943027,23.523085530598962,36.269000988895385,1.0256114764887097,0.2363,7.024502754211426,1
40.76105601692329,-123.41504530876047,26.706353759765648,42.10827662758621,1.8143234532887444,0.4893,10.589432716369629,1
40.46461197316385,-121.36688646096796,23.378310139973962,36.49368968696115,2.658617499738666,0.3025,1.8547250032424927,1
41.030550602159146,-123.09165180647744,24.598524983723962,37.99723027204827,1.459300467485451,0.2363,9.63729476928711,1
40.65325818282895,-123.19944964057179,27.659315999348962,37.11509270679502,2.1523373178282696,0.5285000000000001,6.615375995635986,1
41.084449519206316,-122.95690451385951,24.388726806640648,38.72186872700824,1.0210750800996904,0.43025,5.699265003204346,1
38.57814987651285,-120.01941353478867,21.61651509602865,32.88456333456008,1.6238806622458795,0.4375,6.034519672393799,0
33.53860113260234,-115.89614638068007,33.79986470540365,42.377748165396625,4.602318865567583,0.07415000000000001,2.5319039821624756,0
32.541471167229666,-114.62952183007154,34.34926249186202,44.54377472924858,8.159982497226302,0.317,0.03369886428117752,0
33.02656142065421,-115.59970233692063,35.08607889811202,38.337836986849865,3.7529710326724737,0.4703,0.14035730063915253,0
34.805225683210864,-114.19833049369417,33.12807108561202,40.26429458809099,9.180500118772475,0.139,1.7933974266052246,0
41.865983816390305,-116.56988284376972,28.20172017415365,16.915344774999568,7.335484187883463,0.19255,1.5481092929840088,0
35.37116431220616,-116.51598392672254,32.79107564290365,21.528313609183,5.862556385480823,0.10020000000000001,2.005422592163086,0
40.976651685111975,-118.91448573532166,31.688455200195335,17.256829683516028,3.9895281853788456,0.09165000000000001,0.7298752665519714,0
37.958312330470385,-115.16851100054326,29.281228637695335,19.31706201396991,2.6204623874058144,0.1466,3.288766860961914,0
36.422193194626004,-114.49477453745362,34.80751444498702,29.944191414095084,7.433185447557133,0.14265,2.0392873287200928,0
35.82930510710712,-114.3330777863121,31.55425923665365,30.555137570469014,10.378296102109982,0.1759,3.9987754821777344,0
38.20085745718265,-119.10313194498676,23.89849751790365,23.378091465826508,3.837426235266044,0.25520000000000004,3.720139503479004,0
40.94970222658839,-117.62091172618955,29.14337056477865,14.483702568108056,3.7398081325405714,0.2164,6.7907304763793945,0
40.7341065583997,-114.27917886926494,28.10463358561202,14.413911684921876,7.285277930962528,0.27926666666666666,0.8840309381484985,0
41.4886913970601,-120.26195866150094,26.22637837727865,30.393762275378606,4.131764993052181,0.4086,1.2870073318481445,0
40.06037009531006,-116.83937742900557,29.497537231445335,14.865075434838218,7.276006021328357,0.2748,5.301489353179932,0
34.185388137168395,-119.10313194498676,22.062966918945335,74.41502054327924,5.535568107893883,0.44260000000000005,0.0937449261546135,0
37.095929657715644,-120.85484674901983,28.77528788248702,40.355021521881426,7.897619176259874,0.3513,0.07470320165157318,0
39.17103796403174,-122.63351101157649,31.965066528320335,24.112044236662815,2.595989625670669,0.5132,3.4987528324127197,0
38.79374554470154,-116.0039442147744,27.96400858561202,15.367486165354311,8.002631606618058,0.116425,1.4127941131591797,0
39.27883579812608,-120.96264458311417,28.91786600748702,32.587002476594925,0.6168647903600122,0.7367,2.837270736694336,0
40.114269012357234,-114.8990164153074,25.84576314290365,17.371728445407392,7.934201913318783,0.3191,11.536865234375,0
38.38950366684775,-116.38123663410461,28.556863403320335,15.41573872442098,4.051922519154115,0.1579,6.808165073394775,0
35.74845673153636,-117.62091172618955,33.61366678873702,19.386387854379038,4.281130303861225,0.06925,0.045992184430360794,0
41.27309572887142,-123.09165180647744,26.87001444498702,41.62929537210463,1.7377165401330976,0.7632800000000001,9.592281341552734,0
32.75706683541835,-115.76139908806215,33.98353983561202,36.77907726669044,2.553323541625042,0.3044,0.27739521861076355,0
40.222066846451575,-123.36114639171329,27.623025512695335,39.12645763092309,2.646248511675051,0.5625,3.798673629760742,0
36.6108394042911,-119.69602003250564,33.918923950195335,27.546650358576706,8.253319904524405,0.38230000000000003,0.07781766355037689,0
34.34708488830991,-114.84511749826024,32.521463012695335,36.348893696174365,11.991847654492219,0.124,3.3811259269714355,0
36.260496443484485,-118.75278898418014,25.567117309570335,44.446873491793795,1.976066848071798,0.528975,9.230002403259277,0
40.78800547544687,-123.25334855761895,27.509500122070335,41.49804573958739,2.190290205912102,0.60955,3.5010523796081543,1
40.32986468054592,-121.15129079277928,26.850564575195335,33.90640231640407,2.847308007231413,0.4647666666666667,2.6853811740875244,1
41.51564085558369,-123.33419693318972,24.92877095540365,47.73957877118804,1.2640239147545358,0.4258,4.016928672790527,1
40.65325818282895,-123.09165180647744,29.27772928873702,37.430620211245454,3.338589207322373,0.44260000000000005,10.802889823913574,1
41.59648923115444,-121.71722942177458,24.601785278320335,34.68053965969259,3.8630417206866468,0.42500000000000004,4.1968770027160645,1
41.54259031410727,-121.95977454848685,24.41485493977865,41.50308368978407,2.2275431154017733,0.44380000000000003,4.449182033538818,1
41.51564085558369,-121.95977454848685,24.41485493977865,41.50308368978407,2.2275431154017733,0.3764,4.897322177886963,1
40.81495493397046,-123.41504530876047,26.930398559570335,45.11871724991271,1.7519227266554591,0.56488,10.041269302368164,1
40.41071305611668,-121.33993700244437,25.43170064290365,34.48139011077189,3.0464678184299308,0.4514,3.2936408519744873,1
40.302915222022335,-120.74704891492549,26.447000122070335,27.63017842408925,3.288601556482172,0.3663,2.0306437015533447,1
40.68020764135253,-123.03775288943027,30.406472778320335,35.818924540809974,3.3242573984963286,0.5904666666666667,0.3452124297618866,1
40.249016304975164,-120.93569512459058,27.088357543945335,28.64413300755812,2.2456481967421906,0.43220000000000003,4.4122796058654785,1
41.19224735330066,-122.9838539723831,25.89906717936202,38.62241496152069,2.212686730505398,0.46230000000000004,5.349377632141113,1
40.14121847088082,-120.66620053935473,27.01430155436202,25.661195062829634,2.018138286255963,0.3422,4.038455963134766,1
41.56953977263086,-121.63638104620381,24.40663553873702,32.86630748644805,3.908118400517257,0.42500000000000004,3.2132229804992676,1
41.27309572887142,-123.1725001820482,27.94683736165365,42.65961213355167,1.6627454862716036,0.705175,4.199860572814941,1
40.38376359759309,-121.33993700244437,25.43170064290365,34.48139011077189,3.0464678184299308,0.36410000000000003,3.044377088546753,1
38.551200417989264,-120.47755432968962,26.721658325195335,32.53299116811797,1.4857724608893408,0.6856,1.7849382162094116,1
41.56953977263086,-121.71722942177458,24.601785278320335,34.68053965969259,3.8630417206866468,0.42110000000000003,1.4075791835784912,1
40.114269012357234,-120.69314999787832,27.01430155436202,25.661195062829634,2.018138286255963,0.4015666666666667,2.830662250518799,1
40.14121847088082,-120.5314532467368,26.38287251790365,25.150639797491735,2.700155353097606,0.43005000000000004,1.5268830060958862,1
40.78800547544687,-123.41504530876047,26.930398559570335,45.11871724991271,1.7519227266554591,0.5027,1.2340103387832642,1
40.38376359759309,-121.36688646096796,25.238015747070335,34.778886814950255,2.515163905070237,0.4423,2.3398733139038086,1
40.19511738792799,-120.58535216378398,26.517556762695335,26.410597627111475,2.894997611816741,0.43760000000000004,4.459476947784424,1
40.81495493397046,-123.1725001820482,27.95196431477865,38.7334424701802,2.5808653387221936,0.5188,12.857630729675293,1
41.62343868967803,-121.74417888029815,24.601785278320335,34.68053965969259,3.8630417206866468,0.431,2.4081530570983887,1
41.27309572887142,-123.19944964057179,27.94683736165365,42.65961213355167,1.6627454862716036,0.705175,2.331684112548828,1
40.43766251464026,-121.2860380853972,25.43170064290365,34.48139011077189,3.0464678184299308,0.23620000000000002,3.250699043273926,1
41.003601143635564,-123.03775288943027,24.30157368977865,36.05267066477769,2.3660965357623276,0.2363,7.024502754211426,1
40.46461197316385,-121.36688646096796,24.78301900227865,32.266688469927516,2.4661785271452894,0.3025,1.8547250032424927,1
38.57814987651285,-120.01941353478867,22.410169855753622,29.836825243475445,2.797825408266777,0.4375,6.034519672393799,0
33.53860113260234,-115.89614638068007,34.66025123596194,45.481179527423485,6.4403254937178,0.07415000000000001,2.5319039821624756,0
32.541471167229666,-114.62952183007154,35.04526100158694,41.10513409515462,10.439709595644041,0.317,0.03369886428117752,0
33.02656142065421,-115.59970233692063,36.13217506408694,36.83317552853801,7.888389183164414,0.4703,0.14035730063915253,0
34.805225683210864,-114.19833049369417,34.54998105367025,40.04212292163965,10.742399407222933,0.139,1.7933974266052246,0
41.865983816390305,-116.56988284376972,28.469007746378622,14.269858518906512,3.977672493016981,0.19255,1.5481092929840088,0
35.37116431220616,-116.51598392672254,33.70069719950362,20.861293600888672,7.457858836204465,0.10020000000000001,2.005422592163086,0
40.976651685111975,-118.91448573532166,32.41082089742025,14.593594246158784,4.299762745833572,0.09165000000000001,0.7298752665519714,0
37.958312330470385,-115.16851100054326,29.62346738179525,11.572124435510627,5.391954833525664,0.1466,3.288766860961914,0
36.422193194626004,-114.49477453745362,35.79192441304525,29.051886024655577,9.39534722128872,0.14265,2.0392873287200928,0
35.82930510710712,-114.3330777863121,32.08505592346194,34.140157682446755,12.810399095884062,0.1759,3.9987754821777344,0
38.20085745718265,-119.10313194498676,24.536227798461937,21.35157399826691,3.1131553856590988,0.25520000000000004,3.720139503479004,0
40.94970222658839,-117.62091172618955,29.523288345336937,13.889377473289285,3.192737718103993,0.2164,6.7907304763793945,0
40.7341065583997,-114.27917886926494,26.984469985961937,12.066473776631081,0.6669982545000682,0.27926666666666666,0.8840309381484985,0
41.4886913970601,-120.26195866150094,26.235446548461937,28.799444615312847,5.555691939382765,0.4086,1.2870073318481445,0
40.06037009531006,-116.83937742900557,29.101657485961937,12.981106974138298,1.745087079890554,0.2748,5.301489353179932,0
34.185388137168395,-119.10313194498676,22.875094985961937,71.89470973217034,3.849132836459114,0.44260000000000005,0.0937449261546135,0
37.095929657715644,-120.85484674901983,29.516940689086937,38.9955955273113,7.957529805778072,0.3513,0.07470320165157318,0
39.17103796403174,-122.63351101157649,32.02548561096194,22.485763870531855,4.330400245705108,0.5132,3.4987528324127197,0
38.79374554470154,-116.0039442147744,27.185397720336937,12.618216570191828,5.739319661574268,0.116425,1.4127941131591797,0
39.27883579812608,-120.96264458311417,29.240980402628622,33.93478263975865,0.38260832379572646,0.7367,2.837270736694336,0
40.114269012357234,-114.8990164153074,25.497083918253622,12.643936586332257,2.624490544705926,0.3191,11.536865234375,0
38.38950366684775,-116.38123663410461,27.987806574503622,13.339074917359342,3.221062306017754,0.1579,6.808165073394775,0
35.74845673153636,-117.62091172618955,33.93743222554525,18.434919720703654,4.3354522500709365,0.06925,0.045992184430360794,0
41.27309572887142,-123.09165180647744,24.70403378804525,44.85145558503761,4.166972525659109,0.7632800000000001,9.592281341552734,0
32.75706683541835,-115.76139908806215,35.31080462137862,36.47811461688584,6.2998944331219295,0.3044,0.27739521861076355,0
40.222066846451575,-123.36114639171329,25.908298110961937,36.43730732302578,5.703790401227479,0.5625,3.798673629760742,0
36.6108394042911,-119.69602003250564,34.44532610575362,27.774691512580503,8.035743312485621,0.38230000000000003,0.07781766355037689,0
34.34708488830991,-114.84511749826024,33.79810930887862,35.8708558509615,13.604832734090664,0.124,3.3811259269714355,0
36.260496443484485,-118.75278898418014,26.681165949503622,40.35992575224892,1.2342104545365797,0.528975,9.230002403259277,0
40.78800547544687,-123.25334855761895,24.485609308878622,44.6699149723114,4.821974575831469,0.60955,3.5010523796081543,1
40.32986468054592,-120.98959404163776,25.615085220336937,35.94332882791058,4.31716457015698,0.52245,1.9862772226333618,1
41.51564085558369,-123.33419693318972,23.01409238179525,46.653008676007666,3.3202267210617724,0.4258,4.016928672790527,1
40.168167929404405,-122.71435938714724,33.33171933492025,23.6838429870748,4.21792418657397,0.3795,1.2328853607177734,1
40.65325818282895,-123.09165180647744,26.892673110961937,38.075241853972905,5.991775019713601,0.44260000000000005,10.802889823913574,1
40.43766251464026,-121.4746842950623,25.749281183878622,32.36128783586369,3.0754019308131157,0.09723333333333334,3.8012185096740723,1
41.165297894777076,-122.9838539723831,23.88958066304525,41.762941464024166,4.630027992152071,0.41150000000000003,4.805819988250732,1
40.275965763498746,-122.7682583041944,32.94565162658694,23.87206759809317,6.237033595658525,0.3856,2.422051429748535,1
40.7341065583997,-123.36114639171329,23.04485410054525,48.84713478724979,5.002500418130763,0.4893,1.387877106666565,1
41.51564085558369,-121.95977454848685,22.897800064086937,47.05196702740023,4.160424963394211,0.3764,4.897322177886963,1
40.81495493397046,-123.41504530876047,23.714694595336937,48.26975067639598,4.424174889282802,0.56488,10.041269302368164,1
40.275965763498746,-122.795207762718,32.94565162658694,23.87206759809317,6.237033595658525,0.4045,2.9972784519195557,1
39.413583090744005,-121.90587563143967,32.86907285054525,36.09610861354416,6.615822124266718,0.41395000000000004,0.047411687672138214,1
40.168167929404405,-122.7682583041944,30.918796157836937,22.88611118200855,5.3191770454709175,0.42660000000000003,6.6122965812683105,1
40.41071305611668,-121.23213916835003,25.238050715128622,37.24582247598051,4.469372570181309,0.24450000000000002,2.480536937713623,1
40.41071305611668,-121.07044241720851,25.172214126586937,36.650250719782846,4.554277916509417,0.4304,3.531708002090454,1
38.57814987651285,-120.47755432968962,27.24309628804525,31.646782198814954,0.7766463601284446,0.43320000000000003,2.4566755294799805,1
40.41071305611668,-121.33993700244437,25.053480402628622,37.5457772682925,4.333240142215589,0.4514,3.2936408519744873,1
40.302915222022335,-120.74704891492549,26.43059628804525,28.65356854650434,5.6783371135884675,0.3663,2.0306437015533447,1
40.68020764135253,-123.03775288943027,28.43840878804525,35.86850532882079,6.032614442885726,0.5904666666666667,0.3452124297618866,1
40.19511738792799,-122.82215722124158,30.918796157836937,22.88611118200855,5.3191770454709175,0.42660000000000003,6.611321926116943,1
40.249016304975164,-120.93569512459058,27.297376887003622,29.426139609525148,3.9401750470263033,0.43220000000000003,4.4122796058654785,1
40.14121847088082,-120.66620053935473,27.137546157836937,25.69570425743012,4.389593456216375,0.3422,4.038455963134766,1
41.27309572887142,-123.1725001820482,25.636244074503622,45.25155208884532,4.064294898391338,0.705175,4.199860572814941,1
40.38376359759309,-121.33993700244437,25.053480402628622,37.5457772682925,4.333240142215589,0.36410000000000003,3.044377088546753,1
40.249016304975164,-122.795207762718,30.918796157836937,22.88611118200855,5.3191770454709175,0.367,4.8389787673950195,1
38.551200417989264,-120.47755432968962,27.24309628804525,31.646782198814954,0.7766463601284446,0.6856,1.7849382162094116,1
41.54259031410727,-123.30724747466613,23.01409238179525,46.653008676007666,3.3202267210617724,0.46790000000000004,6.6743011474609375,1
41.56953977263086,-121.71722942177458,22.81731503804525,41.51151712094893,5.732620091785083,0.42110000000000003,1.4075791835784912,1
40.81495493397046,-123.30724747466613,24.485609308878622,44.6699149723114,4.821974575831469,0.6505500000000001,6.442965030670166,1
38.57814987651285,-120.01941353478867,19.75002822875979,30.619384626001576,8.581343850379572,0.4375,6.034519672393799,0
33.53860113260234,-115.89614638068007,35.186958567301474,44.227461705939156,7.4337785489391415,0.07415000000000001,2.5319039821624756,0
32.541471167229666,-114.62952183007154,34.29079971313479,45.62040456638285,19.59631729299322,0.317,0.03369886428117752,0
33.02656142065421,-115.59970233692063,36.2332639058431,38.45027745507618,8.44915836555722,0.4703,0.14035730063915253,0
34.805225683210864,-114.19833049369417,33.2076291402181,41.48410510450704,14.429888306778617,0.139,1.7933974266052246,0
41.865983816390305,-116.56988284376972,26.229845937093103,21.295765740645106,12.136426082910464,0.19255,1.5481092929840088,0
35.37116431220616,-116.51598392672254,32.67532119750979,25.69341578430268,11.66819443381647,0.10020000000000001,2.005422592163086,0
40.976651685111975,-118.91448573532166,28.606148020426474,18.181512638701225,13.452368518206496,0.09165000000000001,0.7298752665519714,0
37.958312330470385,-115.16851100054326,28.61501846313479,18.797507208364742,13.092638636024569,0.1466,3.288766860961914,0
36.422193194626004,-114.49477453745362,34.818062082926474,28.81376370007699,18.684369641014285,0.14265,2.0392873287200928,0
35.82930510710712,-114.3330777863121,30.803332265218103,33.213894494503705,19.271137910292495,0.1759,3.9987754821777344,0
38.20085745718265,-119.10313194498676,21.39626846313479,27.356271950236156,10.669912966795245,0.25520000000000004,3.720139503479004,0
40.94970222658839,-117.62091172618955,27.299263254801474,14.799370537457271,13.187448152023249,0.2164,6.7907304763793945,0
40.7341065583997,-114.27917886926494,28.385933176676474,12.837605730767793,6.965989150739643,0.27926666666666666,0.8840309381484985,0
41.4886913970601,-120.26195866150094,20.679878489176474,34.970411866792325,10.643439100291953,0.4086,1.2870073318481445,0
40.06037009531006,-116.83937742900557,27.889839426676474,14.161438047650773,12.716451020856638,0.2748,5.301489353179932,0
34.185388137168395,-119.10313194498676,22.267199452718103,79.57579975041614,4.0068044880221745,0.44260000000000005,0.0937449261546135,0
37.095929657715644,-120.85484674901983,26.984565989176474,41.91968135977788,11.208373800246992,0.3513,0.07470320165157318,0
39.17103796403174,-122.63351101157649,27.651314036051474,26.384223251587958,3.375910651943762,0.5132,3.4987528324127197,0
38.79374554470154,-116.0039442147744,27.97292861938479,13.606009544295652,8.250344457659281,0.116425,1.4127941131591797,0
39.27883579812608,-120.96264458311417,26.72659072875979,32.284511885126996,6.482286488510107,0.7367,2.837270736694336,0
40.114269012357234,-114.8990164153074,26.04153213500979,14.327552063943683,8.722559104543976,0.3191,11.536865234375,0
38.38950366684775,-116.38123663410461,27.978706614176474,14.81277966120793,11.192307266610554,0.1579,6.808165073394775,0
35.74845673153636,-117.62091172618955,32.355903879801474,22.723120732846176,11.52052943693162,0.06925,0.045992184430360794,0
41.27309572887142,-123.09165180647744,19.353218332926474,45.99987612482056,5.4853895037156395,0.7632800000000001,9.592281341552734,0
32.75706683541835,-115.76139908806215,35.072212473551474,35.315791168691554,5.861524754506826,0.3044,0.27739521861076355,0
40.222066846451575,-123.36114639171329,20.75832901000979,43.937018079437095,7.594825325308707,0.5625,3.798673629760742,0
36.6108394042911,-119.69602003250564,33.3785275777181,24.10512082208774,8.195707084934325,0.38230000000000003,0.07781766355037689,0
34.34708488830991,-114.84511749826024,32.3919553120931,38.933979532164386,17.505513141993738,0.124,3.3811259269714355,0
36.260496443484485,-118.75278898418014,26.28713760375979,36.19848809972976,0.757401725219923,0.528975,9.230002403259277,0
38.685947710607195,-120.42365541264246,24.175890858968103,31.45735369746987,7.287656606671816,0.30963333333333337,2.1822028160095215,1
38.57814987651285,-120.39670595411887,24.189155832926474,31.440094232757804,7.054109732868942,0.6027,2.9780173301696777,1
36.2335469849609,-118.4832943989443,24.61745986938479,32.877010682735566,3.7932945928841444,0.3689,8.211348533630371,1
40.32986468054592,-120.98959404163776,22.659777577718103,34.33301835399793,7.8062711208513065,0.52245,1.9862772226333618,1
40.32986468054592,-121.15129079277928,23.42190322875979,36.3871979840449,7.475852469253755,0.4647666666666667,2.6853811740875244,1
41.51564085558369,-123.33419693318972,18.020861562093103,47.178355766694956,4.043310988227529,0.4258,4.016928672790527,1
40.168167929404405,-122.71435938714724,28.83889541625979,27.179074891172068,4.292887624181918,0.3795,1.2328853607177734,1
36.260496443484485,-118.51024385746788,23.03347549438479,34.743273062459664,3.763246780912764,0.38185,2.288151502609253,1
38.632048793560024,-120.50450378821321,25.099067942301474,31.74151847548335,6.812661676728278,0.38380000000000003,2.790501117706299,1
40.65325818282895,-123.09165180647744,21.52248916625979,42.7849123097784,6.67112849715679,0.44260000000000005,10.802889823913574,1
40.43766251464026,-121.4746842950623,21.49514541625979,37.196930760922896,6.796836814113629,0.09723333333333334,3.8012185096740723,1
41.165297894777076,-122.9838539723831,18.877306874593103,42.69320784369633,6.072145791269654,0.41150000000000003,4.805819988250732,1
40.222066846451575,-120.50450378821321,23.942573801676474,27.276018530090695,9.303205802558104,0.33230000000000004,1.939456582069397,1
41.59648923115444,-121.71722942177458,18.16482315063479,38.20383683374604,9.902822292219698,0.42500000000000004,4.1968770027160645,1
40.14121847088082,-122.63351101157649,29.45193252563479,27.91700536089766,1.52903602765753,0.4148,2.030750274658203,1
40.275965763498746,-122.7682583041944,27.92117080688479,28.28785170719722,6.63838988701034,0.3856,2.422051429748535,1
40.7341065583997,-123.36114639171329,18.456489817301474,55.67719908240417,6.030347038801291,0.4893,1.387877106666565,1
41.51564085558369,-121.95977454848685,17.79079971313479,42.8469578069794,6.916706355236042,0.3764,4.897322177886963,1
40.222066846451575,-120.47755432968962,23.942573801676474,27.276018530090695,9.303205802558104,0.28555,10.256311416625977,1
40.19511738792799,-122.71435938714724,28.83889541625979,27.179074891172068,4.292887624181918,0.401,3.1347553730010986,1
40.275965763498746,-122.795207762718,27.92117080688479,28.28785170719722,6.63838988701034,0.4045,2.9972784519195557,1
40.168167929404405,-122.7682583041944,26.109565989176474,27.201892641488534,5.499952791852727,0.42660000000000003,6.6122965812683105,1
40.41071305611668,-121.23213916835003,21.909858957926474,37.62511885019223,7.579304979155597,0.24450000000000002,2.480536937713623,1
38.658998252083606,-120.45060487116605,25.216987864176474,31.56050482622016,6.943945970803902,0.3456,1.2468706369400024,1
40.41071305611668,-121.07044241720851,22.03371963500979,35.98436682453593,7.720035405968267,0.4304,3.531708002090454,1
36.28744590200807,-118.4832943989443,23.03347549438479,34.743273062459664,3.763246780912764,0.40135000000000004,14.627260208129883,1
40.275965763498746,-121.07044241720851,23.18679580688479,34.85251142908145,7.635689631876817,0.60365,6.433444499969482,1
38.57814987651285,-120.47755432968962,25.099067942301474,31.74151847548335,6.812661676728278,0.43320000000000003,2.4566755294799805,1
40.41071305611668,-121.33993700244437,21.52615127563479,38.646606901206745,7.442752402769445,0.4514,3.2936408519744873,1
40.302915222022335,-120.74704891492549,23.05251846313479,28.319819055957712,9.080238712177007,0.3663,2.0306437015533447,1
38.57814987651285,-120.01941353478867,15.227541224161826,42.35951293845412,5.427106437763479,0.4375,6.034519672393799,0
33.53860113260234,-115.89614638068007,32.77791557312014,41.44042701090566,8.828191171940299,0.07415000000000001,2.5319039821624756,0
32.541471167229666,-114.62952183007154,32.702883021036826,44.00894144237079,21.091777170306543,0.317,0.03369886428117752,0
33.02656142065421,-115.59970233692063,34.45467338562014,34.44091727022382,11.35218290771397,0.4703,0.14035730063915253,0
34.805225683210864,-114.19833049369417,32.41829643249514,40.85582199283086,21.27639547991479,0.139,1.7933974266052246,0
41.865983816390305,-116.56988284376972,16.002362187703454,25.94536977550068,21.486465095539923,0.19255,1.5481092929840088,0
35.37116431220616,-116.51598392672254,28.42488822937014,34.47334092479458,17.6624275113519,0.10020000000000001,2.005422592163086,0
40.976651685111975,-118.91448573532166,18.954022343953454,22.0047964906172,14.526747957592537,0.09165000000000001,0.7298752665519714,0
37.958312330470385,-115.16851100054326,24.430340703328454,33.932698943204436,18.85389492361388,0.1466,3.288766860961914,0
36.422193194626004,-114.49477453745362,32.737469609578454,32.506458169829465,24.5977464245093,0.14265,2.0392873287200928,0
35.82930510710712,-114.3330777863121,28.726971562703454,38.261596895028575,24.967821842231633,0.1759,3.9987754821777344,0
38.20085745718265,-119.10313194498676,16.105959192911826,33.98760078268385,5.3947023016505735,0.25520000000000004,3.720139503479004,0
40.94970222658839,-117.62091172618955,17.407391484578454,21.43878290544966,11.80824276379403,0.2164,6.7907304763793945,0
40.7341065583997,-114.27917886926494,18.48030815124514,29.418493760885678,9.023325850141712,0.27926666666666666,0.8840309381484985,0
41.4886913970601,-120.26195866150094,13.566327031453454,33.92150166124202,10.881144147533947,0.4086,1.2870073318481445,0
40.06037009531006,-116.83937742900557,19.479901250203454,19.725766704991948,11.63377260300783,0.2748,5.301489353179932,0
34.185388137168395,-119.10313194498676,20.382814661661826,81.53283172473238,5.959104523749287,0.44260000000000005,0.0937449261546135,0
37.095929657715644,-120.85484674901983,23.28621635437014,44.5148904331435,8.730570093157628,0.3513,0.07470320165157318,0
39.17103796403174,-122.63351101157649,25.18758354187014,22.45311280210629,9.094205970373874,0.5132,3.4987528324127197,0
38.79374554470154,-116.0039442147744,22.388348515828454,18.985115039586173,5.970768860101547,0.116425,1.4127941131591797,0
39.27883579812608,-120.96264458311417,23.30550346374514,37.554422346200944,1.1633345304080864,0.7367,2.837270736694336,0
40.114269012357234,-114.8990164153074,18.21981010437014,25.69005950347254,6.447388371496845,0.3191,11.536865234375,0
38.38950366684775,-116.38123663410461,23.224286015828454,19.357103516658217,10.396404222934187,0.1579,6.808165073394775,0
35.74845673153636,-117.62091172618955,27.740236536661826,27.280485807201813,17.40062574742524,0.06925,0.045992184430360794,0
41.27309572887142,-123.09165180647744,15.403241093953454,37.51763072466801,7.021639973494708,0.7632800000000001,9.592281341552734,0
32.75706683541835,-115.76139908806215,32.96273002624514,37.092965690464226,12.54918697946697,0.3044,0.27739521861076355,0
40.222066846451575,-123.36114639171329,18.85579643249514,38.42770286202285,7.541487127821916,0.5625,3.798673629760742,0
36.6108394042911,-119.69602003250564,29.375002161661826,25.779461726809856,5.3614149629181105,0.38230000000000003,0.07781766355037689,0
34.34708488830991,-114.84511749826024,31.141034062703454,37.040977418113016,23.68287854762285,0.124,3.3811259269714355,0
36.260496443484485,-118.75278898418014,22.338869349161826,36.41184828327973,3.1781904217948314,0.528975,9.230002403259277,0
38.685947710607195,-120.42365541264246,19.968996302286826,43.43868039766404,3.8358118775048786,0.30963333333333337,2.1822028160095215,1
38.57814987651285,-120.39670595411887,20.08553276062014,42.85369651896326,3.9776334388566994,0.6027,2.9780173301696777,1
40.114269012357234,-120.39670595411887,17.089357630411826,25.998108100976637,5.286261981911228,0.41997500000000004,2.110618829727173,1
40.14121847088082,-122.84910667976517,20.174481328328454,24.88564091297526,9.103620892765967,0.4591,10.179095268249512,1
41.19224735330066,-122.90300559681233,14.081789271036826,36.11683019788421,7.479544516990538,0.373,1.4754725694656372,1
40.32986468054592,-120.98959404163776,16.900636927286826,28.787804877299962,5.213639143379137,0.52245,1.9862772226333618,1
41.46174193853652,-121.90587563143967,13.622479375203454,41.30517622809204,8.767014780096542,0.5109,3.841174602508545,1
41.51564085558369,-123.33419693318972,14.84456596374514,39.48362242268853,6.403243463535545,0.4258,4.016928672790527,1
40.168167929404405,-120.45060487116605,17.683840052286826,25.523621758803074,5.578928618524037,0.28956666666666664,1.2952264547348022,1
36.260496443484485,-118.51024385746788,19.040285364786826,31.501741318593336,4.828706204529545,0.38185,2.288151502609253,1
38.632048793560024,-120.50450378821321,21.10237846374514,42.18599740697272,3.1146361412754198,0.38380000000000003,2.790501117706299,1
40.43766251464026,-121.4746842950623,16.289797083536826,27.333019054895068,7.677702093612014,0.09723333333333334,3.8012185096740723,1
41.165297894777076,-122.9838539723831,14.650881067911826,35.421204153440705,7.303431032965687,0.41150000000000003,4.805819988250732,1
40.222066846451575,-120.50450378821321,17.683840052286826,25.523621758803074,5.578928618524037,0.33230000000000004,1.939456582069397,1
40.14121847088082,-122.63351101157649,25.299237187703454,21.980326680910313,13.752018445013107,0.4148,2.030750274658203,1
38.605099335036435,-120.26195866150094,18.889569218953454,43.20637605779973,4.965567298664304,0.49355000000000004,5.492336273193359,1
40.222066846451575,-120.47755432968962,17.683840052286826,25.523621758803074,5.578928618524037,0.28555,10.256311416625977,1
40.81495493397046,-123.41504530876047,18.278729375203454,42.048485161398176,2.117916509619784,0.56488,10.041269302368164,1
40.275965763498746,-122.795207762718,23.868817265828454,26.30780207423985,8.122783085367347,0.4045,2.9972784519195557,1
40.168167929404405,-122.7682583041944,22.02742729187014,25.810926535707985,8.754937660183707,0.42660000000000003,6.6122965812683105,1
38.658998252083606,-120.45060487116605,21.13460502624514,42.31028415907285,2.896896363109825,0.3456,1.2468706369400024,1
36.28744590200807,-118.4832943989443,19.040285364786826,31.501741318593336,4.828706204529545,0.40135000000000004,14.627260208129883,1
38.57814987651285,-120.47755432968962,21.10237846374514,42.18599740697272,3.1146361412754198,0.43320000000000003,2.4566755294799805,1
40.302915222022335,-120.74704891492549,16.992108281453454,25.87322729293218,5.676763457546875,0.3663,2.0306437015533447,1
40.08731955383365,-120.74704891492549,17.361818567911826,26.08199303888347,3.991306936713847,0.39990000000000003,5.670112609863281,1
40.302915222022335,-122.84910667976517,23.868817265828454,26.30780207423985,8.122783085367347,0.44930000000000003,7.842798709869385,1
40.14121847088082,-122.82215722124158,20.174481328328454,24.88564091297526,9.103620892765967,0.4521,1.7878050804138184,1
40.19511738792799,-122.82215722124158,22.02742729187014,25.810926535707985,8.754937660183707,0.42660000000000003,6.611321926116943,1
40.49156143168744,-121.33993700244437,14.335207239786826,30.13040577511541,7.496311066369939,0.3104,1.1076478958129883,1
40.222066846451575,-120.45060487116605,17.683840052286826,25.523621758803074,5.578928618524037,0.28555,9.941300392150879,1
38.57814987651285,-120.01941353478867,13.80180130004885,27.87424820581427,4.0612599430506,0.4375,6.034519672393799,0
33.53860113260234,-115.89614638068007,29.143760935465536,39.44888910686926,7.6593779249134775,0.07415000000000001,2.5319039821624756,0
32.541471167229666,-114.62952183007154,30.443728383382165,49.36565967593035,10.115656782460244,0.317,0.03369886428117752,0
33.02656142065421,-115.59970233692063,30.04032669067385,38.81588457099744,11.698412284863746,0.4703,0.14035730063915253,0
34.805225683210864,-114.19833049369417,29.66679153442385,46.78612610802451,16.762081472362944,0.139,1.7933974266052246,0
41.865983816390305,-116.56988284376972,14.723269399007165,37.23889614933206,15.786950897364864,0.19255,1.5481092929840088,0
35.37116431220616,-116.51598392672254,23.693565622965536,38.03629360051741,8.749219452857638,0.10020000000000001,2.005422592163086,0
40.976651685111975,-118.91448573532166,18.08451614379885,31.44465766722953,10.084748775059909,0.09165000000000001,0.7298752665519714,0
37.958312330470385,-115.16851100054326,16.23124465942385,51.06232110083889,3.2980984666283213,0.1466,3.288766860961914,0
36.422193194626004,-114.49477453745362,29.27274856567385,29.641697848612548,5.568188763641576,0.14265,2.0392873287200928,0
35.82930510710712,-114.3330777863121,25.937624867757165,42.11844809464288,15.677633663771722,0.1759,3.9987754821777344,0
38.20085745718265,-119.10313194498676,13.045616404215536,28.683523053070314,7.693601218457072,0.25520000000000004,3.720139503479004,0
40.94970222658839,-117.62091172618955,15.12162551879885,30.576308475371395,8.915237588922453,0.2164,6.7907304763793945,0
40.7341065583997,-114.27917886926494,13.276736195882165,50.12628752277514,3.8157612280373656,0.27926666666666666,0.8840309381484985,0
41.4886913970601,-120.26195866150094,14.49540481567385,40.56113608337938,8.636746333864902,0.4086,1.2870073318481445,0
40.06037009531006,-116.83937742900557,15.164757029215536,29.23588823829477,10.407000824390535,0.2748,5.301489353179932,0
34.185388137168395,-119.10313194498676,19.859011586507165,79.99997702014788,4.220748275052965,0.44260000000000005,0.0937449261546135,0
37.095929657715644,-120.85484674901983,24.384483591715536,43.41399137174314,7.20973559152039,0.3513,0.07470320165157318,0
39.17103796403174,-122.63351101157649,25.907351430257165,18.79970257591679,8.78486335133378,0.5132,3.4987528324127197,0
38.79374554470154,-116.0039442147744,16.148074086507165,21.300425859767223,8.0689154637894,0.116425,1.4127941131591797,0
39.27883579812608,-120.96264458311417,23.58305130004885,22.315651429880063,3.8453818677400684,0.7367,2.837270736694336,0
40.114269012357234,-114.8990164153074,11.655479685465536,50.13323062924554,4.191190245976616,0.3191,11.536865234375,0
38.38950366684775,-116.38123663410461,16.573367055257165,21.379850804361507,8.382504949720955,0.1579,6.808165073394775,0
35.74845673153636,-117.62091172618955,23.907839711507165,30.314750777168854,7.503174547514648,0.06925,0.045992184430360794,0
41.27309572887142,-123.09165180647744,18.235801951090536,44.20405898857349,5.819795291134473,0.7632800000000001,9.592281341552734,0
32.75706683541835,-115.76139908806215,28.715782419840536,41.21542199903498,10.755919100480387,0.3044,0.27739521861076355,0
40.222066846451575,-123.36114639171329,22.467654164632165,32.71662058845592,5.200206200580664,0.5625,3.798673629760742,0
36.6108394042911,-119.69602003250564,27.644981638590536,28.982663123605278,4.569092311023908,0.38230000000000003,0.07781766355037689,0
34.34708488830991,-114.84511749826024,28.856163279215536,31.950270942262115,13.840371994583466,0.124,3.3811259269714355,0
36.260496443484485,-118.75278898418014,19.35502395629885,38.64909883570121,1.9703418444160723,0.528975,9.230002403259277,0
38.685947710607195,-120.42365541264246,19.214480336507165,27.807034632576816,2.762867039621179,0.30963333333333337,2.1822028160095215,1
38.57814987651285,-120.39670595411887,19.22367630004885,27.091914898075274,2.472699014901614,0.6027,2.9780173301696777,1
41.030550602159146,-122.82215722124158,19.398318227132165,36.14996477759191,6.138382479124921,0.5019,4.335826396942139,1
40.033420636786474,-120.66620053935473,17.007693227132165,30.571491913452757,6.771787185924684,0.4566,7.9819464683532715,1
40.114269012357234,-120.39670595411887,16.019411977132165,31.872453910557013,7.687017579392053,0.41997500000000004,2.110618829727173,1
41.4886913970601,-123.38809585023688,19.627322133382165,40.91520384970833,5.40681674845345,0.5819,6.7749505043029785,1
41.19224735330066,-122.90300559681233,16.442589060465536,41.89490048264041,5.982249129157371,0.373,1.4754725694656372,1
41.46174193853652,-121.90587563143967,16.970176951090536,41.188233186313255,6.586662305223187,0.5109,3.841174602508545,1
40.32986468054592,-121.15129079277928,18.071495310465536,33.68889895214316,7.88739148582061,0.4647666666666667,2.6853811740875244,1
41.51564085558369,-123.33419693318972,17.447390492757165,42.13182994548697,5.258874276778212,0.4258,4.016928672790527,1
40.168167929404405,-120.45060487116605,17.126345570882165,31.006487695629563,7.689538222882261,0.28956666666666664,1.2952264547348022,1
36.260496443484485,-118.51024385746788,16.089561716715536,36.123760387520726,0.9465352912758968,0.38185,2.288151502609253,1
38.632048793560024,-120.50450378821321,20.266075388590536,26.929356478320663,2.153920381093965,0.38380000000000003,2.790501117706299,1
41.165297894777076,-122.9838539723831,17.12235794067385,41.86654441260326,6.130906412629525,0.41150000000000003,4.805819988250732,1
40.222066846451575,-120.50450378821321,17.126345570882165,31.006487695629563,7.689538222882261,0.33230000000000004,1.939456582069397,1
40.14121847088082,-122.63351101157649,27.12699661254885,22.61191797696224,8.959890160207006,0.4148,2.030750274658203,1
38.605099335036435,-120.26195866150094,17.930870310465536,27.212352971696024,2.8385320565837766,0.49355000000000004,5.492336273193359,1
40.222066846451575,-120.47755432968962,17.126345570882165,31.006487695629563,7.689538222882261,0.28555,10.256311416625977,1
40.81495493397046,-123.41504530876047,22.529014841715536,34.69514687532953,2.1579203813617287,0.56488,10.041269302368164,1
32.622319542800426,-114.7373196641659,30.83451614379885,44.725150150889434,5.506325903365655,0.371,0.03370582312345505,1
40.06037009531006,-120.7200994564019,16.74491653442385,30.672930833164752,6.66573045585757,0.4566,9.43118953704834,1
40.41071305611668,-121.07044241720851,16.487755076090536,34.089371002105025,7.764631461044995,0.4304,3.531708002090454,1
36.28744590200807,-118.4832943989443,16.089561716715536,36.123760387520726,0.9465352912758968,0.40135000000000004,14.627260208129883,1
35.640658897442016,-118.4563449404207,20.728233591715536,32.60685011745462,4.6661487012220695,0.277,7.752801895141602,1
38.57814987651285,-120.47755432968962,20.266075388590536,26.929356478320663,2.153920381093965,0.43320000000000003,2.4566755294799805,1
41.030550602159146,-123.14555072352461,17.853640492757165,35.08901105291534,5.572724012312499,0.5171,7.686534404754639,1
40.302915222022335,-120.74704891492549,16.587364451090536,31.477805946723723,7.470149797854487,0.3663,2.0306437015533447,1
40.08731955383365,-120.74704891492549,16.74491653442385,30.672930833164752,6.66573045585757,0.39990000000000003,5.670112609863281,1
40.302915222022335,-122.84910667976517,26.62211380004885,24.177874132758344,3.5950463191792577,0.44930000000000003,7.842798709869385,1
40.222066846451575,-120.45060487116605,17.126345570882165,31.006487695629563,7.689538222882261,0.28555,9.941300392150879,1
38.57814987651285,-120.01941353478867,14.951925532023154,30.748380464990127,1.6367636749302774,0.4375,6.034519672393799,0
33.53860113260234,-115.89614638068007,31.058126703898154,37.85980819151632,3.6568687906187747,0.07415000000000001,2.5319039821624756,0
32.541471167229666,-114.62952183007154,31.271993891398154,45.02731060747933,13.626778974973018,0.317,0.03369886428117752,0
33.02656142065421,-115.59970233692063,31.654806391398154,32.49303535348459,2.8769985590560334,0.4703,0.14035730063915253,0
34.805225683210864,-114.19833049369417,30.203960037231468,31.579058368841466,8.133460556993342,0.139,1.7933974266052246,0
41.865983816390305,-116.56988284376972,17.250916417439782,30.98270051963376,5.361494967859047,0.19255,1.5481092929840088,0
35.37116431220616,-116.51598392672254,26.834331130981468,22.41263721794172,3.6853547154344843,0.10020000000000001,2.005422592163086,0
40.976651685111975,-118.91448573532166,20.893820063273154,23.610927691370645,4.418988818832416,0.09165000000000001,0.7298752665519714,0
37.958312330470385,-115.16851100054326,18.410340245564782,31.525418292806943,2.966263642091585,0.1466,3.288766860961914,0
36.422193194626004,-114.49477453745362,29.039165115356468,26.05830515530882,2.1876092780437975,0.14265,2.0392873287200928,0
35.82930510710712,-114.3330777863121,26.249126052856468,25.27097699621991,9.264883346530093,0.1759,3.9987754821777344,0
38.20085745718265,-119.10313194498676,14.720317459106468,32.348531915222644,2.364930207350537,0.25520000000000004,3.720139503479004,0
40.94970222658839,-117.62091172618955,17.608663813273154,23.197383355868023,3.143922798257082,0.2164,6.7907304763793945,0
40.7341065583997,-114.27917886926494,15.356792068481468,39.07503157514691,1.3703742427330703,0.27926666666666666,0.8840309381484985,0
41.4886913970601,-120.26195866150094,18.019389724731468,35.65431892467807,1.4547200045613458,0.4086,1.2870073318481445,0
40.06037009531006,-116.83937742900557,17.375590896606468,25.28775255550833,0.6633736333028538,0.2748,5.301489353179932,0
34.185388137168395,-119.10313194498676,20.242045974731468,79.09489238482476,4.650252458454793,0.44260000000000005,0.0937449261546135,0
37.095929657715644,-120.85484674901983,25.024842198689782,45.37110944335909,5.893157230393595,0.3513,0.07470320165157318,0
39.17103796403174,-122.63351101157649,26.148214594523154,25.03141260329465,1.4744600858200743,0.5132,3.4987528324127197,0
38.79374554470154,-116.0039442147744,16.937114334106468,21.500375829281012,2.501927980046819,0.116425,1.4127941131591797,0
39.27883579812608,-120.96264458311417,23.220724360148154,30.261669181876492,0.4060780918996008,0.7367,2.837270736694336,0
40.114269012357234,-114.8990164153074,14.325216547648154,31.30384107847599,3.4854094902676502,0.3191,11.536865234375,0
38.38950366684775,-116.38123663410461,18.051860427856468,20.271548128622186,1.7083111207567006,0.1579,6.808165073394775,0
35.74845673153636,-117.62091172618955,27.427918370564782,17.713076881629526,2.1014968048351266,0.06925,0.045992184430360794,0
41.27309572887142,-123.09165180647744,19.525900141398154,45.44044933444841,4.56523004672421,0.7632800000000001,9.592281341552734,0
32.75706683541835,-115.76139908806215,30.580099360148154,33.11093010614118,2.5552115789276915,0.3044,0.27739521861076355,0
40.222066846451575,-123.36114639171329,22.955017979939782,43.628453768447855,4.150607676743991,0.5625,3.798673629760742,0
36.6108394042911,-119.69602003250564,28.363790766398154,30.14621824668128,5.612976503353518,0.38230000000000003,0.07781766355037689,0
34.34708488830991,-114.84511749826024,28.311219151814782,27.318037517328182,7.5489326115842825,0.124,3.3811259269714355,0
36.260496443484485,-118.75278898418014,20.675965245564782,38.03517957569447,0.727023861314229,0.528975,9.230002403259277,0
38.57814987651285,-120.39670595411887,19.957703526814782,30.51303775633872,0.15677239258181616,0.6027,2.9780173301696777,1
36.2335469849609,-118.4832943989443,18.552755610148154,32.54548088771681,1.4142079011522415,0.3689,8.211348533630371,1
40.033420636786474,-120.66620053935473,19.217876052856468,30.508124048574558,1.4404473476826842,0.4566,7.9819464683532715,1
41.4886913970601,-123.38809585023688,20.715353266398154,42.91349419993765,4.288970616233604,0.5819,6.7749505043029785,1
41.19224735330066,-122.90300559681233,17.915223058064782,44.29311112007318,4.485510812097018,0.373,1.4754725694656372,1
41.54259031410727,-123.41504530876047,20.715353266398154,42.91349419993765,4.288970616233604,0.5642,5.862277507781982,1
41.46174193853652,-121.90587563143967,18.477478917439782,49.07757645884027,4.830223975140888,0.5109,3.841174602508545,1
41.51564085558369,-123.33419693318972,18.619406000773154,44.65041186744006,4.381299228319939,0.4258,4.016928672790527,1
41.24614627034783,-123.22639909909536,21.831401443481468,42.54980912357942,4.225730283564124,0.6925,7.409003257751465,1
36.260496443484485,-118.51024385746788,16.880880610148154,33.84603148781646,1.6792834096346059,0.38185,2.288151502609253,1
40.356814139069506,-122.90300559681233,25.067241287231468,33.38330507318872,1.8249237023066207,0.5021,2.5330581665039062,1
40.222066846451575,-120.50450378821321,19.928243891398154,29.43821832107143,1.2868044755056651,0.33230000000000004,1.939456582069397,1
38.605099335036435,-120.26195866150094,18.789978917439782,30.400873253262013,0.4440293734959143,0.49355000000000004,5.492336273193359,1
40.222066846451575,-120.47755432968962,19.928243891398154,29.43821832107143,1.2868044755056651,0.28555,10.256311416625977,1
40.81495493397046,-123.41504530876047,22.584412511189782,46.516608534900556,1.9494116764868918,0.56488,10.041269302368164,1
40.356814139069506,-122.87605613828876,25.067241287231468,33.38330507318872,1.8249237023066207,0.5021,4.99500036239624,1
40.06037009531006,-120.7200994564019,19.201600011189782,29.896839926317654,1.378275654990627,0.4566,9.43118953704834,1
36.28744590200807,-118.4832943989443,16.880880610148154,33.84603148781646,1.6792834096346059,0.40135000000000004,14.627260208129883,1
40.00647117826289,-120.63925108083114,18.472758865356468,30.41501924628371,1.271776786500264,0.4132,10.12468433380127,1
41.030550602159146,-123.1725001820482,19.648051834106468,42.225876760753536,2.9927111482185786,0.5529000000000001,7.912937164306641,1
35.640658897442016,-118.4563449404207,23.022563552856468,30.314152118726344,0.6550727937525287,0.277,7.752801895141602,1
38.57814987651285,-120.47755432968962,20.897644933064782,30.662171213356633,0.15523167054827358,0.43320000000000003,2.4566755294799805,1
41.030550602159146,-123.14555072352461,19.043234125773154,38.86389733691837,3.7142172131068487,0.5171,7.686534404754639,1
40.08731955383365,-120.74704891492549,19.201600011189782,29.896839926317654,1.378275654990627,0.39990000000000003,5.670112609863281,1
40.302915222022335,-122.84910667976517,27.846945063273154,31.001855606377717,1.8464191849702118,0.44930000000000003,7.842798709869385,1
40.222066846451575,-120.45060487116605,19.928243891398154,29.43821832107143,1.2868044755056651,0.28555,9.941300392150879,1
40.32986468054592,-121.39383591949154,20.106954828898154,34.5701667123221,1.6860732645784124,0.5302,2.0339012145996094,1
40.32986468054592,-121.44773483653871,20.106954828898154,34.5701667123221,1.6860732645784124,0.5174,3.37296724319458,1
38.57814987651285,-120.34280703707171,18.789978917439782,30.400873253262013,0.4440293734959143,0.661,2.252743721008301,1
40.14121847088082,-120.66620053935473,19.201600011189782,29.896839926317654,1.378275654990627,0.3422,4.038455963134766,1
38.57814987651285,-120.01941353478867,14.122612253824911,45.209478608023836,8.007603835203057,0.4375,6.034519672393799,0
33.53860113260234,-115.89614638068007,31.89946772257491,39.43967375186702,4.2515397155478984,0.07415000000000001,2.5319039821624756,0
32.541471167229666,-114.62952183007154,31.39458491007491,39.41673581786651,15.319979770301032,0.317,0.03369886428117752,0
33.02656142065421,-115.59970233692063,32.65451329549154,32.912786484293996,6.19809891171644,0.4703,0.14035730063915253,0
34.805225683210864,-114.19833049369417,31.738416290283226,31.753895806761374,10.776664974060179,0.139,1.7933974266052246,0
41.865983816390305,-116.56988284376972,18.98483556111654,28.277039001655545,8.357741489161699,0.19255,1.5481092929840088,0
35.37116431220616,-116.51598392672254,27.75461095174154,27.812725961816998,8.873043394185945,0.10020000000000001,2.005422592163086,0
40.976651685111975,-118.91448573532166,22.63083165486654,24.901446654860045,8.687153158772535,0.09165000000000001,0.7298752665519714,0
37.958312330470385,-115.16851100054326,21.63335444132491,33.03667870269784,16.204404619634424,0.1466,3.288766860961914,0
36.422193194626004,-114.49477453745362,31.39019037882491,28.16617704049749,13.536325402987119,0.14265,2.0392873287200928,0
35.82930510710712,-114.3330777863121,27.77804845174154,29.45008920573503,14.922706426641447,0.1759,3.9987754821777344,0
38.20085745718265,-119.10313194498676,16.45879389444991,37.24648107769192,8.682449411518387,0.25520000000000004,3.720139503479004,0
40.94970222658839,-117.62091172618955,20.12895991007491,21.724574740688567,8.263336600860738,0.2164,6.7907304763793945,0
40.7341065583997,-114.27917886926494,18.64108556111654,36.450938425844335,5.381809889731756,0.27926666666666666,0.8840309381484985,0
41.4886913970601,-120.26195866150094,16.95358556111654,35.63898753882994,9.357631015776583,0.4086,1.2870073318481445,0
40.06037009531006,-116.83937742900557,20.74126459757491,19.615515702609457,9.97721403177672,0.2748,5.301489353179932,0
34.185388137168395,-119.10313194498676,19.131726837158226,82.71372854093491,6.343994214988484,0.44260000000000005,0.0937449261546135,0
37.095929657715644,-120.85484674901983,24.19097162882491,48.62702519812839,9.17084606037314,0.3513,0.07470320165157318,0
39.17103796403174,-122.63351101157649,22.691297149658226,47.81888544160389,1.8178697726845658,0.5132,3.4987528324127197,0
38.79374554470154,-116.0039442147744,20.597303009033226,23.3884771663355,16.18807951609603,0.116425,1.4127941131591797,0
39.27883579812608,-120.96264458311417,21.643445587158226,42.652129241507524,6.267934256320505,0.7367,2.837270736694336,0
40.114269012357234,-114.8990164153074,18.26494623819991,28.020355585818685,10.514188399425322,0.3191,11.536865234375,0
38.38950366684775,-116.38123663410461,20.552625274658226,21.42951571693702,14.9132081133973,0.1579,6.808165073394775,0
35.74845673153636,-117.62091172618955,27.881238555908226,27.216096956607807,8.384637888407296,0.06925,0.045992184430360794,0
41.27309572887142,-123.09165180647744,18.42241694132491,38.106336688745074,3.888338732602921,0.7632800000000001,9.592281341552734,0
32.75706683541835,-115.76139908806215,31.74899571736654,31.22310055742937,4.34115425600038,0.3044,0.27739521861076355,0
40.222066846451575,-123.36114639171329,20.389539337158226,43.67355615811167,5.19605068497863,0.5625,3.798673629760742,0
36.6108394042911,-119.69602003250564,28.94463373819991,34.28638339526812,6.147019013580722,0.38230000000000003,0.07781766355037689,0
34.34708488830991,-114.84511749826024,30.04831212361654,28.33380498108954,13.407916405326498,0.124,3.3811259269714355,0
36.260496443484485,-118.75278898418014,21.300916290283226,39.093434414608815,0.6532671876301214,0.528975,9.230002403259277,0
38.57814987651285,-120.39670595411887,18.619275665283226,45.08181790098004,5.805681753258355,0.6027,2.9780173301696777,1
40.033420636786474,-120.66620053935473,17.61968256632491,42.048590507580855,6.76570095284162,0.4566,7.9819464683532715,1
41.4886913970601,-123.38809585023688,19.161267852783226,38.252222998821885,2.898066364667951,0.5819,6.7749505043029785,1
41.19224735330066,-122.90300559681233,16.88595860799154,35.20694826946093,3.9627665556736575,0.373,1.4754725694656372,1
41.54259031410727,-123.41504530876047,19.161267852783226,38.252222998821885,2.898066364667951,0.5642,5.862277507781982,1
41.46174193853652,-121.90587563143967,16.96066563924154,37.595605619426735,5.672095762812649,0.5109,3.841174602508545,1
41.51564085558369,-123.33419693318972,16.86007970174154,38.32719266284362,3.2863034454100557,0.4258,4.016928672790527,1
41.24614627034783,-123.22639909909536,20.40573399861654,39.015639998881504,3.733310507262872,0.6925,7.409003257751465,1
36.260496443484485,-118.51024385746788,17.87033360799154,37.583914402131505,2.6550573762123792,0.38185,2.288151502609253,1
40.222066846451575,-120.50450378821321,18.95041173299154,37.64504928437374,8.483181693573847,0.33230000000000004,1.939456582069397,1
38.712897169130784,-120.18111028593019,15.54562657674154,47.904741882698296,7.20620549080714,0.42385,4.012709617614746,1
38.605099335036435,-120.26195866150094,17.41916173299154,45.4839242129502,6.416726918906544,0.49355000000000004,5.492336273193359,1
40.222066846451575,-120.47755432968962,18.95041173299154,37.64504928437374,8.483181693573847,0.28555,10.256311416625977,1
40.81495493397046,-123.41504530876047,19.189832305908226,51.42165905160476,3.34992164541772,0.56488,10.041269302368164,1
38.739846627654366,-120.31585757854812,17.17583491007491,47.607560776350944,6.639994364254016,0.51915,6.4774088859558105,1
40.06037009531006,-120.7200994564019,17.745252227783226,40.40048637667134,7.028781589038149,0.4566,9.43118953704834,1
36.28744590200807,-118.4832943989443,17.87033360799154,37.583914402131505,2.6550573762123792,0.40135000000000004,14.627260208129883,1
40.00647117826289,-120.63925108083114,17.13115717569991,41.30639834803099,7.11863486056609,0.4132,10.12468433380127,1
35.640658897442016,-118.4563449404207,23.943738555908226,33.20140867185243,4.093815906097725,0.277,7.752801895141602,1
38.57814987651285,-120.47755432968962,19.60885899861654,44.78679306717022,5.200777111885017,0.43320000000000003,2.4566755294799805,1
35.613709438918434,-118.4832943989443,23.943738555908226,33.20140867185243,4.093815906097725,0.271,1.2425943613052368,1
41.030550602159146,-123.14555072352461,17.10942866007491,37.95644914594688,3.8312212794346934,0.5171,7.686534404754639,1
40.08731955383365,-120.74704891492549,17.745252227783226,40.40048637667134,7.028781589038149,0.39990000000000003,5.670112609863281,1
40.302915222022335,-122.84910667976517,25.51022618611654,40.90076079455159,1.809738243435437,0.44930000000000003,7.842798709869385,1
40.49156143168744,-121.33993700244437,15.813774363199911,43.55061138124683,7.142369312035208,0.3104,1.1076478958129883,1
40.222066846451575,-120.45060487116605,18.95041173299154,37.64504928437374,8.483181693573847,0.28555,9.941300392150879,1
40.32986468054592,-121.39383591949154,18.63115717569991,44.59281226978923,6.835151265024802,0.5302,2.0339012145996094,1
38.685947710607195,-120.20805974445378,15.54562657674154,47.904741882698296,7.20620549080714,0.3236,1.2768117189407349,1
40.32986468054592,-121.44773483653871,18.63115717569991,44.59281226978923,6.835151265024802,0.5174,3.37296724319458,1
38.57814987651285,-120.34280703707171,17.41916173299154,45.4839242129502,6.416726918906544,0.661,2.252743721008301,1
38.57814987651285,-120.01941353478867,13.64662895202639,44.73690927925681,4.61054703711814,0.4375,6.034519672393799,0
33.53860113260234,-115.89614638068007,31.228741582234704,31.974398129849433,4.305107680699534,0.07415000000000001,2.5319039821624756,0
32.541471167229666,-114.62952183007154,29.792706425984704,30.655564877915715,11.065731992675106,0.317,0.03369886428117752,0
33.02656142065421,-115.59970233692063,31.617738978068076,25.558108526739925,5.077636002955769,0.4703,0.14035730063915253,0
34.805225683210864,-114.19833049369417,31.89150199890139,19.6035072433015,11.07167245689206,0.139,1.7933974266052246,0
41.865983816390305,-116.56988284376972,16.182436243693076,36.3373015778766,5.5024391861571615,0.19255,1.5481092929840088,0
35.37116431220616,-116.51598392672254,27.52260551452639,25.555012398514528,7.403165407105376,0.10020000000000001,2.005422592163086,0
40.976651685111975,-118.91448573532166,21.248842493693076,17.970887934381917,3.0486778921017907,0.09165000000000001,0.7298752665519714,0
37.958312330470385,-115.16851100054326,22.550112024943076,24.307260259615997,14.137124596073326,0.1466,3.288766860961914,0
36.422193194626004,-114.49477453745362,31.66518363952639,21.588684105788218,11.007096851495323,0.14265,2.0392873287200928,0
35.82930510710712,-114.3330777863121,28.138246790568076,19.48890334938981,13.495601476110961,0.1759,3.9987754821777344,0
38.20085745718265,-119.10313194498676,16.031557337443076,37.51746236033478,5.202762295199261,0.25520000000000004,3.720139503479004,0
40.94970222658839,-117.62091172618955,18.611065800984704,22.535051850931882,2.576421655625732,0.2164,6.7907304763793945,0
40.7341065583997,-114.27917886926494,17.631410853068076,47.590717896136894,1.163063750777571,0.27926666666666666,0.8840309381484985,0
41.4886913970601,-120.26195866150094,16.848207728068076,28.605732027513415,4.991308965610268,0.4086,1.2870073318481445,0
40.06037009531006,-116.83937742900557,20.25527153015139,24.57642295368178,2.910087453312399,0.2748,5.301489353179932,0
34.185388137168395,-119.10313194498676,18.948549524943076,78.01725696612961,6.051108487245377,0.44260000000000005,0.0937449261546135,0
37.095929657715644,-120.85484674901983,21.982159550984704,51.3081679507752,8.372412485113434,0.3513,0.07470320165157318,0
39.17103796403174,-122.63351101157649,22.41762504577639,44.8187279031324,2.562574139761524,0.5132,3.4987528324127197,0
38.79374554470154,-116.0039442147744,21.04872856140139,22.84863229508317,8.9333480356154,0.116425,1.4127941131591797,0
39.27883579812608,-120.96264458311417,20.023419316609704,46.29968603970184,2.1595125796356442,0.7367,2.837270736694336,0
40.114269012357234,-114.8990164153074,18.29311332702639,24.15429511164655,5.817256641379588,0.3191,11.536865234375,0
38.38950366684775,-116.38123663410461,21.863832728068076,23.984101077064572,12.266779266667447,0.1579,6.808165073394775,0
35.74845673153636,-117.62091172618955,26.156801478068076,30.034750810735076,7.618184259684829,0.06925,0.045992184430360794,0
41.27309572887142,-123.09165180647744,18.660626347859704,40.87321639728726,1.715847935157389,0.7632800000000001,9.592281341552734,0
32.75706683541835,-115.76139908806215,30.501772181193076,26.008570847245633,2.5407488606679487,0.3044,0.27739521861076355,0
40.222066846451575,-123.36114639171329,19.73696098327639,47.88964405476567,2.3512493754906743,0.5625,3.798673629760742,0
36.6108394042911,-119.69602003250564,26.919415410359704,39.01378742321942,8.622281971568663,0.38230000000000003,0.07781766355037689,0
34.34708488830991,-114.84511749826024,29.462384160359704,19.678152874647125,11.577030044411092,0.124,3.3811259269714355,0
36.260496443484485,-118.75278898418014,20.443666712443076,48.42464919495957,1.381795829319345,0.528975,9.230002403259277,0
36.260496443484485,-118.51024385746788,17.378643925984704,44.67862514619107,1.7673334345804814,0.38185,2.288151502609253,1
38.712897169130784,-120.18111028593019,14.843569056193076,48.13979641612227,3.5140963954709554,0.42385,4.012709617614746,1
38.605099335036435,-120.26195866150094,16.50331840515139,46.67446136485225,2.990298430478248,0.49355000000000004,5.492336273193359,1
38.712897169130784,-120.1541608274066,14.843569056193076,48.13979641612227,3.5140963954709554,0.44586666666666674,2.555027961730957,1
38.739846627654366,-120.31585757854812,16.411440149943076,48.2207811254469,3.04677109423145,0.51915,6.4774088859558105,1
40.14121847088082,-120.34280703707171,18.205548222859704,37.197777047229295,4.833723925128839,0.35795,6.396284580230713,1
36.28744590200807,-118.4832943989443,17.378643925984704,44.67862514619107,1.7673334345804814,0.40135000000000004,14.627260208129883,1
40.00647117826289,-120.63925108083114,16.414369837443076,37.62929305893454,3.602542515080993,0.4132,10.12468433380127,1
38.605099335036435,-120.5314532467368,18.434877649943076,47.041343143045424,2.22762749966136,0.513,2.4258337020874023,1
35.640658897442016,-118.4563449404207,22.25234184265139,38.44835110673481,3.2784216792488015,0.277,7.752801895141602,1
38.57814987651285,-120.47755432968962,18.434877649943076,47.041343143045424,2.22762749966136,0.43320000000000003,2.4566755294799805,1
41.030550602159146,-123.14555072352461,17.164613978068076,43.401753738350166,1.5020795725716385,0.5171,7.686534404754639,1
40.49156143168744,-121.33993700244437,15.349428431193076,42.47242972262038,3.40588560649725,0.3104,1.1076478958129883,1
38.685947710607195,-120.20805974445378,14.843569056193076,48.13979641612227,3.5140963954709554,0.3236,1.2768117189407349,1
40.32986468054592,-121.44773483653871,17.526837285359704,46.37113162435974,2.7214220241384908,0.5174,3.37296724319458,1
38.57814987651285,-120.34280703707171,16.50331840515139,46.67446136485225,2.990298430478248,0.661,2.252743721008301,1
35.613709438918434,-118.53719331599146,22.25234184265139,38.44835110673481,3.2784216792488015,0.34655,9.649994850158691,1
41.19224735330066,-122.9838539723831,17.50893363952639,41.3222517865546,1.6320180657663184,0.46230000000000004,5.349377632141113,1
38.712897169130784,-120.34280703707171,16.411440149943076,48.2207811254469,3.04677109423145,0.46130000000000004,2.8152809143066406,1
41.27309572887142,-123.1725001820482,20.05849418640139,41.53830858737154,1.6626695976688681,0.705175,4.199860572814941,1
36.260496443484485,-118.4832943989443,17.378643925984704,44.67862514619107,1.7673334345804814,0.38185,8.729374885559082,1
41.54259031410727,-123.30724747466613,16.790102259318076,41.5673083060376,1.3878990615827786,0.46790000000000004,6.6743011474609375,1
35.640658897442016,-118.53719331599146,22.25234184265139,38.44835110673481,3.2784216792488015,0.3924,10.837677955627441,1
35.640658897442016,-118.56414277451505,21.547426478068076,41.13821659739263,3.3557526882039928,0.3924,4.477819442749023,1
38.712897169130784,-120.23500920297737,14.843569056193076,48.13979641612227,3.5140963954709554,0.4086666666666667,4.998106956481934,1
38.632048793560024,-120.31585757854812,16.50331840515139,46.67446136485225,2.990298430478248,0.49355000000000004,4.476980686187744,1
38.712897169130784,-120.45060487116605,18.54872856140139,47.78104176140295,2.2701614550142186,0.3608,1.4676698446273804,1
40.81495493397046,-123.1725001820482,20.04042778015139,45.21342051215913,1.1866936119677582,0.5188,12.857630729675293,1
38.685947710607195,-120.18111028593019,14.843569056193076,48.13979641612227,3.5140963954709554,0.3236,3.097801923751831,1
41.27309572887142,-123.19944964057179,20.05849418640139,41.53830858737154,1.6626695976688681,0.705175,2.331684112548828,1
38.57814987651285,-120.01941353478867,14.583704884847009,43.539358228890364,5.614687067054425,0.4375,6.034519672393799,0
33.53860113260234,-115.89614638068007,31.772344207763695,31.519792271008818,2.0915300872569276,0.07415000000000001,2.5319039821624756,0
32.541471167229666,-114.62952183007154,31.49752324422201,25.06839183794233,11.520625838507343,0.317,0.03369886428117752,0
33.02656142065421,-115.59970233692063,32.85592168172201,26.274869082466417,1.6285669440563757,0.4703,0.14035730063915253,0
34.805225683210864,-114.19833049369417,32.83671595255538,11.315429925156833,8.839643860242157,0.139,1.7933974266052246,0
41.865983816390305,-116.56988284376972,19.22359746297201,25.15665119091382,8.723586875753886,0.19255,1.5481092929840088,0
35.37116431220616,-116.51598392672254,28.22904993693038,20.942831983575623,7.379706435571059,0.10020000000000001,2.005422592163086,0
40.976651685111975,-118.91448573532166,23.029424285888695,17.425063580674152,7.525838332371857,0.09165000000000001,0.7298752665519714,0
37.958312330470385,-115.16851100054326,23.24288457234701,11.616006161446334,13.303629327994036,0.1466,3.288766860961914,0
36.422193194626004,-114.49477453745362,31.97823613484701,12.626469035439811,9.063786873977133,0.14265,2.0392873287200928,0
35.82930510710712,-114.3330777863121,28.06099980672201,10.217522028377466,12.341848286863787,0.1759,3.9987754821777344,0
38.20085745718265,-119.10313194498676,17.212041473388695,32.852330127245686,7.076531328366436,0.25520000000000004,3.720139503479004,0
40.94970222658839,-117.62091172618955,21.50387090047201,14.418851074820054,6.427943224240073,0.2164,6.7907304763793945,0
40.7341065583997,-114.27917886926494,20.59151738484701,34.80976800075643,2.9133506519505215,0.27926666666666666,0.8840309381484985,0
41.4886913970601,-120.26195866150094,18.18453496297201,31.934424808420065,6.808846641199972,0.4086,1.2870073318481445,0
40.06037009531006,-116.83937742900557,22.268437957763695,17.847636721822795,7.217926888331759,0.2748,5.301489353179932,0
34.185388137168395,-119.10313194498676,18.92118860880538,80.64602164231923,5.925604329138109,0.44260000000000005,0.0937449261546135,0
37.095929657715644,-120.85484674901983,23.840947723388695,44.8723766382501,7.6524771150038005,0.3513,0.07470320165157318,0
39.17103796403174,-122.63351101157649,22.70138066609701,43.095458168219515,1.4911093272117186,0.5132,3.4987528324127197,0
38.79374554470154,-116.0039442147744,21.85567754109701,14.332031388731432,14.893298927627477,0.116425,1.4127941131591797,0
39.27883579812608,-120.96264458311417,20.72367884318038,41.96837004747659,3.17690998896236,0.7367,2.837270736694336,0
40.114269012357234,-114.8990164153074,21.050664520263695,15.45546485429564,11.525691998221925,0.3191,11.536865234375,0
38.38950366684775,-116.38123663410461,22.17704798380538,16.000636659126915,12.94855251584055,0.1579,6.808165073394775,0
35.74845673153636,-117.62091172618955,27.84916712443038,23.473006347251644,7.6441764353164725,0.06925,0.045992184430360794,0
41.27309572887142,-123.09165180647744,18.875615692138695,37.00812210629783,1.7381366766508748,0.7632800000000001,9.592281341552734,0
32.75706683541835,-115.76139908806215,31.54814173380538,27.797494456771986,1.5540877099606505,0.3044,0.27739521861076355,0
40.222066846451575,-123.36114639171329,20.18941777547201,44.815644279872075,1.9673098627540968,0.5625,3.798673629760742,0
36.6108394042911,-119.69602003250564,28.04423548380538,32.21980627937224,7.602201626705084,0.38230000000000003,0.07781766355037689,0
34.34708488830991,-114.84511749826024,30.36056035359701,14.18490539588838,9.165906844642247,0.124,3.3811259269714355,0
36.260496443484485,-118.75278898418014,21.21529668172201,40.60016289640658,0.43539302685334247,0.528975,9.230002403259277,0
41.4886913970601,-123.38809585023688,18.40670293172201,40.922571833135144,1.2164656671969387,0.5819,6.7749505043029785,1
41.54259031410727,-123.41504530876047,18.40670293172201,40.922571833135144,1.2164656671969387,0.5642,5.862277507781982,1
41.46174193853652,-121.90587563143967,18.57402064005538,38.43097333330144,3.8218260546529192,0.5109,3.841174602508545,1
41.51564085558369,-123.33419693318972,17.084111785888695,40.073166247763794,1.403225414327356,0.4258,4.016928672790527,1
41.24614627034783,-123.22639909909536,20.158086395263695,37.95209626983852,1.6348774728025068,0.6925,7.409003257751465,1
36.260496443484485,-118.51024385746788,17.90499394734701,39.36131031709902,2.179982957855346,0.38185,2.288151502609253,1
38.712897169130784,-120.18111028593019,15.715052541097009,46.45100020588356,4.522500707022178,0.42385,4.012709617614746,1
38.605099335036435,-120.26195866150094,17.353154754638695,44.66424904230318,3.8447581023916824,0.49355000000000004,5.492336273193359,1
40.81495493397046,-123.41504530876047,19.00395228068038,49.595243596930196,0.9618860304130077,0.56488,10.041269302368164,1
38.712897169130784,-120.1541608274066,15.715052541097009,46.45100020588356,4.522500707022178,0.44586666666666674,2.555027961730957,1
38.739846627654366,-120.31585757854812,17.20024134318038,45.98358381162676,4.017772721167445,0.51915,6.4774088859558105,1
40.841904392494044,-123.28029801614254,19.43754603068038,46.6235729472558,1.0239328445765576,0.62855,1.815224289894104,1
36.28744590200807,-118.4832943989443,17.90499394734701,39.36131031709902,2.179982957855346,0.40135000000000004,14.627260208129883,1
40.00647117826289,-120.63925108083114,17.06344121297201,32.76831484904142,5.414588475259954,0.4132,10.12468433380127,1
41.030550602159146,-123.14555072352461,17.095342254638695,39.60369291295646,1.2402838939847718,0.5171,7.686534404754639,1
40.841904392494044,-123.25334855761895,19.43754603068038,46.6235729472558,1.0239328445765576,0.62855,7.393341064453125,1
40.08731955383365,-120.74704891492549,17.763311004638695,30.851170112054604,5.230489282716378,0.39990000000000003,5.670112609863281,1
40.302915222022335,-122.84910667976517,25.00468470255538,34.73066451154424,4.22657788794141,0.44930000000000003,7.842798709869385,1
40.49156143168744,-121.33993700244437,16.09908574422201,34.1307627144766,5.184714698617482,0.3104,1.1076478958129883,1
38.685947710607195,-120.20805974445378,15.715052541097009,46.45100020588356,4.522500707022178,0.3236,1.2768117189407349,1
40.32986468054592,-121.44773483653871,18.83419316609701,34.76391953471216,4.375157179832706,0.5174,3.37296724319458,1
38.57814987651285,-120.34280703707171,17.353154754638695,44.66424904230318,3.8447581023916824,0.661,2.252743721008301,1
35.613709438918434,-118.53719331599146,23.40938847859701,36.22354698876587,3.02413249545162,0.34655,9.649994850158691,1
40.14121847088082,-120.66620053935473,17.763311004638695,30.851170112054604,5.230489282716378,0.3422,4.038455963134766,1
36.260496443484485,-118.4832943989443,17.90499394734701,39.36131031709902,2.179982957855346,0.38185,8.729374885559082,1
35.640658897442016,-118.53719331599146,23.40938847859701,36.22354698876587,3.02413249545162,0.3924,10.837677955627441,1
41.54259031410727,-123.44199476728406,18.40670293172201,40.922571833135144,1.2164656671969387,0.5642,6.7361860275268555,1
35.640658897442016,-118.56414277451505,22.44804407755538,38.72747053448586,2.669245901492165,0.3924,4.477819442749023,1
38.712897169130784,-120.23500920297737,15.715052541097009,46.45100020588356,4.522500707022178,0.4086666666666667,4.998106956481934,1
40.32986468054592,-122.92995505533592,22.505986785888695,37.08924167920434,2.959798810643471,0.4672,5.3176398277282715,1
38.57814987651285,-120.01941353478867,14.311858749389671,44.00621882517321,6.4168718036915875,0.4375,6.034519672393799,0
33.53860113260234,-115.89614638068007,33.34400393168136,25.11863520044883,1.0606234851708927,0.07415000000000001,2.5319039821624756,0
32.541471167229666,-114.62952183007154,32.797291692097986,31.183466998748916,10.025168410879047,0.317,0.03369886428117752,0
33.02656142065421,-115.59970233692063,33.98829104105636,21.10484347928398,2.851636046986853,0.4703,0.14035730063915253,0
34.805225683210864,-114.19833049369417,32.621266301472986,14.023157247777915,9.880845452989828,0.139,1.7933974266052246,0
41.865983816390305,-116.56988284376972,20.03109703063967,20.345700719958685,2.3229006434556108,0.19255,1.5481092929840088,0
35.37116431220616,-116.51598392672254,28.417734400431357,19.250990334108653,8.270429086644818,0.10020000000000001,2.005422592163086,0
40.976651685111975,-118.91448573532166,22.854501978556357,15.310737131699378,9.586118713344955,0.09165000000000001,0.7298752665519714,0
37.958312330470385,-115.16851100054326,23.417164738972986,16.666204797781436,14.210953526398328,0.1466,3.288766860961914,0
36.422193194626004,-114.49477453745362,32.24805666605636,15.067625083308208,12.138508661231963,0.14265,2.0392873287200928,0
35.82930510710712,-114.3330777863121,29.108164087931357,12.566130163586644,14.393567366672515,0.1759,3.9987754821777344,0
38.20085745718265,-119.10313194498676,16.247487004597986,33.16475786514056,8.355491766473973,0.25520000000000004,3.720139503479004,0
40.94970222658839,-117.62091172618955,22.11361656188967,12.599233872828172,6.614845064081862,0.2164,6.7907304763793945,0
40.7341065583997,-114.27917886926494,23.26473960876467,15.00461643020814,4.411940036165411,0.27926666666666666,0.8840309381484985,0
41.4886913970601,-120.26195866150094,17.990976587931357,27.48025921829741,6.660460811430767,0.4086,1.2870073318481445,0
40.06037009531006,-116.83937742900557,22.81283531188967,14.31224082993379,7.189644026256082,0.2748,5.301489353179932,0
34.185388137168395,-119.10313194498676,19.10360679626467,79.88305160858194,6.378198418368008,0.44260000000000005,0.0937449261546135,0
37.095929657715644,-120.85484674901983,24.104501978556357,48.30989870834388,7.83633773254073,0.3513,0.07470320165157318,0
39.17103796403174,-122.63351101157649,22.30160484313967,35.14332096565664,1.7224436607723148,0.5132,3.4987528324127197,0
38.79374554470154,-116.0039442147744,22.041513697306357,17.012268293876684,15.857559823190241,0.116425,1.4127941131591797,0
39.27883579812608,-120.96264458311417,20.84896812438967,41.77083234795258,3.570181857372508,0.7367,2.837270736694336,0
40.114269012357234,-114.8990164153074,21.43368492126467,14.074726478917714,11.342569728151984,0.3191,11.536865234375,0
38.38950366684775,-116.38123663410461,21.81063804626467,18.758379078516782,13.83610202643115,0.1579,6.808165073394775,0
35.74845673153636,-117.62091172618955,27.46908531188967,23.386660464140046,10.225423314004026,0.06925,0.045992184430360794,0
41.27309572887142,-123.09165180647744,19.409108098347986,37.7827641411362,1.7454019262522649,0.7632800000000001,9.592281341552734,0
32.75706683541835,-115.76139908806215,32.88526369730636,21.32651042754315,1.4805893029569657,0.3044,0.27739521861076355,0
40.222066846451575,-123.36114639171329,20.271412785847986,43.65609154763968,1.2776490927939859,0.5625,3.798673629760742,0
36.6108394042911,-119.69602003250564,28.688974634806357,34.21395634100063,7.291234317932344,0.38230000000000003,0.07781766355037689,0
34.34708488830991,-114.84511749826024,31.057301457722986,15.696805239620847,10.397987688686797,0.124,3.3811259269714355,0
36.260496443484485,-118.75278898418014,22.088632837931357,32.64746962897865,0.639512284980231,0.528975,9.230002403259277,0
41.4886913970601,-123.38809585023688,19.086598332722986,38.597383353803686,1.3866792771093965,0.5819,6.7749505043029785,1
41.54259031410727,-123.41504530876047,19.086598332722986,38.597383353803686,1.3866792771093965,0.5642,5.862277507781982,1
41.46174193853652,-121.90587563143967,18.380055363972986,36.026663011716174,4.172405203860102,0.5109,3.841174602508545,1
39.9795217197393,-120.74704891492549,16.825449244181357,37.982252566793605,5.369146825238776,0.3793,3.480940580368042,1
40.65325818282895,-123.09165180647744,21.871754582722986,38.48469392194772,2.471742053718926,0.44260000000000005,10.802889823913574,1
38.57814987651285,-120.58535216378398,20.510426457722986,43.73140973930351,2.7238787760933882,0.6831,1.0155491828918457,1
36.314395360531655,-118.51024385746788,18.74130210876467,30.44652474283317,3.581139863386899,0.39430000000000004,5.446619987487793,1
38.712897169130784,-120.18111028593019,15.603118515014671,46.93059476716936,5.5583609077800995,0.42385,4.012709617614746,1
38.605099335036435,-120.26195866150094,17.39047203063967,45.11069167608282,4.6100578255825075,0.49355000000000004,5.492336273193359,1
40.81495493397046,-123.41504530876047,20.212656275431357,44.735017524232596,1.5164699314899424,0.56488,10.041269302368164,1
39.79087551007421,-122.06757238258119,25.06649742126467,34.57684933878313,7.634584479677768,0.5599000000000001,0.1515876203775406,1
36.314395360531655,-118.56414277451505,15.373870468139671,35.696539184725864,2.1436334534954273,0.4355,7.524865627288818,1
38.712897169130784,-120.1541608274066,15.603118515014671,46.93059476716936,5.5583609077800995,0.44586666666666674,2.555027961730957,1
40.841904392494044,-123.28029801614254,20.428232447306357,41.88465871815512,1.7057214842217527,0.62855,1.815224289894104,1
36.28744590200807,-118.4832943989443,18.74130210876467,30.44652474283317,3.581139863386899,0.40135000000000004,14.627260208129883,1
40.00647117826289,-120.63925108083114,16.344166692097986,38.0064406942021,5.827078378555958,0.4132,10.12468433380127,1
40.49156143168744,-121.4746842950623,15.880299504597986,31.655124390516924,4.635154782324341,0.1736,6.865543365478516,1
41.030550602159146,-123.14555072352461,17.477467473347986,37.6031583730869,1.6923029371987368,0.5171,7.686534404754639,1
40.841904392494044,-123.25334855761895,20.428232447306357,41.88465871815512,1.7057214842217527,0.62855,7.393341064453125,1
40.302915222022335,-122.84910667976517,24.365406926472986,32.59571154913969,5.1691198027461285,0.44930000000000003,7.842798709869385,1
40.49156143168744,-121.33993700244437,15.419850285847986,32.56303474794897,5.47393258714942,0.3104,1.1076478958129883,1
38.685947710607195,-120.20805974445378,15.603118515014671,46.93059476716936,5.5583609077800995,0.3236,1.2768117189407349,1
38.57814987651285,-120.34280703707171,17.39047203063967,45.11069167608282,4.6100578255825075,0.661,2.252743721008301,1
40.54546034873461,-123.09165180647744,20.63461265563967,37.91487727818095,2.5796227396174856,0.5713,5.126542091369629,1
41.54259031410727,-123.30724747466613,17.362721379597986,38.466316445815465,1.4210818393259232,0.46790000000000004,6.6743011474609375,1
35.640658897442016,-118.53719331599146,24.39926109313967,31.342981770481565,3.661611288524393,0.3924,10.837677955627441,1
41.54259031410727,-123.44199476728406,19.086598332722986,38.597383353803686,1.3866792771093965,0.5642,6.7361860275268555,1
40.54546034873461,-123.14555072352461,20.63461265563967,37.91487727818095,2.5796227396174856,0.5265500000000001,8.249441146850586,1
35.640658897442016,-118.56414277451505,23.402272160847986,33.03161671266755,3.1563935826020506,0.3924,4.477819442749023,1
38.712897169130784,-120.23500920297737,15.603118515014671,46.93059476716936,5.5583609077800995,0.4086666666666667,4.998106956481934,1
38.57814987651285,-120.01941353478867,14.32481409708663,36.45121137063625,6.497493957049928,0.4375,6.034519672393799,0
33.53860113260234,-115.89614638068007,35.68589808146163,20.922949044512013,2.7062054314198645,0.07415000000000001,2.5319039821624756,0
32.541471167229666,-114.62952183007154,36.31456019083663,22.157489685996318,3.105185095939031,0.317,0.03369886428117752,0
33.02656142065421,-115.59970233692063,36.15928675333663,16.00043711874871,4.5823626236700585,0.4703,0.14035730063915253,0
34.805225683210864,-114.19833049369417,35.40586878458663,15.13824163068491,6.13849025592192,0.139,1.7933974266052246,0
41.865983816390305,-116.56988284376972,21.44981409708663,14.410694887658657,11.792410319781421,0.19255,1.5481092929840088,0
35.37116431220616,-116.51598392672254,29.708928680419945,14.144690589661431,8.436023136909734,0.10020000000000001,2.005422592163086,0
40.976651685111975,-118.91448573532166,22.155217742919945,20.265948483154755,10.501748845754122,0.09165000000000001,0.7298752665519714,0
37.958312330470385,-115.16851100054326,24.06423467000326,11.992363400994432,13.676590286171699,0.1466,3.288766860961914,0
36.422193194626004,-114.49477453745362,33.53957646687826,14.15074760109552,6.933963860850139,0.14265,2.0392873287200928,0
35.82930510710712,-114.3330777863121,30.883733367919945,14.254344276390116,10.993675666818714,0.1759,3.9987754821777344,0
38.20085745718265,-119.10313194498676,15.451848602294945,26.778801191590993,8.646343030027742,0.25520000000000004,3.720139503479004,0
40.94970222658839,-117.62091172618955,21.367620086669945,16.19268691800854,8.117485288094993,0.2164,6.7907304763793945,0
40.7341065583997,-114.27917886926494,23.325627899169945,10.662268770740546,9.147774082776708,0.27926666666666666,0.8840309381484985,0
41.4886913970601,-120.26195866150094,17.38430302937826,26.92952146067931,7.109660615289262,0.4086,1.2870073318481445,0
40.06037009531006,-116.83937742900557,21.95274378458663,14.152512762679589,8.000989107211604,0.2748,5.301489353179932,0
34.185388137168395,-119.10313194498676,20.47317021687826,73.36636380010042,6.542051037609422,0.44260000000000005,0.0937449261546135,0
37.095929657715644,-120.85484674901983,24.46438115437826,47.247448750146745,6.667199657809416,0.3513,0.07470320165157318,0
39.17103796403174,-122.63351101157649,22.15367151896163,33.53108518435258,1.696140153370264,0.5132,3.4987528324127197,0
38.79374554470154,-116.0039442147744,21.955998992919945,12.148615000537726,13.824619544766366,0.116425,1.4127941131591797,0
39.27883579812608,-120.96264458311417,21.55642217000326,37.45151907131679,3.412023168670139,0.7367,2.837270736694336,0
40.114269012357234,-114.8990164153074,21.09092737833663,11.34433614477922,10.147444093188922,0.3191,11.536865234375,0
38.38950366684775,-116.38123663410461,22.06871058146163,12.959919427942483,12.213233051010432,0.1579,6.808165073394775,0
35.74845673153636,-117.62091172618955,29.07505823771163,16.038788662259226,9.15603770769573,0.06925,0.045992184430360794,0
41.27309572887142,-123.09165180647744,18.43931605021163,37.411359513365895,2.5238732509938706,0.7632800000000001,9.592281341552734,0
32.75706683541835,-115.76139908806215,35.60940068562826,16.22863236135956,4.731469938646801,0.3044,0.27739521861076355,0
40.222066846451575,-123.36114639171329,19.722356414794945,39.959717986332414,2.0602142291653,0.5625,3.798673629760742,0
36.6108394042911,-119.69602003250564,28.692815399169945,35.373823726693196,7.787873952500275,0.38230000000000003,0.07781766355037689,0
34.34708488830991,-114.84511749826024,33.692815399169945,11.349441464612248,6.164598803769874,0.124,3.3811259269714355,0
36.260496443484485,-118.75278898418014,22.76980107625326,22.66744233879388,0.7358963071790287,0.528975,9.230002403259277,0
41.19224735330066,-122.90300559681233,16.63999964396163,34.78595030914087,2.7052393010735183,0.373,1.4754725694656372,1
41.54259031410727,-123.41504530876047,17.86941045125326,38.63591445032565,1.8380518821879415,0.5642,5.862277507781982,1
41.46174193853652,-121.90587563143967,18.06960576375326,31.811153036767355,5.204146432012186,0.5109,3.841174602508545,1
39.9795217197393,-120.74704891492549,17.00857060750326,37.45586197325349,5.180258871229006,0.3793,3.480940580368042,1
38.57814987651285,-120.58535216378398,20.97805302937826,40.23374004138117,2.614788580717835,0.6831,1.0155491828918457,1
40.356814139069506,-122.90300559681233,22.14195276896163,29.44058221300898,2.3328914931656777,0.5021,2.5330581665039062,1
36.314395360531655,-118.51024385746788,19.996770477294945,17.944531933342862,4.188331794950931,0.39430000000000004,5.446619987487793,1
38.712897169130784,-120.18111028593019,15.906438446044945,40.03727185082101,5.670846043227468,0.42385,4.012709617614746,1
38.605099335036435,-120.26195866150094,17.69810511271163,39.01531808162096,4.807151474620877,0.49355000000000004,5.492336273193359,1
38.79374554470154,-120.18111028593019,15.81089808146163,40.91163107573795,5.717512574137112,0.43660000000000004,7.393148422241211,1
40.356814139069506,-122.87605613828876,22.14195276896163,29.44058221300898,2.3328914931656777,0.5021,4.99500036239624,1
38.712897169130784,-120.1541608274066,15.906438446044945,40.03727185082101,5.670846043227468,0.44586666666666674,2.555027961730957,1
38.739846627654366,-120.31585757854812,17.51353480021163,40.71390654362821,5.0175356513105775,0.51915,6.4774088859558105,1
40.841904392494044,-123.28029801614254,19.37461878458663,42.17755936651861,1.2944512502391445,0.62855,1.815224289894104,1
40.62630872430536,-121.2860380853972,15.816106414794945,36.07693943900262,6.038121792677904,0.46206666666666674,1.4935930967330933,1
36.28744590200807,-118.4832943989443,19.996770477294945,17.944531933342862,4.188331794950931,0.40135000000000004,14.627260208129883,1
40.00647117826289,-120.63925108083114,16.483098602294945,36.9706693315152,5.602793776199218,0.4132,10.12468433380127,1
41.030550602159146,-123.14555072352461,16.68882776896163,36.69927974224491,1.3871529988130218,0.5171,7.686534404754639,1
40.841904392494044,-123.25334855761895,19.37461878458663,42.17755936651861,1.2944512502391445,0.62855,7.393341064453125,1
38.79374554470154,-120.20805974445378,15.81089808146163,40.91163107573795,5.717512574137112,0.43660000000000004,6.898604869842529,1
40.08731955383365,-120.74704891492549,17.06545537312826,35.60718672277367,5.277937913526705,0.39990000000000003,5.670112609863281,1
40.302915222022335,-122.84910667976517,24.70412724812826,25.899429254131263,3.22924826620515,0.44930000000000003,7.842798709869385,1
40.49156143168744,-121.33993700244437,15.228297170003259,37.32959271048614,5.67499283375065,0.3104,1.1076478958129883,1
38.685947710607195,-120.20805974445378,15.906438446044945,40.03727185082101,5.670846043227468,0.3236,1.2768117189407349,1
40.32986468054592,-121.44773483653871,18.24082972208663,37.25405177970108,4.734786587973687,0.5174,3.37296724319458,1
38.712897169130784,-120.34280703707171,17.51353480021163,40.71390654362821,5.0175356513105775,0.46130000000000004,2.8152809143066406,1
35.640658897442016,-118.53719331599146,25.564397430419945,24.477455630046187,4.116400907896187,0.3924,10.837677955627441,1
41.54259031410727,-123.44199476728406,17.86941045125326,38.63591445032565,1.8380518821879415,0.5642,6.7361860275268555,1
40.54546034873461,-123.14555072352461,20.14675420125326,35.067440536537035,1.0674575643314905,0.5265500000000001,8.249441146850586,1
35.640658897442016,-118.56414277451505,24.41921513875326,25.603281692152713,3.442333918908242,0.3924,4.477819442749023,1
38.57814987651285,-120.01941353478867,14.802124277750693,30.466623069281223,3.097222918749767,0.4375,6.034519672393799,0
33.53860113260234,-115.89614638068007,37.06278508504232,22.694817139368954,6.321019505531576,0.07415000000000001,2.5319039821624756,0
32.541471167229666,-114.62952183007154,38.34606959025069,17.07774259965605,10.064725537195097,0.317,0.03369886428117752,0
33.02656142065421,-115.59970233692063,38.03299992879232,18.70187416132401,7.9123376168309605,0.4703,0.14035730063915253,0
34.805225683210864,-114.19833049369417,36.71838404337569,15.981901996321623,2.718725658698806,0.139,1.7933974266052246,0
41.865983816390305,-116.56988284376972,20.33524602254232,15.971160186937919,8.132401323333223,0.19255,1.5481092929840088,0
35.37116431220616,-116.51598392672254,30.47953313191732,13.120866894992684,10.03346703124778,0.10020000000000001,2.005422592163086,0
40.976651685111975,-118.91448573532166,22.77494328816732,17.28939363382355,6.649689025126172,0.09165000000000001,0.7298752665519714,0
37.958312330470385,-115.16851100054326,24.70780461629232,17.844298575349573,8.948835155054095,0.1466,3.288766860961914,0
36.422193194626004,-114.49477453745362,34.86625188191732,16.286657168267517,7.019268756449262,0.14265,2.0392873287200928,0
35.82930510710712,-114.3330777863121,31.773071543375693,16.385672585900593,7.604592668005609,0.1759,3.9987754821777344,0
38.20085745718265,-119.10313194498676,16.14139836629232,28.31938275348536,3.574747155464284,0.25520000000000004,3.720139503479004,0
40.94970222658839,-117.62091172618955,20.834432220459007,15.495534988041165,6.470761872403342,0.2164,6.7907304763793945,0
40.7341065583997,-114.27917886926494,21.729451751709007,10.530548214234585,6.080288250992555,0.27926666666666666,0.8840309381484985,0
41.4886913970601,-120.26195866150094,17.43607610066732,27.98119083997871,5.8784412579908025,0.4086,1.2870073318481445,0
40.06037009531006,-116.83937742900557,21.32865422566732,12.385124090174756,6.897738566734771,0.2748,5.301489353179932,0
34.185388137168395,-119.10313194498676,23.050496673584007,67.20852118754328,4.809675970288987,0.44260000000000005,0.0937449261546135,0
37.095929657715644,-120.85484674901983,24.964477793375693,37.26665355705905,6.062817130579072,0.3513,0.07470320165157318,0
39.17103796403174,-122.63351101157649,24.07352727254232,26.752051020024687,1.4371613532669312,0.5132,3.4987528324127197,0
38.79374554470154,-116.0039442147744,21.74222844441732,10.637292054490107,3.315615441135826,0.116425,1.4127941131591797,0
39.27883579812608,-120.96264458311417,21.79935735066732,27.13320407807847,0.3112191614607842,0.7367,2.837270736694336,0
40.114269012357234,-114.8990164153074,20.402303314209007,11.429114115122221,5.039570882612357,0.3191,11.536865234375,0
38.38950366684775,-116.38123663410461,22.78812688191732,11.613705187761397,2.1779924119380474,0.1579,6.808165073394775,0
35.74845673153636,-117.62091172618955,27.84354680379232,14.72898958567238,7.084690497246533,0.06925,0.045992184430360794,0
41.27309572887142,-123.09165180647744,18.540405527750693,33.2872943988972,3.1382933280843597,0.7632800000000001,9.592281341552734,0
32.75706683541835,-115.76139908806215,36.91174341837569,19.047410420699425,6.704472427081155,0.3044,0.27739521861076355,0
40.222066846451575,-123.36114639171329,19.98099797566732,32.180253438274136,4.778688130333358,0.5625,3.798673629760742,0
36.6108394042911,-119.69602003250564,29.174520111084007,28.27093322275226,9.155546070162012,0.38230000000000003,0.07781766355037689,0
34.34708488830991,-114.84511749826024,34.68965682983401,14.665388601950601,6.574917067963168,0.124,3.3811259269714355,0
36.260496443484485,-118.75278898418014,22.57548039754232,18.295304659153857,0.7126722987773545,0.528975,9.230002403259277,0
41.56953977263086,-123.28029801614254,16.19779485066732,38.389852054853556,2.6364911534399353,0.5502,2.6621105670928955,1
41.030550602159146,-122.82215722124158,19.198120371500693,32.615483670271885,2.653280628679611,0.5019,4.335826396942139,1
41.56953977263086,-123.22639909909536,14.991333262125693,36.986872631728545,2.7414753831426832,0.5990500000000001,6.0746965408325195,1
38.03916070604114,-120.39670595411887,23.104370371500693,36.263507000649156,2.9578620608360455,0.56755,1.4173442125320435,1
41.4886913970601,-123.38809585023688,18.296102142334007,38.96368627857728,2.283744535811176,0.5819,6.7749505043029785,1
41.46174193853652,-121.90587563143967,17.959106699625693,32.16405644970214,3.680131474098393,0.5109,3.841174602508545,1
41.51564085558369,-123.33419693318972,16.638305918375693,37.607458709861874,2.3841788781405597,0.4258,4.016928672790527,1
39.9795217197393,-120.74704891492549,18.211059824625693,24.40019130384796,2.296641666226541,0.3793,3.480940580368042,1
36.314395360531655,-118.51024385746788,19.64237492879232,14.195916629094285,2.011939908877836,0.39430000000000004,5.446619987487793,1
38.605099335036435,-120.26195866150094,18.13944524129232,29.398041690983064,1.2398415590901841,0.49355000000000004,5.492336273193359,1
40.62630872430536,-121.31298754392078,17.13846867879232,32.22848525275065,3.340555463306008,0.45306666666666673,1.595992088317871,1
38.79374554470154,-120.18111028593019,16.102986907959007,32.91834339324095,2.0259390445679957,0.43660000000000004,7.393148422241211,1
38.685947710607195,-120.10026191035944,14.822225189209007,31.61852133474038,2.635218249561094,0.2802,4.123617172241211,1
38.712897169130784,-120.1541608274066,16.265991465250693,31.70849035091066,1.9741478854974184,0.44586666666666674,2.555027961730957,1
38.739846627654366,-120.31585757854812,18.103719329834007,30.777486175733493,1.4155231972874065,0.51915,6.4774088859558105,1
37.257626408857156,-116.2195398829631,22.70585149129232,16.610848648320324,7.911350290229163,0.2979,2.645991563796997,1
40.841904392494044,-123.28029801614254,19.543579355875693,35.91056310135465,3.3269708388641486,0.62855,1.815224289894104,1
40.62630872430536,-121.2860380853972,17.13846867879232,32.22848525275065,3.340555463306008,0.46206666666666674,1.4935930967330933,1
36.28744590200807,-118.4832943989443,19.64237492879232,14.195916629094285,2.011939908877836,0.40135000000000004,14.627260208129883,1
40.00647117826289,-120.63925108083114,17.484822845459007,24.28296074160293,2.682830091954853,0.4132,10.12468433380127,1
41.030550602159146,-123.14555072352461,16.860799407959007,30.90730009191432,3.4570041669968696,0.5171,7.686534404754639,1
40.841904392494044,-123.25334855761895,19.543579355875693,35.91056310135465,3.3269708388641486,0.62855,7.393341064453125,1
38.79374554470154,-120.20805974445378,16.102986907959007,32.91834339324095,2.0259390445679957,0.43660000000000004,6.898604869842529,1
40.49156143168744,-121.33993700244437,16.508992767334007,32.95175839735607,3.1272304791190573,0.3104,1.1076478958129883,1
38.685947710607195,-120.20805974445378,16.265991465250693,31.70849035091066,1.9741478854974184,0.3236,1.2768117189407349,1
40.54546034873461,-123.09165180647744,19.962850189209007,28.909275756070308,3.553545271382859,0.5713,5.126542091369629,1
41.56953977263086,-123.19944964057179,14.991333262125693,36.986872631728545,2.7414753831426832,0.5990500000000001,8.074540138244629,1
37.257626408857156,-116.24648934148668,22.70585149129232,16.610848648320324,7.911350290229163,0.2979,3.376596212387085,1
35.640658897442016,-118.53719331599146,25.43143742879232,20.107562718135473,4.478405753821627,0.3924,10.837677955627441,1
40.81495493397046,-123.30724747466613,19.543579355875693,35.91056310135465,3.3269708388641486,0.6505500000000001,6.442965030670166,1
38.57814987651285,-120.01941353478867,17.23892173767092,24.13049893162058,1.8035034261704763,0.4375,6.034519672393799,0
33.53860113260234,-115.89614638068007,37.89850832621261,21.19158620416221,5.060685021695407,0.07415000000000001,2.5319039821624756,0
32.541471167229666,-114.62952183007154,38.52863527933761,15.414075308422118,3.892067475856467,0.317,0.03369886428117752,0
33.02656142065421,-115.59970233692063,38.78774986267092,14.571935042223563,5.74465902077419,0.4703,0.14035730063915253,0
34.805225683210864,-114.19833049369417,36.816883977254236,16.434119482410704,2.3964221681602598,0.139,1.7933974266052246,0
41.865983816390305,-116.56988284376972,20.177072779337607,24.906753192215387,7.624737839675222,0.19255,1.5481092929840088,0
35.37116431220616,-116.51598392672254,30.593332544962607,8.18223501441592,6.158783597965007,0.10020000000000001,2.005422592163086,0
40.976651685111975,-118.91448573532166,23.232492701212607,20.811575919846597,3.295523945472023,0.09165000000000001,0.7298752665519714,0
37.958312330470385,-115.16851100054326,24.839100774129236,9.837713421865116,4.121465323383454,0.1466,3.288766860961914,0
36.422193194626004,-114.49477453745362,33.775868352254236,10.434781938968108,3.14335862835159,0.14265,2.0392873287200928,0
35.82930510710712,-114.3330777863121,31.468007024129236,10.421728525876626,3.7137394439868143,0.1759,3.9987754821777344,0
38.20085745718265,-119.10313194498676,19.973133977254236,21.372592148393807,1.034758406024413,0.25520000000000004,3.720139503479004,0
40.94970222658839,-117.62091172618955,21.05264244079592,17.20122686999422,4.446418208418918,0.2164,6.7907304763793945,0
40.7341065583997,-114.27917886926494,21.978749211629236,11.990167930540226,5.2905668867294535,0.27926666666666666,0.8840309381484985,0
41.4886913970601,-120.26195866150094,18.251535669962607,32.097503858761705,4.6282804038623615,0.4086,1.2870073318481445,0
40.06037009531006,-116.83937742900557,21.71816978454592,14.476963444004621,5.209240708578915,0.2748,5.301489353179932,0
34.185388137168395,-119.10313194498676,22.84146080017092,67.12406687983,2.823268295281712,0.44260000000000005,0.0937449261546135,0
37.095929657715644,-120.85484674901983,26.630930201212607,35.3154032730515,4.62356902055007,0.3513,0.07470320165157318,0
39.17103796403174,-122.63351101157649,26.536936060587607,22.875973377752658,3.0559568774158397,0.5132,3.4987528324127197,0
38.79374554470154,-116.0039442147744,22.39150962829592,10.13723720000892,3.1100419010455647,0.116425,1.4127941131591797,0
39.27883579812608,-120.96264458311417,24.049875513712607,24.23788842749231,1.6051741360232323,0.7367,2.837270736694336,0
40.114269012357234,-114.8990164153074,20.109445826212607,13.474129131278396,6.467925241112049,0.3191,11.536865234375,0
38.38950366684775,-116.38123663410461,23.419667180379236,9.10177595745187,4.00980838857585,0.1579,6.808165073394775,0
35.74845673153636,-117.62091172618955,29.71231040954592,9.824833192176335,5.052453487989354,0.06925,0.045992184430360794,0
41.27309572887142,-123.09165180647744,19.119699732462607,39.14415798602032,4.349268137530303,0.7632800000000001,9.592281341552734,0
32.75706683541835,-115.76139908806215,37.83145103454592,13.16844708787741,3.861415023977002,0.3044,0.27739521861076355,0
40.222066846451575,-123.36114639171329,21.523915227254236,41.184274587490556,5.588617550959427,0.5625,3.798673629760742,0
36.6108394042911,-119.69602003250564,29.505441919962607,23.136550267904397,6.953618158790517,0.38230000000000003,0.07781766355037689,0
34.34708488830991,-114.84511749826024,35.15436770121261,11.559778252524215,6.008061111057843,0.124,3.3811259269714355,0
36.260496443484485,-118.75278898418014,23.282704289754236,22.78398954501643,1.0873382821696396,0.528975,9.230002403259277,0
41.56953977263086,-123.28029801614254,17.81094322204592,43.014866672606075,3.6744479606549163,0.5502,2.6621105670928955,1
41.030550602159146,-122.82215722124158,20.935048039754236,32.89593685922148,5.146528038948547,0.5019,4.335826396942139,1
41.19224735330066,-122.90300559681233,18.154367701212607,35.227461279901426,5.151388549733297,0.373,1.4754725694656372,1
41.54259031410727,-123.41504530876047,19.522938664754236,42.70399859203229,3.2809676067380216,0.5642,5.862277507781982,1
41.46174193853652,-121.90587563143967,18.357655461629236,33.98222757523096,5.2533843628495385,0.5109,3.841174602508545,1
39.9795217197393,-120.74704891492549,20.357167180379236,27.3960391885003,0.7908049019687526,0.3793,3.480940580368042,1
36.314395360531655,-118.51024385746788,20.37686119079592,17.257286471456712,0.40197395630699984,0.39430000000000004,5.446619987487793,1
38.605099335036435,-120.26195866150094,20.033518091837607,24.471722778886484,0.6062512774776894,0.49355000000000004,5.492336273193359,1
38.79374554470154,-120.18111028593019,18.28311119079592,30.466612788189902,0.8230819130328819,0.43660000000000004,7.393148422241211,1
38.739846627654366,-120.31585757854812,20.065500513712607,26.80057524377918,0.6222685528086125,0.51915,6.4774088859558105,1
36.28744590200807,-118.4832943989443,20.37686119079592,17.257286471456712,0.40197395630699984,0.40135000000000004,14.627260208129883,1
40.00647117826289,-120.63925108083114,19.964589055379236,26.839005917373292,0.6137267249772256,0.4132,10.12468433380127,1
41.030550602159146,-123.14555072352461,18.405832544962607,35.428131821990966,4.096474022703102,0.5171,7.686534404754639,1
40.57240980725819,-123.19944964057179,20.632883326212607,42.291067780467166,4.021815327635626,0.456,6.28930139541626,1
38.79374554470154,-120.20805974445378,18.28311119079592,30.466612788189902,0.8230819130328819,0.43660000000000004,6.898604869842529,1
38.685947710607195,-120.20805974445378,18.340809758504236,27.549470671257687,0.8770216160565482,0.3236,1.2768117189407349,1
40.54546034873461,-123.09165180647744,21.21768150329592,37.648923072140235,3.8565634734890355,0.5713,5.126542091369629,1
38.685947710607195,-120.61230162230756,23.360096867879236,24.830924519479936,1.478604340688518,0.6045,2.0280964374542236,1
35.640658897442016,-118.53719331599146,25.70986900329592,18.508324528026076,2.0259468612780815,0.3924,10.837677955627441,1
41.54259031410727,-123.44199476728406,19.522938664754236,42.70399859203229,3.2809676067380216,0.5642,6.7361860275268555,1
38.766796086177955,-120.12721136888302,16.520985539754236,31.58158797286313,1.3522404574625178,0.3835,5.334134101867676,1
41.084449519206316,-122.7682583041944,19.761789576212607,33.28100709616417,5.39122979422507,0.3774,11.676674842834473,1
40.54546034873461,-123.14555072352461,21.21768150329592,37.648923072140235,3.8565634734890355,0.5265500000000001,8.249441146850586,1
35.640658897442016,-118.56414277451505,24.693186060587607,20.454255264570513,1.3671430161358635,0.3924,4.477819442749023,1
38.739846627654366,-120.36975649559528,21.23941001892092,26.219653771013885,0.8413391964224708,0.5075000000000001,6.266745567321777,1
41.43479248001293,-121.87892617291608,19.673329289754236,31.554575413940434,4.905329023333354,0.51385,0.526878833770752,1
38.766796086177955,-120.10026191035944,16.520985539754236,31.58158797286313,1.3522404574625178,0.3835,8.243638038635254,1
38.632048793560024,-120.31585757854812,20.033518091837607,24.471722778886484,0.6062512774776894,0.49355000000000004,4.476980686187744,1
38.685947710607195,-120.18111028593019,18.340809758504236,27.549470671257687,0.8770216160565482,0.3236,3.097801923751831,1
41.43479248001293,-121.85197671439249,19.673329289754236,31.554575413940434,4.905329023333354,0.5109,0.38898441195487976,1
38.57814987651285,-120.01941353478867,18.153035736084007,23.99535987165262,1.266781362571132,0.4375,6.034519672393799,0
33.53860113260234,-115.89614638068007,37.41223169962569,22.34013559854869,1.450265360858403,0.07415000000000001,2.5319039821624756,0
32.541471167229666,-114.62952183007154,36.93094914754232,30.252585766612434,13.130150380770768,0.317,0.03369886428117752,0
33.02656142065421,-115.59970233692063,38.07377141316732,19.406817652939143,3.281460973549186,0.4703,0.14035730063915253,0
34.805225683210864,-114.19833049369417,36.57051620483401,15.255069224097396,6.542517298638119,0.139,1.7933974266052246,0
41.865983816390305,-116.56988284376972,19.04130071004232,24.34375731925876,6.8201744177106205,0.19255,1.5481092929840088,0
35.37116431220616,-116.51598392672254,32.10917180379232,11.207643796769192,5.216323485039426,0.10020000000000001,2.005422592163086,0
40.976651685111975,-118.91448573532166,23.05033391316732,17.023345559945945,6.414554007413189,0.09165000000000001,0.7298752665519714,0
37.958312330470385,-115.16851100054326,25.793416595459007,7.269054847076144,6.1952340710332585,0.1466,3.288766860961914,0
36.422193194626004,-114.49477453745362,34.89799016316732,17.266817659855842,2.9561889700986703,0.14265,2.0392873287200928,0
35.82930510710712,-114.3330777863121,32.02258326212569,13.04105195783462,8.021977035924827,0.1759,3.9987754821777344,0
38.20085745718265,-119.10313194498676,20.68339055379232,18.426867264720883,2.2317017866715827,0.25520000000000004,3.720139503479004,0
40.94970222658839,-117.62091172618955,20.95121281941732,17.047440365647525,4.412313700048711,0.2164,6.7907304763793945,0
40.7341065583997,-114.27917886926494,20.605102793375693,19.55754605202304,3.198326048626627,0.27926666666666666,0.8840309381484985,0
41.4886913970601,-120.26195866150094,18.725708262125693,26.921049377815226,4.943385076222417,0.4086,1.2870073318481445,0
40.06037009531006,-116.83937742900557,22.33280461629232,17.020249738373845,5.467344634516246,0.2748,5.301489353179932,0
34.185388137168395,-119.10313194498676,23.32889836629232,68.72142990723393,3.4524881408767074,0.44260000000000005,0.0937449261546135,0
37.095929657715644,-120.85484674901983,29.551473236084007,32.0244792587864,2.791689917113937,0.3513,0.07470320165157318,0
39.17103796403174,-122.63351101157649,28.188354746500693,17.819777450000434,2.3483175157553546,0.5132,3.4987528324127197,0
38.79374554470154,-116.0039442147744,23.37601750691732,11.975407568009286,2.0580139055983153,0.116425,1.4127941131591797,0
39.27883579812608,-120.96264458311417,25.744344329834007,24.11743908148072,1.243196488749454,0.7367,2.837270736694336,0
40.114269012357234,-114.8990164153074,19.857055918375693,19.01965145940707,3.1179939423666463,0.3191,11.536865234375,0
38.38950366684775,-116.38123663410461,24.342895762125693,10.412409053585241,2.490956321865552,0.1579,6.808165073394775,0
35.74845673153636,-117.62091172618955,30.99711125691732,11.370097195922407,5.248797106439187,0.06925,0.045992184430360794,0
41.27309572887142,-123.09165180647744,21.386190032959007,30.053418368786826,4.14161780962787,0.7632800000000001,9.592281341552734,0
32.75706683541835,-115.76139908806215,36.99686711629232,16.628530574081683,3.1427709548090856,0.3044,0.27739521861076355,0
40.222066846451575,-123.36114639171329,24.63627141316732,29.113746306090665,3.2577144446484905,0.5625,3.798673629760742,0
36.6108394042911,-119.69602003250564,31.113484954834007,20.804713443222088,5.054191197774187,0.38230000000000003,0.07781766355037689,0
34.34708488830991,-114.84511749826024,35.20202662150069,15.349044080777524,7.458445845574231,0.124,3.3811259269714355,0
36.260496443484485,-118.75278898418014,24.738240814209007,17.529372773398126,2.0407777149814432,0.528975,9.230002403259277,0
41.56953977263086,-123.28029801614254,19.953572845459007,32.121020344016145,4.6947871789835105,0.5502,2.6621105670928955,1
41.030550602159146,-122.82215722124158,22.86649602254232,24.601478247617166,4.273222037369919,0.5019,4.335826396942139,1
41.4886913970601,-123.38809585023688,22.255981699625693,29.722156459814897,4.528062629302055,0.5819,6.7749505043029785,1
41.54259031410727,-123.41504530876047,22.255981699625693,29.722156459814897,4.528062629302055,0.5642,5.862277507781982,1
41.46174193853652,-121.90587563143967,20.46732610066732,28.333552646346575,3.7001601043241,0.5109,3.841174602508545,1
39.9795217197393,-120.74704891492549,21.52982610066732,26.75239216551851,3.3801659463732383,0.3793,3.480940580368042,1
41.165297894777076,-122.9838539723831,20.494100189209007,27.68666816574619,3.9843476908159463,0.41150000000000003,4.805819988250732,1
36.314395360531655,-118.51024385746788,21.179565684000693,18.339154092536596,0.8064543741452069,0.39430000000000004,5.446619987487793,1
38.605099335036435,-120.26195866150094,21.815796152750693,23.102016869621252,1.178255940373148,0.49355000000000004,5.492336273193359,1
38.79374554470154,-120.18111028593019,19.95243352254232,28.69791927349346,1.3337973328689419,0.43660000000000004,7.393148422241211,1
38.685947710607195,-120.10026191035944,18.420776621500693,26.041629749550122,1.25777164618349,0.2802,4.123617172241211,1
38.712897169130784,-120.1541608274066,20.064412689209007,25.833246384972625,1.2210268763374303,0.44586666666666674,2.555027961730957,1
38.739846627654366,-120.31585757854812,21.872436777750693,25.320088943131903,1.205394141847608,0.51915,6.4774088859558105,1
40.841904392494044,-123.28029801614254,24.26468938191732,28.98467306429832,0.9528528274227429,0.62855,1.815224289894104,1
36.28744590200807,-118.4832943989443,21.179565684000693,18.339154092536596,0.8064543741452069,0.40135000000000004,14.627260208129883,1
40.00647117826289,-120.63925108083114,20.999634043375693,26.088337980298814,3.7493068348257346,0.4132,10.12468433380127,1
40.59935926578178,-121.20518970982644,20.296753184000693,21.759516835182993,4.537950737028763,0.6123000000000001,3.3851125240325928,1
38.658998252083606,-120.66620053935473,26.68339055379232,22.78076046157521,1.080132001297152,0.6579,1.5726004838943481,1
41.030550602159146,-123.14555072352461,20.986694590250693,24.08441312613095,3.0543641061725544,0.5171,7.686534404754639,1
40.841904392494044,-123.25334855761895,24.26468938191732,28.98467306429832,0.9528528274227429,0.62855,7.393341064453125,1
38.79374554470154,-120.20805974445378,19.95243352254232,28.69791927349346,1.3337973328689419,0.43660000000000004,6.898604869842529,1
35.640658897442016,-118.53719331599146,27.57572453816732,15.731370667439004,1.3462200725991986,0.3924,10.837677955627441,1
41.54259031410727,-123.44199476728406,22.255981699625693,29.722156459814897,4.528062629302055,0.5642,6.7361860275268555,1
38.766796086177955,-120.12721136888302,17.951294199625693,29.238426250481837,1.3893913574334007,0.3835,5.334134101867676,1
35.640658897442016,-118.56414277451505,26.09647649129232,16.432986210382108,0.7937999065618316,0.3924,4.477819442749023,1
38.739846627654366,-120.36975649559528,23.203816986084007,24.544717677692528,1.2237211088966782,0.5075000000000001,6.266745567321777,1
38.766796086177955,-120.10026191035944,17.951294199625693,29.238426250481837,1.3893913574334007,0.3835,8.243638038635254,1
39.95257226121572,-120.69314999787832,21.52982610066732,26.75239216551851,3.3801659463732383,0.32726666666666665,1.4641270637512207,1
38.632048793560024,-120.31585757854812,21.815796152750693,23.102016869621252,1.178255940373148,0.49355000000000004,4.476980686187744,1
38.658998252083606,-120.12721136888302,18.420776621500693,26.041629749550122,1.25777164618349,0.219,2.0222971439361572,1
38.57814987651285,-120.01941353478867,18.49866320292159,22.97824882166317,3.716930696899167,0.4375,6.034519672393799,0
33.53860113260234,-115.89614638068007,36.73246854146322,31.174166644642515,3.445003570443121,0.07415000000000001,2.5319039821624756,0
32.541471167229666,-114.62952183007154,35.57068468729659,34.373347564385426,4.284208490397304,0.317,0.03369886428117752,0
33.02656142065421,-115.59970233692063,37.056605911254906,28.273061659554553,4.599231023863228,0.4703,0.14035730063915253,0
34.805225683210864,-114.19833049369417,35.472621536254906,19.377081181611214,5.3096995054101415,0.139,1.7933974266052246,0
41.865983816390305,-116.56988284376972,20.950648880004906,20.342395528381346,3.1448069207336564,0.19255,1.5481092929840088,0
35.37116431220616,-116.51598392672254,32.69706815083822,14.595617894069099,5.0295972028136235,0.10020000000000001,2.005422592163086,0
40.976651685111975,-118.91448573532166,25.55725695292159,12.785406982779074,0.7543901912535355,0.09165000000000001,0.7298752665519714,0
37.958312330470385,-115.16851100054326,26.732875442504906,12.106333732788785,4.572847188347857,0.1466,3.288766860961914,0
36.422193194626004,-114.49477453745362,35.39392687479659,17.45141910812653,5.0174063742523405,0.14265,2.0392873287200928,0
35.82930510710712,-114.3330777863121,32.13245226542159,15.134633528518663,8.659891345417874,0.1759,3.9987754821777344,0
38.20085745718265,-119.10313194498676,20.62480252583822,24.247367946347424,4.307181044637414,0.25520000000000004,3.720139503479004,0
40.94970222658839,-117.62091172618955,22.98792101542159,13.682761830725262,1.4253146192041612,0.2164,6.7907304763793945,0
40.7341065583997,-114.27917886926494,21.00248807271322,22.12288782078609,2.720721490986831,0.27926666666666666,0.8840309381484985,0
41.4886913970601,-120.26195866150094,21.11235135396322,23.62175236935239,1.338330667180049,0.4086,1.2870073318481445,0
40.06037009531006,-116.83937742900557,24.54334093729659,12.004097362016276,2.905210605798506,0.2748,5.301489353179932,0
34.185388137168395,-119.10313194498676,21.808559036254906,72.33888461497132,6.641672892182505,0.44260000000000005,0.0937449261546135,0
37.095929657715644,-120.85484674901983,29.84070421854659,34.242802938326726,5.252091832933716,0.3513,0.07470320165157318,0
39.17103796403174,-122.63351101157649,28.55310656229659,21.157095935834626,1.6937160847878316,0.5132,3.4987528324127197,0
38.79374554470154,-116.0039442147744,24.478480911254906,11.06681152396603,4.703708898092029,0.116425,1.4127941131591797,0
39.27883579812608,-120.96264458311417,26.166225051879906,21.878130653059184,1.375190883983501,0.7367,2.837270736694336,0
40.114269012357234,-114.8990164153074,20.81751085917159,19.958730401371863,0.35296982358501167,0.3191,11.536865234375,0
38.38950366684775,-116.38123663410461,25.339564895629906,11.387341116960739,7.048559764250133,0.1579,6.808165073394775,0
35.74845673153636,-117.62091172618955,32.69096463521322,14.172444526611036,5.972503183761815,0.06925,0.045992184430360794,0
41.27309572887142,-123.09165180647744,24.383754348754906,24.59666565388676,1.143699447116586,0.7632800000000001,9.592281341552734,0
32.75706683541835,-115.76139908806215,36.80107205708822,25.222415538724153,3.7400844644733167,0.3044,0.27739521861076355,0
40.222066846451575,-123.36114639171329,26.20878690083822,26.82293074890621,1.0396271808282846,0.5625,3.798673629760742,0
36.6108394042911,-119.69602003250564,32.36869901021322,18.829234286526912,5.451794554126099,0.38230000000000003,0.07781766355037689,0
34.34708488830991,-114.84511749826024,34.18225695292159,21.004351534062668,7.265030188402088,0.124,3.3811259269714355,0
36.260496443484485,-118.75278898418014,26.47424914042159,18.487240605634277,1.9607290665802093,0.528975,9.230002403259277,0
41.56953977263086,-123.28029801614254,21.867152786254906,26.04079434815191,2.4640408863424312,0.5502,2.6621105670928955,1
41.56953977263086,-123.22639909909536,20.33158963521322,26.531891461179214,2.258425154183875,0.5990500000000001,6.0746965408325195,1
41.46174193853652,-123.25334855761895,22.37122179667159,25.620607399628327,1.7366943279805298,0.5804,13.039389610290527,1
41.4886913970601,-123.38809585023688,24.281947708129906,25.633681845115593,1.9350866312443362,0.5819,6.7749505043029785,1
41.4886913970601,-123.19944964057179,20.415492630004906,25.973884724322804,1.554329927537533,0.6534500000000001,5.97047758102417,1
39.9795217197393,-120.74704891492549,23.075648880004906,22.26404358552059,2.949966934441754,0.3793,3.480940580368042,1
36.314395360531655,-118.51024385746788,22.841762161254906,20.36181922139212,1.7500385995340948,0.39430000000000004,5.446619987487793,1
40.81495493397046,-123.09165180647744,27.25940539042159,20.75884213961022,1.278100925119975,0.7183600000000001,1.050182819366455,1
40.895803309541215,-123.25334855761895,25.162562942504906,25.598384015687277,0.7005523101281228,0.5328,9.019158363342285,1
40.86885385101763,-123.25334855761895,25.162562942504906,25.598384015687277,0.7005523101281228,0.6101333333333333,3.570366859436035,1
38.605099335036435,-120.26195866150094,22.17216580708822,21.840852982650222,1.121191347970995,0.49355000000000004,5.492336273193359,1
36.314395360531655,-118.56414277451505,19.05969835917159,22.044015322059867,0.41758753225698214,0.4355,7.524865627288818,1
38.79374554470154,-120.18111028593019,20.27332140604659,27.22818375257966,2.6123745525740203,0.43660000000000004,7.393148422241211,1
38.685947710607195,-120.10026191035944,18.64970486958822,25.23103704066906,3.2885509002391653,0.2802,4.123617172241211,1
40.54546034873461,-121.15129079277928,21.778529739379906,22.877006428946274,3.6207744249655183,0.45905,1.1349244117736816,1
38.712897169130784,-120.1541608274066,20.283412551879906,25.10313920218188,2.401026232993392,0.44586666666666674,2.555027961730957,1
38.739846627654366,-120.31585757854812,22.25492947896322,23.903692055273122,1.5649309961562783,0.51915,6.4774088859558105,1
40.841904392494044,-123.28029801614254,26.321254348754906,25.94336633644694,1.108107387468153,0.62855,1.815224289894104,1
36.28744590200807,-118.4832943989443,22.841762161254906,20.36181922139212,1.7500385995340948,0.40135000000000004,14.627260208129883,1
41.030550602159146,-123.1725001820482,23.577846145629906,23.82953107663193,0.7224664588924391,0.5529000000000001,7.912937164306641,1
40.94970222658839,-123.01080343090668,23.89286893208822,21.37471682725735,0.8713845169460555,0.3911,10.087747573852539,1
36.341344819055244,-118.53719331599146,22.841762161254906,20.36181922139212,1.7500385995340948,0.378,7.7721686363220215,1
41.030550602159146,-123.14555072352461,22.89197374979659,21.72686600910456,0.9122679072649145,0.5171,7.686534404754639,1
40.841904392494044,-123.25334855761895,26.321254348754906,25.94336633644694,1.108107387468153,0.62855,7.393341064453125,1
40.57240980725819,-123.19944964057179,26.54334093729659,24.608636373891393,1.7284910304262948,0.456,6.28930139541626,1
38.79374554470154,-120.20805974445378,20.27332140604659,27.22818375257966,2.6123745525740203,0.43660000000000004,6.898604869842529,1
36.341344819055244,-118.51024385746788,22.841762161254906,20.36181922139212,1.7500385995340948,0.34990000000000004,13.988139152526855,1
35.613709438918434,-118.53719331599146,29.97245877583822,16.051901283037516,2.953258464511894,0.34655,9.649994850158691,1
41.56953977263086,-123.19944964057179,20.33158963521322,26.531891461179214,2.258425154183875,0.5990500000000001,8.074540138244629,1
35.640658897442016,-118.53719331599146,29.97245877583822,16.051901283037516,2.953258464511894,0.3924,10.837677955627441,1
38.57814987651285,-120.01941353478867,18.595479583740257,23.025590196268137,5.129326064771973,0.4375,6.034519672393799,0
33.53860113260234,-115.89614638068007,36.78623479207357,28.657200668230594,1.3759408156571544,0.07415000000000001,2.5319039821624756,0
32.541471167229666,-114.62952183007154,36.33083114624026,30.191313943279834,4.759117271632066,0.317,0.03369886428117752,0
33.02656142065421,-115.59970233692063,36.85614039103194,25.34126402924628,4.170404095818649,0.4703,0.14035730063915253,0
34.805225683210864,-114.19833049369417,35.62559026082357,25.11534599526627,6.784695529703648,0.139,1.7933974266052246,0
41.865983816390305,-116.56988284376972,24.173034922281943,13.122404840242638,12.127117291506885,0.19255,1.5481092929840088,0
35.37116431220616,-116.51598392672254,33.39040145874026,14.256729953270572,6.879034381711668,0.10020000000000001,2.005422592163086,0
40.976651685111975,-118.91448573532166,26.979024505615257,12.361206459863428,9.84982970443281,0.09165000000000001,0.7298752665519714,0
37.958312330470385,-115.16851100054326,27.52085393269857,13.084642753489856,6.660647327767201,0.1466,3.288766860961914,0
36.422193194626004,-114.49477453745362,35.75449651082357,21.352339198149433,7.0472517500125464,0.14265,2.0392873287200928,0
35.82930510710712,-114.3330777863121,31.95933049519857,20.2388954246636,9.148509259673553,0.1759,3.9987754821777344,0
38.20085745718265,-119.10313194498676,19.61655705769857,25.244768339044164,7.579238171939276,0.25520000000000004,3.720139503479004,0
40.94970222658839,-117.62091172618955,24.81455510457357,11.548834069844325,8.016428882365748,0.2164,6.7907304763793945,0
40.7341065583997,-114.27917886926494,24.01792424519857,17.287643570469104,2.915916288653074,0.27926666666666666,0.8840309381484985,0
41.4886913970601,-120.26195866150094,21.554870859781943,22.425527745761737,7.214944392877002,0.4086,1.2870073318481445,0
40.06037009531006,-116.83937742900557,24.787292734781943,11.721903022163833,9.149166036261706,0.2748,5.301489353179932,0
34.185388137168395,-119.10313194498676,21.26694768269857,78.05292107184133,4.137116512670579,0.44260000000000005,0.0937449261546135,0
37.095929657715644,-120.85484674901983,29.423116302490257,35.85222013927646,5.9899124937180375,0.3513,0.07470320165157318,0
39.17103796403174,-122.63351101157649,27.589376068115257,23.456562233915268,2.7676240455020134,0.5132,3.4987528324127197,0
38.79374554470154,-116.0039442147744,25.07676213582357,11.416457991673756,4.781645915496515,0.116425,1.4127941131591797,0
39.27883579812608,-120.96264458311417,26.907491302490257,18.75889563146967,3.39842806546774,0.7367,2.837270736694336,0
40.114269012357234,-114.8990164153074,23.105977630615257,13.015315211162786,6.140712329183453,0.3191,11.536865234375,0
38.38950366684775,-116.38123663410461,25.574483489990257,11.316640017835383,6.625164216924215,0.1579,6.808165073394775,0
35.74845673153636,-117.62091172618955,32.11663843790694,15.1934843195704,5.615850187257301,0.06925,0.045992184430360794,0
41.27309572887142,-123.09165180647744,22.248230234781943,30.43200199038443,3.317698905083015,0.7632800000000001,9.592281341552734,0
32.75706683541835,-115.76139908806215,36.03436304728194,25.129355154045836,5.15332744422909,0.3044,0.27739521861076355,0
40.222066846451575,-123.36114639171329,23.87900822957357,27.279355668930755,4.9822699457953945,0.5625,3.798673629760742,0
36.6108394042911,-119.69602003250564,32.75693791707357,23.13289716786708,7.421080592765136,0.38230000000000003,0.07781766355037689,0
34.34708488830991,-114.84511749826024,34.95143661499026,19.695808339514343,6.826382076252311,0.124,3.3811259269714355,0
36.260496443484485,-118.75278898418014,26.898865000406943,17.87339746822049,1.7632075625726973,0.528975,9.230002403259277,0
41.56953977263086,-123.28029801614254,19.631856536865257,36.94009030425455,2.6916422351674414,0.5502,2.6621105670928955,1
41.4886913970601,-123.38809585023688,21.51792424519857,37.20450706183757,1.8816534491498662,0.5819,6.7749505043029785,1
41.19224735330066,-122.90300559681233,20.825134531656943,27.962434034488147,3.70290640561172,0.373,1.4754725694656372,1
41.51564085558369,-123.33419693318972,20.231465911865257,35.34096286459436,2.213920488803843,0.4258,4.016928672790527,1
39.9795217197393,-120.74704891492549,21.89927190144857,20.823272642522213,5.506494004707178,0.3793,3.480940580368042,1
36.314395360531655,-118.51024385746788,23.08603947957357,19.729877763219015,2.1679439652369394,0.39430000000000004,5.446619987487793,1
41.62343868967803,-123.30724747466613,19.631856536865257,36.94009030425455,2.6916422351674414,0.5213,13.003496170043945,1
38.820695003225126,-120.01941353478867,17.741719818115257,26.267746684544495,5.900194331462384,0.44625000000000004,3.6457982063293457,1
39.92562280269213,-120.58535216378398,21.239441172281943,21.206377087754696,6.539031791259189,0.442,0.5028975605964661,1
38.79374554470154,-120.18111028593019,20.250671641031943,23.720770185461564,4.273252733272288,0.43660000000000004,7.393148422241211,1
38.685947710607195,-120.10026191035944,18.74326604207357,23.6059827850906,4.773045439233194,0.2802,4.123617172241211,1
40.54546034873461,-121.15129079277928,20.55161565144857,22.892946892378497,6.687195387892176,0.45905,1.1349244117736816,1
40.841904392494044,-123.28029801614254,22.513611094156943,35.295779348830415,3.3181756806679403,0.62855,1.815224289894104,1
40.41071305611668,-121.07044241720851,22.278015391031943,22.133002977875154,6.376350147964388,0.4304,3.531708002090454,1
36.28744590200807,-118.4832943989443,23.08603947957357,19.729877763219015,2.1679439652369394,0.40135000000000004,14.627260208129883,1
40.00647117826289,-120.63925108083114,21.180440521240257,20.585719236689336,6.166105572951727,0.4132,10.12468433380127,1
40.94970222658839,-123.01080343090668,21.587911224365257,27.33866825565047,3.5422364331685006,0.3911,10.087747573852539,1
40.86885385101763,-123.52284314285481,21.022156016031943,44.19014036977752,2.4383550958391282,0.7278,12.303206443786621,1
41.030550602159146,-123.14555072352461,20.56626408894857,28.61662346864308,3.730297375110087,0.5171,7.686534404754639,1
40.841904392494044,-123.25334855761895,22.513611094156943,35.295779348830415,3.3181756806679403,0.62855,7.393341064453125,1
38.79374554470154,-120.20805974445378,20.250671641031943,23.720770185461564,4.273252733272288,0.43660000000000004,6.898604869842529,1
39.95257226121572,-120.50450378821321,20.698669687906943,20.78655202073505,6.841522689257067,0.36595,2.300191879272461,1
40.49156143168744,-121.33993700244437,20.346130625406943,22.53981483941681,6.547851590586978,0.3104,1.1076478958129883,1
40.86885385101763,-123.5497926013784,21.022156016031943,44.19014036977752,2.4383550958391282,0.7278,5.83615779876709,1
35.640658897442016,-118.53719331599146,29.719421641031943,16.988837984913275,4.388649301189149,0.3924,10.837677955627441,1
38.79374554470154,-120.04636299331226,17.741719818115257,26.267746684544495,5.900194331462384,0.5279,6.969940662384033,1
38.766796086177955,-120.12721136888302,18.299092864990257,24.51047326771129,5.319126931425846,0.3835,5.334134101867676,1
41.084449519206316,-122.7682583041944,22.261413828531943,26.54510323213709,3.4531477623093743,0.3774,11.676674842834473,1
35.640658897442016,-118.56414277451505,28.926290130615257,16.879010595220002,3.256313797524372,0.3924,4.477819442749023,1
38.712897169130784,-120.23500920297737,20.349874114990257,23.384276549720738,3.7762835753593915,0.4086666666666667,4.998106956481934,1
38.57814987651285,-120.01941353478867,17.54053141276046,22.264320683625705,6.503716476943235,0.4375,6.034519672393799,0
33.53860113260234,-115.89614638068007,34.46159261067709,39.17483975983508,5.121325759512555,0.07415000000000001,2.5319039821624756,0
32.541471167229666,-114.62952183007154,32.98022867838546,50.05002181138113,14.48088853959623,0.317,0.03369886428117752,0
33.02656142065421,-115.59970233692063,34.97062581380209,36.88633208233096,7.623365373236422,0.4703,0.14035730063915253,0
34.805225683210864,-114.19833049369417,31.39355875651046,40.974276067742046,9.139053331094226,0.139,1.7933974266052246,0
41.865983816390305,-116.56988284376972,21.85303141276046,15.523914545178593,8.321480897465824,0.19255,1.5481092929840088,0
35.37116431220616,-116.51598392672254,31.33496500651046,23.05832352685878,10.057781590571864,0.10020000000000001,2.005422592163086,0
40.976651685111975,-118.91448573532166,26.02515055338546,11.490324974735165,7.541067007761695,0.09165000000000001,0.7298752665519714,0
37.958312330470385,-115.16851100054326,25.03711344401046,28.64423326538128,13.247749474462427,0.1466,3.288766860961914,0
36.422193194626004,-114.49477453745362,32.19873453776046,31.11147720438104,6.851760395412008,0.14265,2.0392873287200928,0
35.82930510710712,-114.3330777863121,28.77246500651046,32.88980909547821,9.420689736004949,0.1759,3.9987754821777344,0
38.20085745718265,-119.10313194498676,18.586022949218773,23.914930816847114,8.724481854997693,0.25520000000000004,3.720139503479004,0
40.94970222658839,-117.62091172618955,24.147790527343773,10.533356397773549,7.624875303007677,0.2164,6.7907304763793945,0
40.7341065583997,-114.27917886926494,24.13232828776046,11.22517254908836,6.664468093125614,0.27926666666666666,0.8840309381484985,0
41.4886913970601,-120.26195866150094,19.151534016927087,25.938278527884318,6.065504131041656,0.4086,1.2870073318481445,0
40.06037009531006,-116.83937742900557,24.365157063802087,10.543937094742537,8.197522036918313,0.2748,5.301489353179932,0
34.185388137168395,-119.10313194498676,19.753096516927087,84.33809604806525,4.240891330000128,0.44260000000000005,0.0937449261546135,0
37.095929657715644,-120.85484674901983,27.434004720052087,36.0316676087872,9.422493574884754,0.3513,0.07470320165157318,0
39.17103796403174,-122.63351101157649,26.659753417968773,20.266600133620162,1.5051585997071362,0.5132,3.4987528324127197,0
38.79374554470154,-116.0039442147744,24.66870524088546,14.307262092753556,7.62591175949811,0.116425,1.4127941131591797,0
39.27883579812608,-120.96264458311417,25.703210449218773,18.671906868048453,4.815746548414921,0.7367,2.837270736694336,0
40.114269012357234,-114.8990164153074,22.61279703776046,13.941488414900757,7.339361102470985,0.3191,11.536865234375,0
38.38950366684775,-116.38123663410461,24.938155110677087,16.69609038831982,8.696700753157069,0.1579,6.808165073394775,0
35.74845673153636,-117.62091172618955,30.820886230468773,20.346116096763506,8.024064757283421,0.06925,0.045992184430360794,0
41.27309572887142,-123.09165180647744,18.779870605468773,31.28890538725877,3.6703626357812884,0.7632800000000001,9.592281341552734,0
32.75706683541835,-115.76139908806215,34.40747477213546,34.469663847212175,5.921359741102946,0.3044,0.27739521861076355,0
40.222066846451575,-123.36114639171329,20.58935953776046,32.52178787197985,5.3896209148729834,0.5625,3.798673629760742,0
36.6108394042911,-119.69602003250564,32.67977294921877,20.527211961376373,5.845936467343131,0.38230000000000003,0.07781766355037689,0
34.34708488830991,-114.84511749826024,31.254968261718773,33.847833239381416,11.105656663227489,0.124,3.3811259269714355,0
36.260496443484485,-118.75278898418014,25.626143391927087,19.367787369601373,1.606063073132495,0.528975,9.230002403259277,0
41.56953977263086,-123.28029801614254,17.122237141927087,33.08013723971215,3.2350492055734996,0.5502,2.6621105670928955,1
41.030550602159146,-122.82215722124158,20.953454589843773,25.940211925096683,4.083920085170662,0.5019,4.335826396942139,1
39.95257226121572,-120.45060487116605,19.555261230468773,19.32884490803792,6.576834819410882,0.36246666666666666,0.7121301889419556,1
38.84764446174871,-119.9655146177415,16.78857828776046,25.188341365803762,7.106398425130521,0.4152,8.760324478149414,1
40.43766251464026,-121.15129079277928,20.76465250651046,21.60026838197996,6.367092796355089,0.22080000000000002,1.2998749017715454,1
41.46174193853652,-123.25334855761895,17.539880371093773,33.4005705998817,2.722714371557216,0.5804,13.039389610290527,1
41.4886913970601,-123.38809585023688,18.94434000651046,33.61386455813167,2.248219514164507,0.5819,6.7749505043029785,1
41.19224735330066,-122.90300559681233,18.084558105468773,28.174568509427406,4.366345621171174,0.373,1.4754725694656372,1
38.632048793560024,-120.12721136888302,18.40381266276046,22.19047801717362,5.705990542629719,0.20670000000000002,2.5575029850006104,1
41.62343868967803,-123.30724747466613,17.122237141927087,33.08013723971215,3.2350492055734996,0.5213,13.003496170043945,1
38.820695003225126,-120.01941353478867,16.78857828776046,25.188341365803762,7.106398425130521,0.44625000000000004,3.6457982063293457,1
39.92562280269213,-120.58535216378398,20.016524251302087,19.44491685885473,6.65308978294073,0.442,0.5028975605964661,1
38.685947710607195,-120.01941353478867,16.835290527343773,23.074283666981785,7.0734560824683115,0.1938,2.3598074913024902,1
38.79374554470154,-120.18111028593019,18.967451985677087,23.80320373881387,5.921517140272818,0.43660000000000004,7.393148422241211,1
38.685947710607195,-120.10026191035944,17.659590657552087,23.063423650959553,6.320935133053337,0.2802,4.123617172241211,1
40.54546034873461,-121.15129079277928,19.316084798177087,21.49243351031795,6.2368805620307075,0.45905,1.1349244117736816,1
39.9795217197393,-120.28890812002453,18.925703938802087,19.51418688998071,7.776197704177186,0.3017,1.7172908782958984,1
36.28744590200807,-118.4832943989443,22.18262125651046,19.93956772809789,2.82104286387763,0.40135000000000004,14.627260208129883,1
41.030550602159146,-123.1725001820482,18.52905680338546,32.959381245123325,3.5476074602559087,0.5529000000000001,7.912937164306641,1
40.86885385101763,-123.52284314285481,18.552168782552087,45.53812679270351,2.93374852327167,0.7278,12.303206443786621,1
39.9795217197393,-120.47755432968962,19.555261230468773,19.32884490803792,6.576834819410882,0.275,0.7598919868469238,1
41.030550602159146,-123.14555072352461,18.36304117838546,29.417175467184407,3.8347445098003106,0.5171,7.686534404754639,1
40.57240980725819,-123.19944964057179,20.03662516276046,35.22633780564494,4.418914758353453,0.456,6.28930139541626,1
38.79374554470154,-120.20805974445378,18.967451985677087,23.80320373881387,5.921517140272818,0.43660000000000004,6.898604869842529,1
39.95257226121572,-120.50450378821321,19.555261230468773,19.32884490803792,6.576834819410882,0.36595,2.300191879272461,1
40.49156143168744,-121.33993700244437,19.10156656901046,21.12730520512722,6.142348654612264,0.3104,1.1076478958129883,1
38.685947710607195,-120.20805974445378,19.26440836588546,22.956971906317598,5.624421573743471,0.3236,1.2768117189407349,1
40.54546034873461,-123.19944964057179,20.26660563151046,33.59911951579452,4.318872727140977,0.46516666666666673,0.47213321924209595,1
40.86885385101763,-123.5497926013784,18.552168782552087,45.53812679270351,2.93374852327167,0.7278,5.83615779876709,1
40.54546034873461,-123.09165180647744,20.960371907552087,30.66590531113283,4.176264476495673,0.5713,5.126542091369629,1
38.57814987651285,-120.01941353478867,17.690975443522177,57.91441005116088,4.049314071484202,0.4375,6.034519672393799,0
33.53860113260234,-115.89614638068007,34.82427622477218,38.83920605913448,4.622405947665816,0.07415000000000001,2.5319039821624756,0
32.541471167229666,-114.62952183007154,33.513892110188806,40.01903229972765,11.034764800573742,0.317,0.03369886428117752,0
33.02656142065421,-115.59970233692063,35.968726094563806,31.99337547181107,5.137584917342607,0.4703,0.14035730063915253,0
34.805225683210864,-114.19833049369417,30.271460469563806,59.913817594788085,3.6445537783880178,0.139,1.7933974266052246,0
41.865983816390305,-116.56988284376972,28.252254740397177,18.824055655618054,5.7796763106423095,0.19255,1.5481092929840088,0
35.37116431220616,-116.51598392672254,28.70570526123049,47.633433292088846,5.151431332122774,0.10020000000000001,2.005422592163086,0
40.976651685111975,-118.91448573532166,30.598202006022177,16.90432670237047,5.561091457843958,0.09165000000000001,0.7298752665519714,0
37.958312330470385,-115.16851100054326,21.50306854248049,64.02147361870863,9.36658213359633,0.1466,3.288766860961914,0
36.422193194626004,-114.49477453745362,29.94960174560549,54.52278803120593,5.423868957052142,0.14265,2.0392873287200928,0
35.82930510710712,-114.3330777863121,26.806698099772177,56.67353853186343,4.339709911673766,0.1759,3.9987754821777344,0
38.20085745718265,-119.10313194498676,18.643774922688806,50.38658542717984,4.4072342596555565,0.25520000000000004,3.720139503479004,0
40.94970222658839,-117.62091172618955,27.94886932373049,19.10458221608418,6.469731368429036,0.2164,6.7907304763793945,0
40.7341065583997,-114.27917886926494,26.060848490397177,25.2689636485323,4.606381737857794,0.27926666666666666,0.8840309381484985,0
41.4886913970601,-120.26195866150094,23.27089080810549,38.43020811285045,7.4439930546573585,0.4086,1.2870073318481445,0
40.06037009531006,-116.83937742900557,26.48158416748049,26.624797360636194,7.47870637893421,0.2748,5.301489353179932,0
34.185388137168395,-119.10313194498676,22.457495625813806,77.78944146575991,4.574718092210126,0.44260000000000005,0.0937449261546135,0
37.095929657715644,-120.85484674901983,28.333472188313806,41.369173065498074,7.276797915541843,0.3513,0.07470320165157318,0
39.17103796403174,-122.63351101157649,25.79774627685549,47.00936578071612,2.3761459094187614,0.5132,3.4987528324127197,0
38.79374554470154,-116.0039442147744,21.337622578938806,56.09473688561617,12.115302246611945,0.116425,1.4127941131591797,0
39.27883579812608,-120.96264458311417,25.436825052897177,42.57881538348165,3.662386655700054,0.7367,2.837270736694336,0
40.114269012357234,-114.8990164153074,23.222469584147177,34.32893781728324,8.3160988318525,0.3191,11.536865234375,0
38.38950366684775,-116.38123663410461,20.565975443522177,66.80889026981974,9.594816076659214,0.1579,6.808165073394775,0
35.74845673153636,-117.62091172618955,30.87001190185549,33.404842262523275,7.109209628055363,0.06925,0.045992184430360794,0
41.27309572887142,-123.09165180647744,24.768368021647177,48.29047590279182,1.9624877638624818,0.7632800000000001,9.592281341552734,0
32.75706683541835,-115.76139908806215,34.95057830810549,31.430401211401925,2.678310455613855,0.3044,0.27739521861076355,0
40.222066846451575,-123.36114639171329,24.396297709147177,57.047462438955534,1.5581045966560583,0.5625,3.798673629760742,0
36.6108394042911,-119.69602003250564,33.86830291748049,27.507492836860287,5.71744222432237,0.38230000000000003,0.07781766355037689,0
34.34708488830991,-114.84511749826024,31.227271016438806,41.86142923998924,6.771490415858718,0.124,3.3811259269714355,0
36.260496443484485,-118.75278898418014,23.852352396647177,52.68743991343411,0.29797836509244335,0.528975,9.230002403259277,0
41.81208489934313,-123.22639909909536,26.528784688313806,52.44543710066143,0.8124169983668638,0.6736000000000001,6.456965923309326,1
41.919882733437476,-122.90300559681233,24.848120625813806,57.207060080213466,0.8780787011204573,0.6506000000000001,10.283424377441406,1
35.721507273012776,-118.42939548189712,29.050757344563806,36.405388410807504,4.0846407822306805,0.2316,1.2948253154754639,1
41.81208489934313,-122.90300559681233,26.43275604248049,55.241028298408565,1.0409886498647711,0.6011000000000001,3.532303810119629,1
41.865983816390305,-123.22639909909536,25.741431172688806,54.884791115564724,0.8297314827203689,0.63185,6.066047191619873,1
41.89293327491389,-122.84910667976517,24.753882344563806,56.607066862073175,1.1086531865760698,0.448925,6.00189733505249,1
41.785135440819545,-122.87605613828876,26.43275604248049,55.241028298408565,1.0409886498647711,0.6659,7.685123443603516,1
41.865983816390305,-123.25334855761895,25.73573455810549,53.28119936951408,1.2570591838691747,0.63185,4.459393501281738,1
35.721507273012776,-118.4563449404207,27.61927947998049,35.195354516462345,3.9251716202633644,0.2721,9.564565658569336,1
41.839034357866716,-123.19944964057179,26.528784688313806,52.44543710066143,0.8124169983668638,0.63185,1.8142414093017578,1
41.81208489934313,-123.25334855761895,27.08265838623049,51.36589240285786,1.1067379283404786,0.6736000000000001,2.665076971054077,1
41.650388148201614,-122.92995505533592,26.131323750813806,52.841393062144974,1.3018378765088645,0.5071,4.300410747528076,1
41.650388148201614,-122.90300559681233,26.131323750813806,52.841393062144974,1.3018378765088645,0.5071,3.282839298248291,1
41.81208489934313,-122.92995505533592,26.43275604248049,55.241028298408565,1.0409886498647711,0.6011000000000001,5.707345485687256,1
41.785135440819545,-122.84910667976517,26.040096537272177,54.665394524297575,1.3206065166292082,0.6659,5.1725993156433105,1
35.721507273012776,-118.4832943989443,27.61927947998049,35.195354516462345,3.9251716202633644,0.2721,9.343287467956543,1
34.023691386026876,-117.32446768243011,26.334448750813806,52.98760297277665,4.605994120281822,0.2366,1.9989964962005615,1
34.023691386026876,-117.3514171409537,27.316463724772177,49.63405658218805,4.990693218076476,0.2366,0.3086563050746918,1
38.57814987651285,-120.01941353478867,17.188710149129236,49.87394001787235,3.5482490184441917,0.4375,6.034519672393799,0
33.53860113260234,-115.89614638068007,35.344716008504236,37.48627816623471,6.4289908974679,0.07415000000000001,2.5319039821624756,0
32.541471167229666,-114.62952183007154,34.98029543558761,35.32833383929367,8.714626296158139,0.317,0.03369886428117752,0
33.02656142065421,-115.59970233692063,36.23477134704592,31.198828270611262,6.78395491848222,0.4703,0.14035730063915253,0
34.805225683210864,-114.19833049369417,33.01838137308761,41.758146020523526,3.788550770111485,0.139,1.7933974266052246,0
41.865983816390305,-116.56988284376972,24.657216008504236,37.404173127640036,0.7728888728866337,0.19255,1.5481092929840088,0
35.37116431220616,-116.51598392672254,30.721506373087607,29.97316159917775,6.769204605588729,0.10020000000000001,2.005422592163086,0
40.976651685111975,-118.91448573532166,26.71890220642092,34.589781146017415,10.369398826463334,0.09165000000000001,0.7298752665519714,0
37.958312330470385,-115.16851100054326,22.428944524129236,56.936125155150094,4.074025996493792,0.1466,3.288766860961914,0
36.422193194626004,-114.49477453745362,31.80410728454592,46.080200813677195,4.0252202533481265,0.14265,2.0392873287200928,0
35.82930510710712,-114.3330777863121,28.15103111267092,47.12518698508806,1.1273980861123212,0.1759,3.9987754821777344,0
38.20085745718265,-119.10313194498676,18.554025904337607,47.84739763213452,3.192479436132797,0.25520000000000004,3.720139503479004,0
40.94970222658839,-117.62091172618955,25.24478111267092,30.332158450326048,8.919741032313528,0.2164,6.7907304763793945,0
40.7341065583997,-114.27917886926494,22.69180259704592,46.67512939783763,7.372573453999798,0.27926666666666666,0.8840309381484985,0
41.4886913970601,-120.26195866150094,20.422434107462607,55.19798237394672,5.21601776012735,0.4086,1.2870073318481445,0
40.06037009531006,-116.83937742900557,23.248768742879236,44.02359375708583,7.956189642521923,0.2748,5.301489353179932,0
34.185388137168395,-119.10313194498676,21.532297388712607,76.77397923939931,6.61172077107146,0.44260000000000005,0.0937449261546135,0
37.095929657715644,-120.85484674901983,29.323801294962607,38.13833852874771,5.724045141724177,0.3513,0.07470320165157318,0
39.17103796403174,-122.63351101157649,26.628732935587607,44.90304562540309,1.2306874099937999,0.5132,3.4987528324127197,0
38.79374554470154,-116.0039442147744,20.17739830017092,63.871466735521174,4.4239118415271745,0.116425,1.4127941131591797,0
39.27883579812608,-120.96264458311417,25.855295435587607,40.962218110217776,1.320926273929364,0.7367,2.837270736694336,0
40.114269012357234,-114.8990164153074,19.01748619079592,63.382897806033576,7.793682265342514,0.3191,11.536865234375,0
38.38950366684775,-116.38123663410461,20.102284367879236,65.27278081363006,5.860237597894664,0.1579,6.808165073394775,0
35.74845673153636,-117.62091172618955,31.558583196004236,27.52035249280731,6.299044384680423,0.06925,0.045992184430360794,0
41.27309572887142,-123.09165180647744,21.606678899129236,68.7022305497732,1.13997437686887,0.7632800000000001,9.592281341552734,0
32.75706683541835,-115.76139908806215,34.87531496683761,31.651795987400337,7.000858734251465,0.3044,0.27739521861076355,0
40.222066846451575,-123.36114639171329,23.17007408142092,67.68874019535717,0.6101187369838212,0.5625,3.798673629760742,0
36.6108394042911,-119.69602003250564,33.06387290954592,24.57761509304348,8.769581961705224,0.38230000000000003,0.07781766355037689,0
34.34708488830991,-114.84511749826024,33.216542180379236,30.444291891463056,5.110392315622476,0.124,3.3811259269714355,0
36.260496443484485,-118.75278898418014,24.221018091837607,47.074175235870925,0.9652696564958603,0.528975,9.230002403259277,0
36.341344819055244,-118.80668790122732,24.221018091837607,47.074175235870925,0.9652696564958603,0.5443,5.930845737457275,1
33.56555059112592,-116.13869150739234,36.37726809183761,34.88877561115898,6.095053665240153,0.24450000000000002,0.10536354035139084,1
36.341344819055244,-118.72583952565657,18.86660728454592,53.144757301252035,1.0559484813017945,0.5712,10.945303916931152,1
41.839034357866716,-122.795207762718,24.579904810587607,58.040859553500354,1.7116298227137472,0.46950000000000003,5.767147064208984,1
41.81208489934313,-123.22639909909536,24.31338462829592,64.36085426452232,1.0829727623913838,0.6736000000000001,6.456965923309326,1
32.568420625753255,-115.00681424940174,36.236073430379236,32.29586481692796,4.566511487998833,0.3321,0.03731798008084297,1
32.59537008427684,-115.03376370792533,36.236073430379236,32.29586481692796,4.566511487998833,0.3321,0.03733054921030998,1
35.91015348267787,-119.10313194498676,32.13019777933761,28.193571527684803,2.935108787030097,0.41885,0.2760027050971985,1
36.341344819055244,-118.75278898418014,24.221018091837607,47.074175235870925,0.9652696564958603,0.5712,8.286426544189453,1
34.93997297582879,-114.54867345450079,35.52594973246261,30.176049481650374,4.83713466230043,0.25155,1.5757381916046143,1
32.541471167229666,-115.00681424940174,36.20002199808761,33.478442830006635,4.113666825723874,0.28673333333333334,0.03438232094049454,1
41.865983816390305,-122.84910667976517,23.01553306579592,64.90436532400231,1.5126845796377117,0.46950000000000003,8.252592086791992,1
33.53860113260234,-116.05784313182158,34.53628501892092,34.26985259156046,5.572003772008999,0.23265000000000002,0.14595937728881836,1
39.65612821745628,-121.77112833882174,30.104481633504236,40.33905840561339,1.309672526518999,0.4912,0.14613741636276245,1
33.56555059112592,-116.11174204886876,36.37726809183761,34.88877561115898,6.095053665240153,0.23265000000000002,0.135210320353508,1
35.91015348267787,-119.07618248646318,32.13019777933761,28.193571527684803,2.935108787030097,0.41885,0.29233500361442566,1
39.65612821745628,-121.79807779734533,30.104481633504236,40.33905840561339,1.309672526518999,0.5485,0.12189501523971558,1
39.71002713450345,-121.82502725586892,30.104481633504236,40.33905840561339,1.309672526518999,0.43010000000000004,0.16636796295642853,1
39.65612821745628,-121.82502725586892,30.104481633504236,40.33905840561339,1.309672526518999,0.5485,0.1161017119884491,1
35.640658897442016,-119.21092977908111,33.08039309183761,25.472967795645634,4.348675798223015,0.3825,0.2433624416589737,1
33.56555059112592,-116.16564096591593,33.762928899129236,37.317743683383306,5.989986062226984,0.24450000000000002,0.5567893981933594,1
34.93997297582879,-114.57562291302438,36.66397056579592,29.280830369233367,5.0105074120497575,0.25155,0.5788237452507019,1
36.82643507247978,-120.36975649559528,30.991200383504236,29.814880006266797,7.9175679198657,0.5512,0.03900206834077835,1
33.53860113260234,-116.11174204886876,34.53628501892092,34.26985259156046,5.572003772008999,0.24450000000000002,0.436824232339859,1
41.81208489934313,-123.25334855761895,25.013661321004236,63.69396195972763,1.1139918195333625,0.6736000000000001,2.665076971054077,1
36.341344819055244,-118.77973844270373,24.221018091837607,47.074175235870925,0.9652696564958603,0.5443,5.261767864227295,1
35.91015348267787,-119.13008140351035,32.13019777933761,28.193571527684803,2.935108787030097,0.4314666666666667,0.24830415844917297,1
33.53860113260234,-116.08479259034517,34.53628501892092,34.26985259156046,5.572003772008999,0.23265000000000002,0.12299422174692154,1
38.57814987651285,-120.01941353478867,18.478632227579794,49.82243658245447,2.17510607342326,0.4375,6.034519672393799,0
33.53860113260234,-115.89614638068007,35.76273053487142,31.79564168714124,6.872488167888747,0.07415000000000001,2.5319039821624756,0
32.541471167229666,-114.62952183007154,35.88748639424642,34.712632113706235,9.453126410307858,0.317,0.03369886428117752,0
33.02656142065421,-115.59970233692063,36.74417584737142,24.653062781919683,8.136981742943721,0.4703,0.14035730063915253,0
34.805225683210864,-114.19833049369417,34.852899805704794,33.59385822516709,5.877120757631236,0.139,1.7933974266052246,0
41.865983816390305,-116.56988284376972,23.272984441121423,41.665519693284494,4.659005685388365,0.19255,1.5481092929840088,0
35.37116431220616,-116.51598392672254,32.663202540079794,23.360339128295358,5.148195169540524,0.10020000000000001,2.005422592163086,0
40.976651685111975,-118.91448573532166,26.93501243591311,34.36889151285869,3.875300087165337,0.09165000000000001,0.7298752665519714,0
37.958312330470385,-115.16851100054326,24.88154563903811,40.01801937802257,2.6387750413895783,0.1466,3.288766860961914,0
36.422193194626004,-114.49477453745362,34.13724225362142,34.51416514089408,1.7109680231683422,0.14265,2.0392873287200928,0
35.82930510710712,-114.3330777863121,30.67646751403811,34.02793727938578,2.752759334510734,0.1759,3.9987754821777344,0
38.20085745718265,-119.10313194498676,19.713007227579794,44.94223059126076,0.9611818460876541,0.25520000000000004,3.720139503479004,0
40.94970222658839,-117.62091172618955,24.620884831746423,31.984319133237438,4.647292416311296,0.2164,6.7907304763793945,0
40.7341065583997,-114.27917886926494,22.928013737996423,42.576227006869736,3.051570708976858,0.27926666666666666,0.8840309381484985,0
41.4886913970601,-120.26195866150094,21.988072331746423,46.0497250176308,3.6312597275598937,0.4086,1.2870073318481445,0
40.06037009531006,-116.83937742900557,25.014439519246423,32.45921906952054,5.568062143232013,0.2748,5.301489353179932,0
34.185388137168395,-119.10313194498676,21.572056706746423,77.17037541223714,5.653155243923766,0.44260000000000005,0.0937449261546135,0
37.095929657715644,-120.85484674901983,29.235630925496423,37.60650241314729,7.929922530638593,0.3513,0.07470320165157318,0
39.17103796403174,-122.63351101157649,28.097040430704794,40.62641206194899,1.630661060479211,0.5132,3.4987528324127197,0
38.79374554470154,-116.0039442147744,23.166294987996423,40.747188296127824,0.9816678448803252,0.116425,1.4127941131591797,0
39.27883579812608,-120.96264458311417,27.466832097371423,38.41911514672986,2.1100038689729637,0.7367,2.837270736694336,0
40.114269012357234,-114.8990164153074,21.210728581746423,44.102245983094775,3.106151124145818,0.3191,11.536865234375,0
38.38950366684775,-116.38123663410461,22.71455345153811,41.773890708447546,2.963988364308178,0.1579,6.808165073394775,0
35.74845673153636,-117.62091172618955,32.856806055704794,25.26437513608979,2.3836595480130573,0.06925,0.045992184430360794,0
41.27309572887142,-123.09165180647744,22.877558008829794,57.98879083057346,1.5935296799562675,0.7632800000000001,9.592281341552734,0
32.75706683541835,-115.76139908806215,35.114130274454794,26.508898696144488,7.629802888101064,0.3044,0.27739521861076355,0
40.222066846451575,-123.36114639171329,25.109491602579794,56.29736188382377,1.9271239039198198,0.5625,3.798673629760742,0
36.6108394042911,-119.69602003250564,33.77835553487142,27.43682530750764,10.552920689118928,0.38230000000000003,0.07781766355037689,0
34.34708488830991,-114.84511749826024,34.804559961954794,23.162591081131502,6.279284666137039,0.124,3.3811259269714355,0
36.260496443484485,-118.75278898418014,24.83686790466311,42.676421481657236,0.6571129461910721,0.528975,9.230002403259277,0
41.704287065248785,-122.795207762718,23.880162175496423,53.41888180940126,2.305429603344651,0.6470750000000001,8.238101959228516,1
41.81208489934313,-123.22639909909536,24.906122461954794,54.16005844405455,2.0729469394774642,0.6736000000000001,6.456965923309326,1
41.731236523772374,-122.84910667976517,23.880162175496423,53.41888180940126,2.305429603344651,0.6470750000000001,5.551605224609375,1
33.53860113260234,-116.05784313182158,35.17508405049642,27.549722167672126,4.704810675333225,0.23265000000000002,0.14595937728881836,1
41.89293327491389,-122.84910667976517,23.40815696716311,59.35538579706855,2.1144102847554946,0.448925,6.00189733505249,1
41.731236523772374,-122.87605613828876,24.758173243204794,53.06277584757856,2.165916254109205,0.6470750000000001,4.830569744110107,1
33.56555059112592,-116.11174204886876,37.01224225362142,28.106770396228693,5.142836198986636,0.23265000000000002,0.135210320353508,1
41.785135440819545,-123.22639909909536,24.906122461954794,54.16005844405455,2.0729469394774642,0.6212,1.3243314027786255,1
41.704287065248785,-122.82215722124158,23.880162175496423,53.41888180940126,2.305429603344651,0.6470750000000001,3.2969677448272705,1
41.81208489934313,-123.19944964057179,24.906122461954794,54.16005844405455,2.0729469394774642,0.6153500000000001,10.109959602355957,1
41.81208489934313,-123.25334855761895,25.531285222371423,54.17465303589976,2.1825466906408253,0.6736000000000001,2.665076971054077,1
41.81208489934313,-123.1725001820482,24.906122461954794,54.16005844405455,2.0729469394774642,0.6153500000000001,4.603498458862305,1
41.758185982295956,-122.87605613828876,25.03877220153811,55.30106063601886,2.1152620719380244,0.5920000000000001,8.205389976501465,1
33.53860113260234,-116.08479259034517,35.17508405049642,27.549722167672126,4.704810675333225,0.23265000000000002,0.12299422174692154,1
41.758185982295956,-122.90300559681233,25.03877220153811,55.30106063601886,2.1152620719380244,0.6473,6.110921382904053,1
41.758185982295956,-122.84910667976517,24.756138737996423,54.48516726011048,2.228910562777333,0.5920000000000001,3.936397075653076,1
38.57814987651285,-120.01941353478867,17.852113978068076,57.16165160818723,1.984782660938675,0.4375,6.034519672393799,0
33.53860113260234,-115.89614638068007,35.021710332234704,36.30243229699727,3.7900434938185477,0.07415000000000001,2.5319039821624756,0
32.541471167229666,-114.62952183007154,34.898744837443076,35.997164827251545,11.81969923580173,0.317,0.03369886428117752,0
33.02656142065421,-115.59970233692063,35.643048222859704,31.584144825273814,4.2699111192321295,0.4703,0.14035730063915253,0
34.805225683210864,-114.19833049369417,32.533998743693076,39.506774229360005,5.527801475653631,0.139,1.7933974266052246,0
41.865983816390305,-116.56988284376972,26.778057988484704,23.761492636178865,6.566071416935278,0.19255,1.5481092929840088,0
35.37116431220616,-116.51598392672254,31.476788457234704,30.49244327404691,5.204113705787033,0.10020000000000001,2.005422592163086,0
40.976651685111975,-118.91448573532166,29.148012415568076,24.70837090935831,7.70267274608926,0.09165000000000001,0.7298752665519714,0
37.958312330470385,-115.16851100054326,26.371645228068076,33.68227595649736,6.605490282048057,0.1466,3.288766860961914,0
36.422193194626004,-114.49477453745362,34.404034550984704,30.761712531277873,7.520253952204527,0.14265,2.0392873287200928,0
35.82930510710712,-114.3330777863121,29.81069145202639,33.386555872981035,8.455924584952069,0.1759,3.9987754821777344,0
38.20085745718265,-119.10313194498676,17.923891321818076,59.11921456821383,3.5952645110153854,0.25520000000000004,3.720139503479004,0
40.94970222658839,-117.62091172618955,27.18715629577639,23.214648464476124,6.40741694663699,0.2164,6.7907304763793945,0
40.7341065583997,-114.27917886926494,26.702944056193076,27.134004578222793,1.1289142316362109,0.27926666666666666,0.8840309381484985,0
41.4886913970601,-120.26195866150094,23.386700566609704,37.940445418821845,5.423532026902806,0.4086,1.2870073318481445,0
40.06037009531006,-116.83937742900557,26.54628715515139,29.91467120523346,3.922717777808736,0.2748,5.301489353179932,0
34.185388137168395,-119.10313194498676,21.564760462443076,78.28232966077356,6.670562579809608,0.44260000000000005,0.0937449261546135,0
37.095929657715644,-120.85484674901983,30.93080863952639,36.13186103823545,8.014435272622377,0.3513,0.07470320165157318,0
39.17103796403174,-122.63351101157649,29.47206840515139,36.55467900598236,1.5639995563746474,0.5132,3.4987528324127197,0
38.79374554470154,-116.0039442147744,23.947735722859704,38.91102030918863,4.005924708375625,0.116425,1.4127941131591797,0
39.27883579812608,-120.96264458311417,28.288067754109704,34.65439171662227,2.7766508360209503,0.7367,2.837270736694336,0
40.114269012357234,-114.8990164153074,23.316713587443076,35.820768037319105,4.314985481721155,0.3191,11.536865234375,0
38.38950366684775,-116.38123663410461,23.612123743693076,41.26544162707578,5.3455744113913175,0.1579,6.808165073394775,0
35.74845673153636,-117.62091172618955,31.40712699890139,30.119132808008015,5.2230329949806915,0.06925,0.045992184430360794,0
41.27309572887142,-123.09165180647744,24.30336723327639,32.018601652432096,2.139116237969427,0.7632800000000001,9.592281341552734,0
32.75706683541835,-115.76139908806215,34.480206425984704,31.82364154003327,3.795888904593253,0.3044,0.27739521861076355,0
40.222066846451575,-123.36114639171329,26.07851371765139,40.25550548957172,1.9200627617379644,0.5625,3.798673629760742,0
36.6108394042911,-119.69602003250564,35.286440149943076,25.806342997282584,5.526445380307579,0.38230000000000003,0.07781766355037689,0
34.34708488830991,-114.84511749826024,33.27455863952639,29.595950535000824,8.547733989593105,0.124,3.3811259269714355,0
36.260496443484485,-118.75278898418014,25.078188196818076,50.00846671171972,1.6339948466691288,0.528975,9.230002403259277,0
41.839034357866716,-122.795207762718,25.389711634318076,31.241351603087857,3.635119771550275,0.46950000000000003,5.767147064208984,1
41.704287065248785,-122.795207762718,24.776837285359704,30.28586152616517,3.529142590040313,0.6470750000000001,8.238101959228516,1
41.81208489934313,-123.22639909909536,25.154278691609704,32.95581299338857,2.3065705794105957,0.6736000000000001,6.456965923309326,1
41.731236523772374,-122.84910667976517,24.776837285359704,30.28586152616517,3.529142590040313,0.6470750000000001,5.551605224609375,1
41.865983816390305,-122.84910667976517,23.76576957702639,34.74359163832814,3.7526882512577053,0.46950000000000003,8.252592086791992,1
41.81208489934313,-123.14555072352461,24.753643925984704,32.81052395746906,2.520564976444625,0.61285,11.5649995803833,1
41.865983816390305,-123.22639909909536,24.121645228068076,34.67596554130207,2.095934311008715,0.63185,6.066047191619873,1
41.89293327491389,-122.84910667976517,23.76576957702639,34.74359163832814,3.7526882512577053,0.448925,6.00189733505249,1
41.731236523772374,-122.87605613828876,25.58315238952639,30.701863959637105,3.2099265053626396,0.6470750000000001,4.830569744110107,1
41.785135440819545,-122.87605613828876,25.442120488484704,34.0676095943983,3.37336333501783,0.6659,7.685123443603516,1
41.865983816390305,-123.25334855761895,24.090395228068076,34.89079723527502,2.1596342863255935,0.63185,4.459393501281738,1
41.704287065248785,-122.82215722124158,24.776837285359704,30.28586152616517,3.529142590040313,0.6470750000000001,3.2969677448272705,1
41.81208489934313,-123.19944964057179,25.154278691609704,32.95581299338857,2.3065705794105957,0.6153500000000001,10.109959602355957,1
41.785135440819545,-122.90300559681233,25.442120488484704,34.0676095943983,3.37336333501783,0.68625,4.967172145843506,1
41.839034357866716,-123.19944964057179,25.154278691609704,32.95581299338857,2.3065705794105957,0.63185,1.8142414093017578,1
41.785135440819545,-122.92995505533592,25.442120488484704,34.0676095943983,3.37336333501783,0.68625,8.108012199401855,1
41.81208489934313,-123.25334855761895,25.603578821818076,33.94273002351413,2.164509771826967,0.6736000000000001,2.665076971054077,1
41.81208489934313,-123.1725001820482,25.154278691609704,32.95581299338857,2.3065705794105957,0.6153500000000001,4.603498458862305,1
41.758185982295956,-122.87605613828876,25.442120488484704,34.0676095943983,3.37336333501783,0.5920000000000001,8.205389976501465,1
41.758185982295956,-122.90300559681233,25.442120488484704,34.0676095943983,3.37336333501783,0.6473,6.110921382904053,1
41.758185982295956,-122.84910667976517,25.389711634318076,31.241351603087857,3.635119771550275,0.5920000000000001,3.936397075653076,1
41.785135440819545,-122.84910667976517,25.389711634318076,31.241351603087857,3.635119771550275,0.6659,5.1725993156433105,1
38.57814987651285,-120.01941353478867,16.20559463500979,72.16186388774713,1.799175036495216,0.4375,6.034519672393799,0
33.53860113260234,-115.89614638068007,31.09963760375979,57.98519261098475,0.41254518225427833,0.07415000000000001,2.5319039821624756,0
32.541471167229666,-114.62952183007154,33.7269162495931,39.21982044464421,0.770775737797099,0.317,0.03369886428117752,0
33.02656142065421,-115.59970233692063,32.8536252339681,50.5001924898212,2.246037675967136,0.4703,0.14035730063915253,0
34.805225683210864,-114.19833049369417,28.61965713500979,60.51182223572192,5.371289471325712,0.139,1.7933974266052246,0
41.865983816390305,-116.56988284376972,25.907661692301474,31.391086489158283,7.164813595120357,0.19255,1.5481092929840088,0
35.37116431220616,-116.51598392672254,24.842964426676474,72.67160087285554,5.347350306774003,0.10020000000000001,2.005422592163086,0
40.976651685111975,-118.91448573532166,28.14700088500979,31.439974632471557,8.394893849169016,0.09165000000000001,0.7298752665519714,0
37.958312330470385,-115.16851100054326,21.227730051676474,63.52569103401432,7.067650163395884,0.1466,3.288766860961914,0
36.422193194626004,-114.49477453745362,28.729683176676474,54.415940151650865,10.887439842067023,0.14265,2.0392873287200928,0
35.82930510710712,-114.3330777863121,26.089953358968103,54.405834811461936,12.548784615727516,0.1759,3.9987754821777344,0
38.20085745718265,-119.10313194498676,16.248400624593103,72.39767191401747,3.05687024145966,0.25520000000000004,3.720139503479004,0
40.94970222658839,-117.62091172618955,25.11745986938479,32.563123709707796,5.048883745870734,0.2164,6.7907304763793945,0
40.7341065583997,-114.27917886926494,24.50051651000979,36.380160640232475,4.114140115866351,0.27926666666666666,0.8840309381484985,0
41.4886913970601,-120.26195866150094,22.899279530843103,40.46151855794785,7.64893521059107,0.4086,1.2870073318481445,0
40.06037009531006,-116.83937742900557,21.838976796468103,52.62714220807921,4.27931888188632,0.2748,5.301489353179932,0
34.185388137168395,-119.10313194498676,21.942573801676474,75.68482621808162,7.514661574651822,0.44260000000000005,0.0937449261546135,0
37.095929657715644,-120.85484674901983,27.30593643188479,40.66177332976199,8.015412411635051,0.3513,0.07470320165157318,0
39.17103796403174,-122.63351101157649,26.746284739176474,36.14021323801327,4.935535170477907,0.5132,3.4987528324127197,0
38.79374554470154,-116.0039442147744,20.02200088500979,62.72145497341359,3.9096907602175377,0.116425,1.4127941131591797,0
39.27883579812608,-120.96264458311417,25.640978749593103,40.67298749170542,4.107905352503029,0.7367,2.837270736694336,0
40.114269012357234,-114.8990164153074,21.213569895426474,47.35842946762762,3.842400502191319,0.3191,11.536865234375,0
38.38950366684775,-116.38123663410461,19.677111562093103,70.56736449305001,3.441658648367789,0.1579,6.808165073394775,0
35.74845673153636,-117.62091172618955,26.538032786051474,58.17047477270593,5.675541225773892,0.06925,0.045992184430360794,0
41.27309572887142,-123.09165180647744,23.97414932250979,44.32935769328187,1.2705963309159234,0.7632800000000001,9.592281341552734,0
32.75706683541835,-115.76139908806215,31.687690989176474,52.81750120254637,0.857547668989127,0.3044,0.27739521861076355,0
40.222066846451575,-123.36114639171329,25.119006093343103,48.681255112616675,2.056818282811394,0.5625,3.798673629760742,0
36.6108394042911,-119.69602003250564,33.5921506245931,30.448003046783462,2.0695435443777006,0.38230000000000003,0.07781766355037689,0
34.34708488830991,-114.84511749826024,28.08572158813479,53.412567992830084,4.345435477945493,0.124,3.3811259269714355,0
36.260496443484485,-118.75278898418014,22.83620986938479,67.25390627485405,0.44143755721028566,0.528975,9.230002403259277,0
40.81495493397046,-123.5497926013784,24.91946182250979,50.62490563037566,1.2500730377237834,0.7596200000000001,13.067766189575195,1
40.841904392494044,-123.60369151842556,23.213732655843103,53.55849997161395,1.2947363348140402,0.7944666666666668,10.55318832397461,1
40.841904392494044,-123.63064097694915,23.213732655843103,53.55849997161395,1.2947363348140402,0.7944666666666668,5.34627628326416,1
41.704287065248785,-122.795207762718,24.36111221313479,39.83627019543709,2.638258965659213,0.6470750000000001,8.238101959228516,1
41.81208489934313,-123.22639909909536,24.970161692301474,42.06336306487342,1.7797381979250508,0.6736000000000001,6.456965923309326,1
41.731236523772374,-122.84910667976517,24.36111221313479,39.83627019543709,2.638258965659213,0.6470750000000001,5.551605224609375,1
41.81208489934313,-123.14555072352461,24.41042861938479,43.35315647443952,1.6772916732421852,0.61285,11.5649995803833,1
41.865983816390305,-123.22639909909536,23.797228749593103,43.35242903110456,2.1400034611497025,0.63185,6.066047191619873,1
41.731236523772374,-122.87605613828876,25.21609268188479,40.08937975032703,2.1925176578896886,0.6470750000000001,4.830569744110107,1
41.785135440819545,-123.22639909909536,24.970161692301474,42.06336306487342,1.7797381979250508,0.6212,1.3243314027786255,1
41.865983816390305,-123.25334855761895,24.11453018188479,40.289470475552676,2.612981759025675,0.63185,4.459393501281738,1
41.704287065248785,-122.82215722124158,24.36111221313479,39.83627019543709,2.638258965659213,0.6470750000000001,3.2969677448272705,1
40.81495493397046,-123.57674205990197,23.213732655843103,53.55849997161395,1.2947363348140402,0.7596200000000001,8.253260612487793,1
41.81208489934313,-123.19944964057179,24.970161692301474,42.06336306487342,1.7797381979250508,0.6153500000000001,10.109959602355957,1
41.839034357866716,-123.22639909909536,24.970161692301474,42.06336306487342,1.7797381979250508,0.681,10.630008697509766,1
41.865983816390305,-123.28029801614254,24.11453018188479,40.289470475552676,2.612981759025675,0.681,4.9007649421691895,1
41.865983816390305,-123.30724747466613,24.11453018188479,40.289470475552676,2.612981759025675,0.681,5.144050598144531,1
41.839034357866716,-123.25334855761895,25.701769765218103,40.51914321220017,2.0914513162022357,0.681,8.428571701049805,1
41.785135440819545,-122.90300559681233,25.066271718343103,42.66983453693251,2.5756710332853086,0.68625,4.967172145843506,1
41.839034357866716,-123.19944964057179,24.970161692301474,42.06336306487342,1.7797381979250508,0.63185,1.8142414093017578,1
41.785135440819545,-122.92995505533592,25.066271718343103,42.66983453693251,2.5756710332853086,0.68625,8.108012199401855,1
41.81208489934313,-123.25334855761895,25.701769765218103,40.51914321220017,2.0914513162022357,0.6736000000000001,2.665076971054077,1
41.81208489934313,-123.1725001820482,24.970161692301474,42.06336306487342,1.7797381979250508,0.6153500000000001,4.603498458862305,1
41.758185982295956,-122.90300559681233,25.066271718343103,42.66983453693251,2.5756710332853086,0.6473,6.110921382904053,1
38.57814987651285,-120.01941353478867,15.963699595133505,61.901459338333396,3.366580238153535,0.4375,6.034519672393799,0
33.53860113260234,-115.89614638068007,35.25992355346682,37.83602635355091,3.2585188142665853,0.07415000000000001,2.5319039821624756,0
32.541471167229666,-114.62952183007154,36.643793996175134,28.83471378660668,7.500057532948692,0.317,0.03369886428117752,0
33.02656142065421,-115.59970233692063,36.14981613159182,30.757815851048733,5.6336598344951225,0.4703,0.14035730063915253,0
34.805225683210864,-114.19833049369417,32.87808761596682,41.96334659063696,2.6473584553419864,0.139,1.7933974266052246,0
41.865983816390305,-116.56988284376972,21.961420949300134,56.06788313587213,11.158179674563286,0.19255,1.5481092929840088,0
35.37116431220616,-116.51598392672254,26.624262746175134,62.856781173173026,1.4141545767834576,0.10020000000000001,2.005422592163086,0
40.976651685111975,-118.91448573532166,24.42862472534182,44.83743811669598,8.121314664085494,0.09165000000000001,0.7298752665519714,0
37.958312330470385,-115.16851100054326,19.46426925659182,69.35211420208883,6.0587667693636735,0.1466,3.288766860961914,0
36.422193194626004,-114.49477453745362,29.945144907633505,49.11374580327049,2.4573764500842086,0.14265,2.0392873287200928,0
35.82930510710712,-114.3330777863121,28.629389699300134,40.55542581632428,4.578857985992331,0.1759,3.9987754821777344,0
38.20085745718265,-119.10313194498676,15.868891652425134,67.01999151473298,2.780844226716351,0.25520000000000004,3.720139503479004,0
40.94970222658839,-117.62091172618955,20.668940480550134,60.261644988355165,7.6145491941336605,0.2164,6.7907304763793945,0
40.7341065583997,-114.27917886926494,18.37003097534182,69.07924175315841,3.907236273790101,0.27926666666666666,0.8840309381484985,0
41.4886913970601,-120.26195866150094,20.016922251383505,50.77789477511831,5.713380796971219,0.4086,1.2870073318481445,0
40.06037009531006,-116.83937742900557,18.25064620971682,78.04694129772042,6.716754410571534,0.2748,5.301489353179932,0
34.185388137168395,-119.10313194498676,21.834467824300134,72.62315056684741,8.885885553414157,0.44260000000000005,0.0937449261546135,0
37.095929657715644,-120.85484674901983,25.269770558675134,51.27121415705624,8.564878919180227,0.3513,0.07470320165157318,0
39.17103796403174,-122.63351101157649,23.69522628784182,47.82335483605519,4.008048667463599,0.5132,3.4987528324127197,0
38.79374554470154,-116.0039442147744,17.75455245971682,71.5697129836064,1.8993623539125895,0.116425,1.4127941131591797,0
39.27883579812608,-120.96264458311417,23.37930831909182,51.088627379861705,3.9997056990068023,0.7367,2.837270736694336,0
40.114269012357234,-114.8990164153074,15.46548995971682,84.24585478436776,4.286160262978362,0.3191,11.536865234375,0
38.38950366684775,-116.38123663410461,18.263178761800134,77.2834598252361,5.800561954561218,0.1579,6.808165073394775,0
35.74845673153636,-117.62091172618955,29.18570480346682,38.49589353767198,3.0864471346891156,0.06925,0.045992184430360794,0
41.27309572887142,-123.09165180647744,21.530756886800134,55.954408656348505,2.0698163167930557,0.7632800000000001,9.592281341552734,0
32.75706683541835,-115.76139908806215,34.82120285034182,32.01929082376183,3.3336621023715,0.3044,0.27739521861076355,0
40.222066846451575,-123.36114639171329,22.28238449096682,61.122252172443666,1.6988698839382703,0.5625,3.798673629760742,0
36.6108394042911,-119.69602003250564,30.84757003784182,36.83562118564586,8.61365585759581,0.38230000000000003,0.07781766355037689,0
34.34708488830991,-114.84511749826024,32.221918996175134,37.162196828671824,5.616126367664295,0.124,3.3811259269714355,0
36.260496443484485,-118.75278898418014,22.82388839721682,50.496795221868794,1.3114980798334737,0.528975,9.230002403259277,0
40.94970222658839,-123.5497926013784,23.12491378784182,55.30331019345365,1.3961007404768269,0.805,5.005652904510498,1
40.81495493397046,-123.5497926013784,23.11173019409182,56.214348072723595,1.2161623933409613,0.7596200000000001,13.067766189575195,1
40.86885385101763,-123.52284314285481,23.12491378784182,55.30331019345365,1.3961007404768269,0.7278,12.303206443786621,1
41.704287065248785,-122.795207762718,23.084060923258505,45.725908863692474,1.5408872607008686,0.6470750000000001,8.238101959228516,1
40.86885385101763,-123.5497926013784,23.12491378784182,55.30331019345365,1.3961007404768269,0.7278,5.83615779876709,1
41.731236523772374,-122.84910667976517,23.084060923258505,45.725908863692474,1.5408872607008686,0.6470750000000001,5.551605224609375,1
40.841904392494044,-123.5497926013784,23.11173019409182,56.214348072723595,1.2161623933409613,0.772675,11.721870422363281,1
40.841904392494044,-123.57674205990197,21.543940480550134,59.67483297038102,1.6813564585574379,0.772675,7.690507888793945,1
41.81208489934313,-122.90300559681233,24.209305063883505,46.89062278231178,1.1905688734253468,0.6011000000000001,3.532303810119629,1
40.895803309541215,-123.52284314285481,23.12491378784182,55.30331019345365,1.3961007404768269,0.7373000000000001,9.741235733032227,1
41.81208489934313,-123.14555072352461,23.506831105550134,47.21566902442135,1.4769449559167007,0.61285,11.5649995803833,1
41.865983816390305,-123.22639909909536,22.97965011596682,48.79732584468183,1.713184348758033,0.63185,6.066047191619873,1
40.78800547544687,-123.60369151842556,21.543940480550134,59.67483297038102,1.6813564585574379,0.7726500000000001,8.656781196594238,1
41.731236523772374,-122.87605613828876,23.98770675659182,46.41707096303447,1.3824099810282944,0.6470750000000001,4.830569744110107,1
40.895803309541215,-123.60369151842556,22.00333175659182,59.62180593038712,1.7020375258136384,0.7278,4.909977912902832,1
40.895803309541215,-123.5497926013784,23.12491378784182,55.30331019345365,1.3961007404768269,0.7373000000000001,9.043500900268555,1
41.865983816390305,-123.25334855761895,22.901362355550134,49.56086278522694,1.8421449518693638,0.63185,4.459393501281738,1
41.704287065248785,-122.82215722124158,23.084060923258505,45.725908863692474,1.5408872607008686,0.6470750000000001,3.2969677448272705,1
40.81495493397046,-123.57674205990197,21.543940480550134,59.67483297038102,1.6813564585574379,0.7596200000000001,8.253260612487793,1
40.86885385101763,-123.46894422580763,23.12491378784182,55.30331019345365,1.3961007404768269,0.7373000000000001,6.896580219268799,1
41.839034357866716,-123.22639909909536,23.858230845133505,47.763248197643165,1.5809375077451426,0.681,10.630008697509766,1
41.865983816390305,-123.28029801614254,22.901362355550134,49.56086278522694,1.8421449518693638,0.681,4.9007649421691895,1
41.865983816390305,-123.30724747466613,22.901362355550134,49.56086278522694,1.8421449518693638,0.681,5.144050598144531,1
41.839034357866716,-123.25334855761895,24.23746261596682,48.78754165745276,1.734215731143147,0.681,8.428571701049805,1
40.94970222658839,-123.52284314285481,23.12491378784182,55.30331019345365,1.3961007404768269,0.7725000000000001,6.887692928314209,1
41.785135440819545,-122.90300559681233,24.209305063883505,46.89062278231178,1.1905688734253468,0.68625,4.967172145843506,1
41.839034357866716,-123.19944964057179,23.858230845133505,47.763248197643165,1.5809375077451426,0.63185,1.8142414093017578,1
41.785135440819545,-122.92995505533592,24.209305063883505,46.89062278231178,1.1905688734253468,0.68625,8.108012199401855,1
40.86885385101763,-123.49589368433122,23.12491378784182,55.30331019345365,1.3961007404768269,0.7373000000000001,6.980788707733154,1
41.81208489934313,-122.92995505533592,24.209305063883505,46.89062278231178,1.1905688734253468,0.6011000000000001,5.707345485687256,1
38.57814987651285,-120.01941353478867,17.364692306518577,50.41743375264065,3.1800911807734096,0.4375,6.034519672393799,0
33.53860113260234,-115.89614638068007,37.19135246276858,26.505806920615328,3.9452149559451146,0.07415000000000001,2.5319039821624756,0
32.541471167229666,-114.62952183007154,36.34979972839358,34.26873665744618,13.56135355965617,0.317,0.03369886428117752,0
33.02656142065421,-115.59970233692063,37.44021313985189,22.96706880314863,3.552110543875054,0.4703,0.14035730063915253,0
34.805225683210864,-114.19833049369417,34.74717928568526,30.626299474275065,1.2056738462673473,0.139,1.7933974266052246,0
41.865983816390305,-116.56988284376972,22.254177983601892,44.68102121697367,4.821564452602447,0.19255,1.5481092929840088,0
35.37116431220616,-116.51598392672254,29.129991785685263,37.570263509771515,1.360252456951803,0.10020000000000001,2.005422592163086,0
40.976651685111975,-118.91448573532166,27.398302332560263,25.57632998461377,1.9098407185180222,0.09165000000000001,0.7298752665519714,0
37.958312330470385,-115.16851100054326,20.988634363810263,50.415054094299435,5.275559599385539,0.1466,3.288766860961914,0
36.422193194626004,-114.49477453745362,32.25051587422689,30.63884881466747,7.255576401827656,0.14265,2.0392873287200928,0
35.82930510710712,-114.3330777863121,30.526232020060263,26.53382252133143,7.0436796950813765,0.1759,3.9987754821777344,0
38.20085745718265,-119.10313194498676,19.087755457560263,42.56659507347301,3.734187816639897,0.25520000000000004,3.720139503479004,0
40.94970222658839,-117.62091172618955,22.697944259643577,42.40745316864748,4.154477347446803,0.2164,6.7907304763793945,0
40.7341065583997,-114.27917886926494,18.680610275268577,68.06683416193671,0.9553724402663785,0.27926666666666666,0.8840309381484985,0
41.4886913970601,-120.26195866150094,23.044542566935263,33.47858138825234,3.195930969982856,0.4086,1.2870073318481445,0
40.06037009531006,-116.83937742900557,20.658393478393577,56.3816988980356,2.9601869515741295,0.2748,5.301489353179932,0
34.185388137168395,-119.10313194498676,22.977241134643577,62.78942795968152,8.471558078957141,0.44260000000000005,0.0937449261546135,0
37.095929657715644,-120.85484674901983,25.557156499226892,45.451567079649344,7.6607118449312726,0.3513,0.07470320165157318,0
39.17103796403174,-122.63351101157649,24.989366785685263,39.195372382813424,2.529915302257083,0.5132,3.4987528324127197,0
38.79374554470154,-116.0039442147744,19.820340092976892,50.447089117490826,1.3825795768933873,0.116425,1.4127941131591797,0
39.27883579812608,-120.96264458311417,24.324490483601892,43.817436441292905,3.079240538552238,0.7367,2.837270736694336,0
40.114269012357234,-114.8990164153074,17.237169520060263,60.76808036076136,0.8991112270478474,0.3191,11.536865234375,0
38.38950366684775,-116.38123663410461,20.207709884643577,51.33769782437013,3.036346621899622,0.1579,6.808165073394775,0
35.74845673153636,-117.62091172618955,32.03835767110189,18.17571530084058,2.876540414888662,0.06925,0.045992184430360794,0
41.27309572887142,-123.09165180647744,22.329536056518577,43.53463423433945,2.022584516726026,0.7632800000000001,9.592281341552734,0
32.75706683541835,-115.76139908806215,36.19175936381026,23.508775120459692,3.0724117355498817,0.3044,0.27739521861076355,0
40.222066846451575,-123.36114639171329,22.067329025268577,56.51006131418851,1.1158477476095703,0.5625,3.798673629760742,0
36.6108394042911,-119.69602003250564,30.478217697143577,32.84024608612059,10.742331785547318,0.38230000000000003,0.07781766355037689,0
34.34708488830991,-114.84511749826024,34.92499504089358,23.573982010497023,1.8656346859115736,0.124,3.3811259269714355,0
36.260496443484485,-118.75278898418014,23.437202072143577,41.54919546961789,0.4651452196726433,0.528975,9.230002403259277,0
40.86885385101763,-123.52284314285481,23.091498947143577,51.104637576397764,1.1167997674201264,0.7278,12.303206443786621,1
40.86885385101763,-123.5497926013784,23.091498947143577,51.104637576397764,1.1167997674201264,0.7278,5.83615779876709,1
40.895803309541215,-123.52284314285481,23.091498947143577,51.104637576397764,1.1167997674201264,0.7373000000000001,9.741235733032227,1
40.78800547544687,-123.60369151842556,21.443793869018577,57.9050772128792,1.152760202095615,0.7726500000000001,8.656781196594238,1
40.895803309541215,-123.60369151842556,21.884630457560263,57.84733531158044,1.202119935870725,0.7278,4.909977912902832,1
40.78800547544687,-123.65759043547274,19.943061447143577,65.9949923764505,1.4256082408916544,0.817125,7.560766220092773,1
40.895803309541215,-123.5497926013784,23.091498947143577,51.104637576397764,1.1167997674201264,0.7373000000000001,9.043500900268555,1
40.78800547544687,-123.63064097694915,21.443793869018577,57.9050772128792,1.152760202095615,0.817125,4.827826976776123,1
40.78800547544687,-123.57674205990197,21.443793869018577,57.9050772128792,1.152760202095615,0.7155333333333334,10.764266967773438,1
40.78800547544687,-123.5497926013784,23.097439702351892,51.605920742793955,1.1317731969030567,0.7155333333333334,9.908361434936523,1
40.86885385101763,-123.46894422580763,23.091498947143577,51.104637576397764,1.1167997674201264,0.7373000000000001,6.896580219268799,1
40.94970222658839,-123.52284314285481,23.091498947143577,51.104637576397764,1.1167997674201264,0.7725000000000001,6.887692928314209,1
40.86885385101763,-123.49589368433122,23.091498947143577,51.104637576397764,1.1167997674201264,0.7373000000000001,6.980788707733154,1
40.895803309541215,-123.57674205990197,21.884630457560263,57.84733531158044,1.202119935870725,0.7278,2.8124165534973145,1
40.94970222658839,-123.49589368433122,23.091498947143577,51.104637576397764,1.1167997674201264,0.7725000000000001,4.530927658081055,1
38.57814987651285,-120.01941353478867,17.653511937459314,47.33828914751148,3.624203268586998,0.4375,6.034519672393799,0
33.53860113260234,-115.89614638068007,35.085396703084314,42.31290748286084,6.109122424586624,0.07415000000000001,2.5319039821624756,0
32.541471167229666,-114.62952183007154,33.715198135376,46.23556530224812,14.752244974014426,0.317,0.03369886428117752,0
33.02656142065421,-115.59970233692063,36.505155817667685,36.14996644472056,8.751755370250718,0.4703,0.14035730063915253,0
34.805225683210864,-114.19833049369417,34.521757380167685,33.584152126453766,8.011126994207206,0.139,1.7933974266052246,0
41.865983816390305,-116.56988284376972,25.693306859334314,25.2797017002537,7.46244493414474,0.19255,1.5481092929840088,0
35.37116431220616,-116.51598392672254,30.351509984334314,33.07686588936082,4.119759899748616,0.10020000000000001,2.005422592163086,0
40.976651685111975,-118.91448573532166,29.326037979126,18.887647162729092,3.981594907986253,0.09165000000000001,0.7298752665519714,0
37.958312330470385,-115.16851100054326,23.766874567667685,37.25815250477329,1.0647483768919082,0.1466,3.288766860961914,0
36.422193194626004,-114.49477453745362,35.055286026001,25.33957937937433,3.3613644722944223,0.14265,2.0392873287200928,0
35.82930510710712,-114.3330777863121,31.563668187459314,27.667818173955517,6.071725364777489,0.1759,3.9987754821777344,0
38.20085745718265,-119.10313194498676,18.122750218709314,50.78014650303382,5.0862068527859385,0.25520000000000004,3.720139503479004,0
40.94970222658839,-117.62091172618955,24.948596572876,26.308971814475115,6.408667801568021,0.2164,6.7907304763793945,0
40.7341065583997,-114.27917886926494,20.725777562459314,56.823379066383026,1.9899922069872182,0.27926666666666666,0.8840309381484985,0
41.4886913970601,-120.26195866150094,23.642037328084314,29.92793748236532,4.889210951111443,0.4086,1.2870073318481445,0
40.06037009531006,-116.83937742900557,22.364286677042685,44.06055959774952,4.322572685215353,0.2748,5.301489353179932,0
34.185388137168395,-119.10313194498676,24.214709854126,65.64011976381921,4.797183108319595,0.44260000000000005,0.0937449261546135,0
37.095929657715644,-120.85484674901983,25.091500218709314,42.50743126547093,7.467207512730074,0.3513,0.07470320165157318,0
39.17103796403174,-122.63351101157649,24.121041234334314,36.42627760769149,3.674040399944161,0.5132,3.4987528324127197,0
38.79374554470154,-116.0039442147744,21.569853083292685,39.9892072646993,1.2584412973133303,0.116425,1.4127941131591797,0
39.27883579812608,-120.96264458311417,24.764677302042685,35.234441738916516,3.2436462817330316,0.7367,2.837270736694336,0
40.114269012357234,-114.8990164153074,19.053251520792685,54.91149684291267,2.5127468634880015,0.3191,11.536865234375,0
38.38950366684775,-116.38123663410461,22.348905817667685,35.166086069657815,2.064378497559122,0.1579,6.808165073394775,0
35.74845673153636,-117.62091172618955,33.101509984334314,20.386588653533963,4.082894804264266,0.06925,0.045992184430360794,0
41.27309572887142,-123.09165180647744,22.354358291626,35.61650133118742,2.799206548862075,0.7632800000000001,9.592281341552734,0
32.75706683541835,-115.76139908806215,35.403918838501,35.29312726776056,6.79950676716315,0.3044,0.27739521861076355,0
40.222066846451575,-123.36114639171329,20.308134333292685,61.14972639097377,2.8833067235645187,0.5625,3.798673629760742,0
36.6108394042911,-119.69602003250564,30.149198786417685,29.80353352387174,12.30195695098229,0.38230000000000003,0.07781766355037689,0
34.34708488830991,-114.84511749826024,33.746773656209314,32.791897422726485,13.224315643636814,0.124,3.3811259269714355,0
36.260496443484485,-118.75278898418014,23.634875869751,46.09358816607008,1.3062779543029002,0.528975,9.230002403259277,0
40.81495493397046,-123.5497926013784,20.655220921834314,65.14544096092123,2.951635173743353,0.7596200000000001,13.067766189575195,1
40.86885385101763,-123.52284314285481,20.673450088501,63.26849076728778,2.7741484384807293,0.7278,12.303206443786621,1
41.839034357866716,-122.795207762718,26.197131729126,26.225714329794176,2.5817757865758924,0.46950000000000003,5.767147064208984,1
41.704287065248785,-122.795207762718,25.215279515584314,23.724227230170012,3.664240228716681,0.6470750000000001,8.238101959228516,1
40.86885385101763,-123.5497926013784,20.673450088501,63.26849076728778,2.7741484384807293,0.7278,5.83615779876709,1
41.731236523772374,-122.84910667976517,25.215279515584314,23.724227230170012,3.664240228716681,0.6470750000000001,5.551605224609375,1
40.841904392494044,-123.5497926013784,20.655220921834314,65.14544096092123,2.951635173743353,0.772675,11.721870422363281,1
40.841904392494044,-123.57674205990197,19.285510635376,68.80658538489493,2.8969539323954665,0.772675,7.690507888793945,1
40.895803309541215,-123.52284314285481,20.673450088501,63.26849076728778,2.7741484384807293,0.7373000000000001,9.741235733032227,1
41.865983816390305,-122.84910667976517,24.812040583292685,30.103867517352377,1.4932340014734278,0.46950000000000003,8.252592086791992,1
41.731236523772374,-122.87605613828876,25.887073135376,26.427073381851727,2.8449905494440704,0.6470750000000001,4.830569744110107,1
40.895803309541215,-123.60369151842556,19.438098526001,68.90902481015705,2.8566853722511882,0.7278,4.909977912902832,1
40.895803309541215,-123.5497926013784,20.673450088501,63.26849076728778,2.7741484384807293,0.7373000000000001,9.043500900268555,1
40.94970222658839,-123.57674205990197,19.438098526001,68.90902481015705,2.8566853722511882,0.779375,8.542736053466797,1
41.704287065248785,-122.82215722124158,25.215279515584314,23.724227230170012,3.664240228716681,0.6470750000000001,3.2969677448272705,1
40.81495493397046,-123.57674205990197,19.285510635376,68.80658538489493,2.8969539323954665,0.7596200000000001,8.253260612487793,1
40.86885385101763,-123.46894422580763,20.673450088501,63.26849076728778,2.7741484384807293,0.7373000000000001,6.896580219268799,1
40.94970222658839,-123.52284314285481,20.673450088501,63.26849076728778,2.7741484384807293,0.7725000000000001,6.887692928314209,1
40.86885385101763,-123.49589368433122,20.673450088501,63.26849076728778,2.7741484384807293,0.7373000000000001,6.980788707733154,1
40.94970222658839,-123.60369151842556,19.438098526001,68.90902481015705,2.8566853722511882,0.779375,10.183582305908203,1
40.895803309541215,-123.57674205990197,19.438098526001,68.90902481015705,2.8566853722511882,0.7278,2.8124165534973145,1
40.94970222658839,-123.49589368433122,20.673450088501,63.26849076728778,2.7741484384807293,0.7725000000000001,4.530927658081055,1
38.57814987651285,-120.01941353478867,17.020685450236044,51.80890164424502,5.136758231797338,0.4375,6.034519672393799,0
33.53860113260234,-115.89614638068007,34.23585472106936,47.49735427785755,3.691550916424404,0.07415000000000001,2.5319039821624756,0
32.541471167229666,-114.62952183007154,34.66171735127767,38.21519479602818,9.332973450964916,0.317,0.03369886428117752,0
33.02656142065421,-115.59970233692063,36.427179590861044,35.61848522585972,4.206347204196868,0.4703,0.14035730063915253,0
34.805225683210864,-114.19833049369417,33.181574122111044,40.188174326848,7.188375636813451,0.139,1.7933974266052246,0
41.865983816390305,-116.56988284376972,26.75050315856936,26.59635988406211,12.5198076390157,0.19255,1.5481092929840088,0
35.37116431220616,-116.51598392672254,30.066258366902673,37.60344345780009,8.337596434541634,0.10020000000000001,2.005422592163086,0
40.976651685111975,-118.91448573532166,26.246922429402673,38.6529131581453,2.583305994750718,0.09165000000000001,0.7298752665519714,0
37.958312330470385,-115.16851100054326,23.511652247111044,47.943627020166424,5.082259578572201,0.1466,3.288766860961914,0
36.422193194626004,-114.49477453745362,31.86598167419436,43.951055824416855,5.945353636213256,0.14265,2.0392873287200928,0
35.82930510710712,-114.3330777863121,29.440770085652673,37.46920672380728,6.492296356881728,0.1759,3.9987754821777344,0
38.20085745718265,-119.10313194498676,17.014500554402673,63.843792860421814,5.605602979954488,0.25520000000000004,3.720139503479004,0
40.94970222658839,-117.62091172618955,25.167902247111044,30.20940178438329,4.852806375780504,0.2164,6.7907304763793945,0
40.7341065583997,-114.27917886926494,23.689630762736044,37.46090874148434,3.4144351348280386,0.27926666666666666,0.8840309381484985,0
41.4886913970601,-120.26195866150094,21.321954981486044,48.11986374350882,2.862700596659101,0.4086,1.2870073318481445,0
40.06037009531006,-116.83937742900557,22.36524925231936,48.63373165216395,5.4108037619260525,0.2748,5.301489353179932,0
34.185388137168395,-119.10313194498676,24.191828028361044,68.09092920478508,4.6090215254060265,0.44260000000000005,0.0937449261546135,0
37.095929657715644,-120.85484674901983,25.67262229919436,42.43578286229418,7.505276736637436,0.3513,0.07470320165157318,0
39.17103796403174,-122.63351101157649,23.608087793986044,35.678572941475046,5.392213180540538,0.5132,3.4987528324127197,0
38.79374554470154,-116.0039442147744,20.71803245544436,50.76942379943671,3.0472983411401238,0.116425,1.4127941131591797,0
39.27883579812608,-120.96264458311417,24.205662663777673,36.401918502714366,4.13295978541052,0.7367,2.837270736694336,0
40.114269012357234,-114.8990164153074,21.12892112731936,41.90363396060929,3.264932716915027,0.3191,11.536865234375,0
38.38950366684775,-116.38123663410461,20.901707585652673,52.3459628969131,1.8100053935690041,0.1579,6.808165073394775,0
35.74845673153636,-117.62091172618955,32.19711774190267,25.69933639021388,8.661123936971547,0.06925,0.045992184430360794,0
41.27309572887142,-123.09165180647744,21.221531804402673,38.89344262827861,3.1284288979763915,0.7632800000000001,9.592281341552734,0
32.75706683541835,-115.76139908806215,35.33090680440267,35.65472516874476,2.8178775260562823,0.3044,0.27739521861076355,0
40.222066846451575,-123.36114639171329,19.84669456481936,57.951570622582125,2.994582493953704,0.5625,3.798673629760742,0
36.6108394042911,-119.69602003250564,30.64967308044436,28.019588531777277,9.957828909719716,0.38230000000000003,0.07781766355037689,0
34.34708488830991,-114.84511749826024,31.886408106486044,37.88691996281843,10.329236447328759,0.124,3.3811259269714355,0
36.260496443484485,-118.75278898418014,23.60279808044436,49.33328828389399,0.19836965603072346,0.528975,9.230002403259277,0
40.81495493397046,-123.5497926013784,20.38722190856936,61.293447862752345,2.7002510700351245,0.7596200000000001,13.067766189575195,1
40.81495493397046,-123.60369151842556,18.805760320027673,65.09340445118438,2.5136211381456564,0.8004,9.209176063537598,1
34.93997297582879,-114.54867345450079,34.458673731486044,35.14104634751594,8.730102957948215,0.25155,1.5757381916046143,1
39.84477442712138,-121.93282508996326,29.453790918986044,25.697462529348986,10.960845455929585,0.3558,0.28789693117141724,1
39.14408850550815,-122.2023196751991,27.37599143981936,32.25247774432945,7.897397784723227,0.4653666666666667,0.17242184281349182,1
40.922752768064804,-123.5497926013784,20.43653831481936,59.915270125820975,2.5743451517088256,0.7911,7.859385013580322,1
39.14408850550815,-122.2292691337227,27.37599143981936,32.25247774432945,7.897397784723227,0.4653666666666667,0.24560484290122986,1
40.81495493397046,-123.57674205990197,18.805760320027673,65.09340445118438,2.5136211381456564,0.7596200000000001,8.253260612487793,1
34.93997297582879,-114.57562291302438,35.23731956481936,34.9090125404724,9.013434918894268,0.25155,0.5788237452507019,1
39.81782496859779,-121.87892617291608,29.453790918986044,25.697462529348986,10.960845455929585,0.3719,0.49807965755462646,1
38.57814987651285,-120.01941353478867,15.785047785441122,50.675552629640364,6.979918284765996,0.4375,6.034519672393799,0
33.53860113260234,-115.89614638068007,35.15239804585775,35.84702615807212,3.0860969675892647,0.07415000000000001,2.5319039821624756,0
32.541471167229666,-114.62952183007154,35.30962460835775,39.04985812812395,8.289627707758052,0.317,0.03369886428117752,0
33.02656142065421,-115.59970233692063,36.30010312398275,29.219323049896683,4.5013419494514615,0.4703,0.14035730063915253,0
34.805225683210864,-114.19833049369417,30.980929946899437,56.99525631751005,2.0095584758018807,0.139,1.7933974266052246,0
41.865983816390305,-116.56988284376972,22.714247004191122,52.958856587143984,11.501402417429116,0.19255,1.5481092929840088,0
35.37116431220616,-116.51598392672254,30.19927304585775,27.83323682942436,7.624802737477756,0.10020000000000001,2.005422592163086,0
40.976651685111975,-118.91448573532166,23.231092707316122,62.39611357235354,4.115676903084006,0.09165000000000001,0.7298752665519714,0
37.958312330470385,-115.16851100054326,21.418674087524437,66.98941796581195,6.001238297496089,0.1466,3.288766860961914,0
36.422193194626004,-114.49477453745362,30.544569269816122,51.05897291729647,3.9066916935516027,0.14265,2.0392873287200928,0
35.82930510710712,-114.3330777863121,27.34478085835775,57.63650299655989,3.1915917912393463,0.1759,3.9987754821777344,0
38.20085745718265,-119.10313194498676,16.592176691691122,55.969375964492805,7.2970236680746465,0.25520000000000004,3.720139503479004,0
40.94970222658839,-117.62091172618955,21.294325129191122,60.990042135881716,3.944036060873362,0.2164,6.7907304763793945,0
40.7341065583997,-114.27917886926494,23.359347915649437,45.04826477453397,4.072841802708951,0.27926666666666666,0.8840309381484985,0
41.4886913970601,-120.26195866150094,19.588351821899437,40.041872707812246,8.276372452959858,0.4086,1.2870073318481445,0
40.06037009531006,-116.83937742900557,20.595350519816122,68.5615258113646,4.4670834408886995,0.2748,5.301489353179932,0
34.185388137168395,-119.10313194498676,24.832655207316122,61.141943187799285,3.4457391706775153,0.44260000000000005,0.0937449261546135,0
37.095929657715644,-120.85484674901983,24.664930597941122,42.78987867770267,7.189103124890227,0.3513,0.07470320165157318,0
39.17103796403174,-122.63351101157649,21.219699478149437,39.1736630920158,4.987615843723263,0.5132,3.4987528324127197,0
38.79374554470154,-116.0039442147744,19.661349868774437,67.60264332726365,7.475200835394934,0.116425,1.4127941131591797,0
39.27883579812608,-120.96264458311417,22.47124570210775,35.07442526170479,5.496881404359498,0.7367,2.837270736694336,0
40.114269012357234,-114.8990164153074,19.72246640523275,60.997999069794695,5.083530025490787,0.3191,11.536865234375,0
38.38950366684775,-116.38123663410461,19.758517837524437,68.68229901346604,4.754204265024987,0.1579,6.808165073394775,0
35.74845673153636,-117.62091172618955,30.924696222941122,24.214489458538466,8.797036656300637,0.06925,0.045992184430360794,0
41.27309572887142,-123.09165180647744,17.540744400024437,51.60523497220011,4.163618641221916,0.7632800000000001,9.592281341552734,0
32.75706683541835,-115.76139908806215,34.68259010314944,30.364170824985255,4.172209469889281,0.3044,0.27739521861076355,0
40.222066846451575,-123.36114639171329,16.956678644816122,53.67936572161367,2.559242055524669,0.5625,3.798673629760742,0
36.6108394042911,-119.69602003250564,29.723849868774437,29.344073051773517,10.800377865327498,0.38230000000000003,0.07781766355037689,0
34.34708488830991,-114.84511749826024,31.297092056274437,42.70094188898075,5.515737505868312,0.124,3.3811259269714355,0
36.260496443484485,-118.75278898418014,23.08428281148275,45.304951012435936,0.6844901361329161,0.528975,9.230002403259277,0
39.17103796403174,-122.25621859224628,24.876193618774437,36.29823724948334,6.3648342607659565,0.4207,0.1655719131231308,1
32.541471167229666,-115.11461208349608,35.76445859273275,38.001514318689864,3.807971392920031,0.33855,0.017191162332892418,1
39.14408850550815,-122.2023196751991,24.859998957316122,36.496276922658026,7.160315658710934,0.4653666666666667,0.17242184281349182,1
39.19798742255532,-122.31011750929345,24.876193618774437,36.29823724948334,6.3648342607659565,0.4207,1.5000172853469849,1
39.14408850550815,-122.2292691337227,24.859998957316122,36.496276922658026,7.160315658710934,0.4653666666666667,0.24560484290122986,1
32.541471167229666,-115.14156154201967,35.76445859273275,38.001514318689864,3.807971392920031,0.33855,0.017191162332892418,1
38.57814987651285,-120.01941353478867,16.114318466186546,43.791942377588,5.258486605841314,0.4375,6.034519672393799,0
33.53860113260234,-115.89614638068007,35.72182172139486,36.262471730100096,3.92821852137461,0.07415000000000001,2.5319039821624756,0
32.541471167229666,-114.62952183007154,34.540587997436546,42.46518048166801,5.203772411994039,0.317,0.03369886428117752,0
33.02656142065421,-115.59970233692063,36.72694867451986,33.242408486965886,6.810328443851116,0.4703,0.14035730063915253,0
34.805225683210864,-114.19833049369417,31.639953231811546,53.16245101641164,2.6528774340549455,0.139,1.7933974266052246,0
41.865983816390305,-116.56988284376972,22.616027450561546,55.44360832099385,9.452541529844606,0.19255,1.5481092929840088,0
35.37116431220616,-116.51598392672254,31.550516382853232,21.658326568083687,7.945243257778739,0.10020000000000001,2.005422592163086,0
40.976651685111975,-118.91448573532166,24.63564008076986,34.88860162838494,4.6798775801462495,0.09165000000000001,0.7298752665519714,0
37.958312330470385,-115.16851100054326,22.304992294311546,58.969240662877844,3.982976934995863,0.1466,3.288766860961914,0
36.422193194626004,-114.49477453745362,32.229796981811546,40.81220199207134,4.020017858663444,0.14265,2.0392873287200928,0
35.82930510710712,-114.3330777863121,28.718566513061546,42.92998655448776,3.3275278890816002,0.1759,3.9987754821777344,0
38.20085745718265,-119.10313194498676,17.472879664103232,49.75833364688012,6.419157632190363,0.25520000000000004,3.720139503479004,0
40.94970222658839,-117.62091172618955,21.593240992228232,57.603130856165784,3.4663346868241267,0.2164,6.7907304763793945,0
40.7341065583997,-114.27917886926494,21.863016382853232,57.25185844135879,2.3287361734972762,0.27926666666666666,0.8840309381484985,0
41.4886913970601,-120.26195866150094,20.59486859639486,23.927230912321722,5.6414817050863615,0.4086,1.2870073318481445,0
40.06037009531006,-116.83937742900557,20.692687606811546,66.07882058692508,4.346002475244872,0.2748,5.301489353179932,0
34.185388137168395,-119.10313194498676,23.523742294311546,61.96158309849299,7.001903658252998,0.44260000000000005,0.0937449261546135,0
37.095929657715644,-120.85484674901983,26.147684351603232,41.220944590926905,6.843175169945689,0.3513,0.07470320165157318,0
39.17103796403174,-122.63351101157649,23.25063031514486,39.09477316175081,2.864663535200377,0.5132,3.4987528324127197,0
38.79374554470154,-116.0039442147744,20.43300336201986,58.715424858730415,6.397414873714018,0.116425,1.4127941131591797,0
39.27883579812608,-120.96264458311417,23.11439984639486,28.651932219880965,3.666578552321757,0.7367,2.837270736694336,0
40.114269012357234,-114.8990164153074,18.926737085978232,65.07818688583473,2.9304972536537037,0.3191,11.536865234375,0
38.38950366684775,-116.38123663410461,20.476867294311546,61.25612835695649,3.876115064659928,0.1579,6.808165073394775,0
35.74845673153636,-117.62091172618955,31.372782007853232,22.764282797374488,7.404169748465185,0.06925,0.045992184430360794,0
41.27309572887142,-123.09165180647744,19.158263778686546,42.32735224243412,2.3363608536197535,0.7632800000000001,9.592281341552734,0
32.75706683541835,-115.76139908806215,35.10536664326986,30.32388572764695,4.433424575350476,0.3044,0.27739521861076355,0
40.222066846451575,-123.36114639171329,19.132303492228232,56.07175278240073,1.9067379157720947,0.5625,3.798673629760742,0
36.6108394042911,-119.69602003250564,30.689432398478232,25.38420564235089,9.987221728498708,0.38230000000000003,0.07781766355037689,0
34.34708488830991,-114.84511749826024,32.01259320576986,40.47906403831597,6.028110763484211,0.124,3.3811259269714355,0
36.260496443484485,-118.75278898418014,23.22548383076986,42.91880645508495,0.34935338845510694,0.528975,9.230002403259277,0
39.17103796403174,-121.87892617291608,27.196268335978232,32.919004695383684,7.823402224438879,0.48535,0.8695082664489746,1
40.94970222658839,-123.5497926013784,19.197489039103232,57.70929597571697,1.8199071520933945,0.805,5.005652904510498,1
33.75419680079102,-114.44087562040644,35.07045453389486,42.94878178785388,3.272302737215218,0.11386666666666669,0.9597835540771484,1
33.94284301045612,-114.38697670335928,34.85902875264486,43.15474912946368,3.2340414990617212,0.34440000000000004,0.05577566474676132,1
39.17103796403174,-121.85197671439249,27.196268335978232,32.919004695383684,7.823402224438879,0.48535,1.7693305015563965,1
33.94284301045612,-114.36002724483569,34.85902875264486,43.15474912946368,3.2340414990617212,0.34440000000000004,1.9214308261871338,1
40.922752768064804,-123.5497926013784,19.197489039103232,57.70929597571697,1.8199071520933945,0.7911,7.859385013580322,1
40.895803309541215,-123.49589368433122,19.197489039103232,57.70929597571697,1.8199071520933945,0.6393,12.476191520690918,1
39.19798742255532,-121.93282508996326,27.196268335978232,32.919004695383684,7.823402224438879,0.48535,0.03449214994907379,1
40.86885385101763,-123.44199476728406,19.55043500264486,52.71495685439002,1.837492328979404,0.6393,8.023052215576172,1
39.19798742255532,-121.90587563143967,27.196268335978232,32.919004695383684,7.823402224438879,0.48535,0.15028740465641022,1
38.57814987651285,-120.01941353478867,16.504089609781943,36.28655200095681,5.176014595724348,0.4375,6.034519672393799,0
33.53860113260234,-115.89614638068007,36.45282007853194,32.445228164590596,2.7354787719676565,0.07415000000000001,2.5319039821624756,0
32.541471167229666,-114.62952183007154,36.19883244832357,34.15101221492012,9.57082923406628,0.317,0.03369886428117752,0
33.02656142065421,-115.59970233692063,37.60418726603194,25.88775907204414,6.266277872078732,0.4703,0.14035730063915253,0
34.805225683210864,-114.19833049369417,31.654561614990257,51.67752944195391,3.2871070074847775,0.139,1.7933974266052246,0
41.865983816390305,-116.56988284376972,23.89292424519857,44.63877117649273,10.010473914288578,0.19255,1.5481092929840088,0
35.37116431220616,-116.51598392672254,32.07513453165694,23.11961276600931,6.791377288491406,0.10020000000000001,2.005422592163086,0
40.976651685111975,-118.91448573532166,25.617859141031943,20.217889241835387,7.014977863282684,0.09165000000000001,0.7298752665519714,0
37.958312330470385,-115.16851100054326,22.515075937906943,58.97929795719617,6.743714139912489,0.1466,3.288766860961914,0
36.422193194626004,-114.49477453745362,31.177754974365257,44.9331679813075,1.1898677623258942,0.14265,2.0392873287200928,0
35.82930510710712,-114.3330777863121,29.07407658894857,39.32776540741269,0.9928797636752864,0.1759,3.9987754821777344,0
38.20085745718265,-119.10313194498676,18.205587005615257,38.47136563130426,6.957885208723748,0.25520000000000004,3.720139503479004,0
40.94970222658839,-117.62091172618955,23.57969182332357,32.84414192616128,3.1050057881395396,0.2164,6.7907304763793945,0
40.7341065583997,-114.27917886926494,24.23740666707357,41.400247288494484,2.5145765364513215,0.27926666666666666,0.8840309381484985,0
41.4886913970601,-120.26195866150094,20.971700286865257,21.822971194145826,5.54206001545691,0.4086,1.2870073318481445,0
40.06037009531006,-116.83937742900557,22.561544036865257,49.77730629341167,3.7050550675810596,0.2748,5.301489353179932,0
34.185388137168395,-119.10313194498676,23.390320078531943,67.14233074817729,6.36821107376726,0.44260000000000005,0.0937449261546135,0
37.095929657715644,-120.85484674901983,25.840108489990257,37.937030504209574,7.622728774177632,0.3513,0.07470320165157318,0
39.17103796403174,-122.63351101157649,23.391540781656943,32.147101694478614,3.9620419857497513,0.5132,3.4987528324127197,0
38.79374554470154,-116.0039442147744,22.074727630615257,49.124411457362015,7.6800448673178145,0.116425,1.4127941131591797,0
39.27883579812608,-120.96264458311417,23.55161565144857,26.163501314284105,3.500621514767162,0.7367,2.837270736694336,0
40.114269012357234,-114.8990164153074,20.536804453531943,52.81137532205966,3.2841051822177163,0.3191,11.536865234375,0
38.38950366684775,-116.38123663410461,22.852803802490257,47.6769072277729,6.486869081361124,0.1579,6.808165073394775,0
35.74845673153636,-117.62091172618955,31.499776458740257,19.11809676840375,7.356646702917506,0.06925,0.045992184430360794,0
41.27309572887142,-123.09165180647744,19.104675547281943,45.348372834395114,2.7996844787431443,0.7632800000000001,9.592281341552734,0
32.75706683541835,-115.76139908806215,36.23781356811526,24.678458467796062,6.564873200656579,0.3044,0.27739521861076355,0
40.222066846451575,-123.36114639171329,19.12778752644857,50.188727085921755,2.3924199163199535,0.5625,3.798673629760742,0
36.6108394042911,-119.69602003250564,30.664571380615257,24.8066180764616,11.740196943134315,0.38230000000000003,0.07781766355037689,0
34.34708488830991,-114.84511749826024,32.65171330769857,32.37870950439128,4.485448197606997,0.124,3.3811259269714355,0
36.260496443484485,-118.75278898418014,23.378194427490257,37.72322415154905,0.9434126292443135,0.528975,9.230002403259277,0
39.92562280269213,-121.98672400701042,29.242208099365257,21.021239960436645,9.292507480182179,0.32035,0.23493099212646484,1
37.66186828671094,-119.45347490579337,16.794454193115257,40.433419531811424,3.070253593915289,0.0671,9.418607711791992,1
37.63491882818735,-119.45347490579337,16.15415471394857,38.70758065543065,2.1630506323724883,0.3678,5.547949314117432,1
37.66186828671094,-119.4265254472698,14.369486745198571,40.363660248779546,3.744021363861774,0.0671,7.548628330230713,1
37.66186828671094,-119.48042436431696,16.794454193115257,40.433419531811424,3.070253593915289,0.3678,6.396393775939941,1
37.63491882818735,-119.39957598874621,15.261006927490257,40.03645237721899,2.628349244642409,0.0671,6.706083297729492,1
38.41645312537134,-122.66046047010006,20.37046330769857,55.40202387558241,7.243444510556901,0.542,3.2635812759399414,1
38.41645312537134,-122.68740992862365,20.37046330769857,55.40202387558241,7.243444510556901,0.542,4.172544479370117,1
40.78800547544687,-123.60369151842556,16.757995859781943,66.14015763499319,2.9567579605681913,0.7726500000000001,8.656781196594238,1
37.63491882818735,-119.4265254472698,15.261006927490257,40.03645237721899,2.628349244642409,0.3678,7.301201343536377,1
39.38663363222042,-121.98672400701042,28.338806406656943,26.88715288347939,8.538103323366157,0.3993333333333334,0.08040831238031387,1
39.38663363222042,-121.93282508996326,28.248474375406943,26.48490484999054,8.71741379680884,0.3023,0.043476130813360214,1
39.38663363222042,-121.95977454848685,28.338806406656943,26.88715288347939,8.538103323366157,0.3023,0.03452052175998688,1
38.57814987651285,-120.01941353478867,16.736032740275107,28.8827673171236,4.624578772004973,0.4375,6.034519672393799,0
33.53860113260234,-115.89614638068007,35.077259953816736,42.41161636483617,5.33953691959902,0.07415000000000001,2.5319039821624756,0
32.541471167229666,-114.62952183007154,35.01321372985842,38.75306604522504,7.836065006738806,0.317,0.03369886428117752,0
33.02656142065421,-115.59970233692063,36.079945500691736,36.63932479159983,5.153509170846583,0.4703,0.14035730063915253,0
34.805225683210864,-114.19833049369417,30.636179224650107,58.89531493685367,2.3187870414644007,0.139,1.7933974266052246,0
41.865983816390305,-116.56988284376972,24.633981959025107,14.871397880234568,7.2762846475168015,0.19255,1.5481092929840088,0
35.37116431220616,-116.51598392672254,31.282338078816736,30.787521140090302,8.96361387209425,0.10020000000000001,2.005422592163086,0
40.976651685111975,-118.91448573532166,25.24026451110842,11.7338701869195,6.905701589791865,0.09165000000000001,0.7298752665519714,0
37.958312330470385,-115.16851100054326,21.545521672566736,69.07118749447221,5.108266181311853,0.1466,3.288766860961914,0
36.422193194626004,-114.49477453745362,29.259958521525107,59.31915399963117,2.2101157205962494,0.14265,2.0392873287200928,0
35.82930510710712,-114.3330777863121,26.83914146423342,60.383375327903366,1.656096129527067,0.1759,3.9987754821777344,0
38.20085745718265,-119.10313194498676,18.60305747985842,32.539895442425724,5.9652004634224935,0.25520000000000004,3.720139503479004,0
40.94970222658839,-117.62091172618955,24.68826255798342,12.67794240190818,5.797153064169825,0.2164,6.7907304763793945,0
40.7341065583997,-114.27917886926494,24.85671958923342,39.92751775471453,1.688792539393895,0.27926666666666666,0.8840309381484985,0
41.4886913970601,-120.26195866150094,20.43435630798342,23.380687941293008,3.943791596492782,0.4086,1.2870073318481445,0
40.06037009531006,-116.83937742900557,23.071237818400107,34.698502044655086,3.568505558803358,0.2748,5.301489353179932,0
34.185388137168395,-119.10313194498676,24.21780357360842,66.21797857649409,4.713786671698421,0.44260000000000005,0.0937449261546135,0
37.095929657715644,-120.85484674901983,26.231800969441736,33.84072139200889,7.221223654599524,0.3513,0.07470320165157318,0
39.17103796403174,-122.63351101157649,24.65969810485842,26.473188050563135,2.094518489378038,0.5132,3.4987528324127197,0
38.79374554470154,-116.0039442147744,21.26272544860842,57.5305402249176,6.8504637720365364,0.116425,1.4127941131591797,0
39.27883579812608,-120.96264458311417,23.90896568298342,20.55349415737394,1.737123278721484,0.7367,2.837270736694336,0
40.114269012357234,-114.8990164153074,20.240834172566736,57.629516071122524,4.920500629295826,0.3191,11.536865234375,0
38.38950366684775,-116.38123663410461,21.94412193298342,55.257903749893465,4.249946908600243,0.1579,6.808165073394775,0
35.74845673153636,-117.62091172618955,31.45974693298342,17.679622462268153,5.1362961011744135,0.06925,0.045992184430360794,0
41.27309572887142,-123.09165180647744,18.835316594441736,39.28546892303215,2.4797428486914797,0.7632800000000001,9.592281341552734,0
32.75706683541835,-115.76139908806215,35.219105656941736,37.21575732286553,4.26175010388472,0.3044,0.27739521861076355,0
40.222066846451575,-123.36114639171329,19.821237818400107,41.37021973834521,3.4386808723783586,0.5625,3.798673629760742,0
36.6108394042911,-119.69602003250564,30.860788599650107,20.871604522416686,10.731244352482484,0.38230000000000003,0.07781766355037689,0
34.34708488830991,-114.84511749826024,31.612741724650107,41.196847512291555,2.38697240058782,0.124,3.3811259269714355,0
36.260496443484485,-118.75278898418014,23.680856959025107,32.109027979228074,1.091611973057777,0.528975,9.230002403259277,0
37.66186828671094,-119.45347490579337,17.208363469441736,34.60002874145824,2.5883544314182148,0.0671,9.418607711791992,1
37.66186828671094,-119.4265254472698,14.831328964233421,34.31260802211509,3.292209856602222,0.0671,7.548628330230713,1
40.81495493397046,-123.60369151842556,17.062855656941736,56.79175209603731,3.364949777020557,0.8004,9.209176063537598,1
37.63491882818735,-119.39957598874621,15.719675318400107,34.427549430233334,2.143370612741306,0.0671,6.706083297729492,1
40.895803309541215,-123.52284314285481,18.420765813191736,51.27285159604911,2.511779730831048,0.7373000000000001,9.741235733032227,1
40.78800547544687,-123.60369151842556,17.062855656941736,56.79175209603731,3.364949777020557,0.7726500000000001,8.656781196594238,1
40.922752768064804,-123.5497926013784,18.420765813191736,51.27285159604911,2.511779730831048,0.7911,7.859385013580322,1
40.78800547544687,-123.65759043547274,16.151071802775107,63.10230813155208,4.228280551376848,0.817125,7.560766220092773,1
40.895803309541215,-123.5497926013784,18.420765813191736,51.27285159604911,2.511779730831048,0.7373000000000001,9.043500900268555,1
40.895803309541215,-123.49589368433122,18.420765813191736,51.27285159604911,2.511779730831048,0.6393,12.476191520690918,1
40.78800547544687,-123.63064097694915,17.062855656941736,56.79175209603731,3.364949777020557,0.817125,4.827826976776123,1
40.86885385101763,-123.46894422580763,18.420765813191736,51.27285159604911,2.511779730831048,0.7373000000000001,6.896580219268799,1
40.94970222658839,-123.52284314285481,18.420765813191736,51.27285159604911,2.511779730831048,0.7725000000000001,6.887692928314209,1
40.86885385101763,-123.49589368433122,18.420765813191736,51.27285159604911,2.511779730831048,0.7373000000000001,6.980788707733154,1
40.86885385101763,-123.44199476728406,18.969919459025107,46.93735460704714,2.3876753927678376,0.6393,8.023052215576172,1
40.94970222658839,-123.49589368433122,18.420765813191736,51.27285159604911,2.511779730831048,0.7725000000000001,4.530927658081055,1
38.57814987651285,-120.01941353478867,17.28693224589034,26.245357404040092,4.4654558106673115,0.4375,6.034519672393799,0
33.53860113260234,-115.89614638068007,34.266749954223656,48.5659955742349,2.3685859191972525,0.07415000000000001,2.5319039821624756,0
32.541471167229666,-114.62952183007154,35.152736282348656,42.20668969007328,8.820613078315896,0.317,0.03369886428117752,0
33.02656142065421,-115.59970233692063,35.86009305318197,39.79297798616631,1.0099147406241897,0.4703,0.14035730063915253,0
34.805225683210864,-114.19833049369417,31.569484329223656,51.77272384959504,2.5496700330927795,0.139,1.7933974266052246,0
41.865983816390305,-116.56988284376972,24.72858263651534,19.52331100044999,4.37515737188755,0.19255,1.5481092929840088,0
35.37116431220616,-116.51598392672254,31.55109240214034,18.789604049781357,5.566495530997842,0.10020000000000001,2.005422592163086,0
40.976651685111975,-118.91448573532166,26.65338732401534,9.237981901484883,4.924467220067056,0.09165000000000001,0.7298752665519714,0
37.958312330470385,-115.16851100054326,22.124171829223656,64.76108849453138,4.4245519826083495,0.1466,3.288766860961914,0
36.422193194626004,-114.49477453745362,29.874904251098656,53.819148133280116,0.5622801971808643,0.14265,2.0392873287200928,0
35.82930510710712,-114.3330777863121,26.54124539693197,60.496087874614226,1.5777162321423213,0.1759,3.9987754821777344,0
38.20085745718265,-119.10313194498676,19.22174669901534,30.86528351199105,6.13189915071006,0.25520000000000004,3.720139503479004,0
40.94970222658839,-117.62091172618955,25.084621047973656,7.904303885495883,4.0809400440983925,0.2164,6.7907304763793945,0
40.7341065583997,-114.27917886926494,22.892238235473656,51.321931315276224,1.2348650615279044,0.27926666666666666,0.8840309381484985,0
41.4886913970601,-120.26195866150094,20.572658157348656,26.987303911423705,3.8560496253032763,0.4086,1.2870073318481445,0
40.06037009531006,-116.83937742900557,24.071925735473656,20.054528697749994,2.7441483819495653,0.2748,5.301489353179932,0
34.185388137168395,-119.10313194498676,24.635646438598656,65.33292964829432,3.3234707622253308,0.44260000000000005,0.0937449261546135,0
37.095929657715644,-120.85484674901983,26.76251818339034,31.01722666807821,7.6045149571659145,0.3513,0.07470320165157318,0
39.17103796403174,-122.63351101157649,26.36985867818197,21.505480004644873,1.516405762224822,0.5132,3.4987528324127197,0
38.79374554470154,-116.0039442147744,21.06468289693197,57.93651608745273,2.605319477711251,0.116425,1.4127941131591797,0
39.27883579812608,-120.96264458311417,24.58966662089034,18.203382324945267,0.7655537716730854,0.7367,2.837270736694336,0
40.114269012357234,-114.8990164153074,19.73077990214034,61.8555384032953,1.9098520049483472,0.3191,11.536865234375,0
38.38950366684775,-116.38123663410461,22.227443313598656,45.29567573251874,3.0116603205107064,0.1579,6.808165073394775,0
35.74845673153636,-117.62091172618955,31.85089708964034,14.805370125187126,4.445264731385372,0.06925,0.045992184430360794,0
41.27309572887142,-123.09165180647744,20.65062039693197,39.83845460724063,2.9879482835420417,0.7632800000000001,9.592281341552734,0
32.75706683541835,-115.76139908806215,35.15550320943197,40.40463624172755,0.07373546160950692,0.3044,0.27739521861076355,0
40.222066846451575,-123.36114639171329,21.497462844848656,43.41076453993234,4.434625206645272,0.5625,3.798673629760742,0
36.6108394042911,-119.69602003250564,31.439113235473656,17.13995190969528,9.985926244770571,0.38230000000000003,0.07781766355037689,0
34.34708488830991,-114.84511749826024,31.16111844380697,43.0694989538483,5.505079889296446,0.124,3.3811259269714355,0
36.260496443484485,-118.75278898418014,24.18309110005697,29.92060740847777,1.1074483850651735,0.528975,9.230002403259277,0
40.81495493397046,-123.65759043547274,17.21344591776534,67.33335255563026,3.985473558771346,0.8019000000000001,6.39131498336792,1
40.94970222658839,-123.5497926013784,19.76984240214034,55.70903396860941,2.6111524861470903,0.805,5.005652904510498,1
37.66186828671094,-119.45347490579337,17.57062365214034,31.271158403887306,2.4993432804191538,0.0671,9.418607711791992,1
37.63491882818735,-119.45347490579337,16.93602078755697,27.85829538416697,1.7009745143714936,0.3678,5.547949314117432,1
37.66186828671094,-119.4265254472698,15.202703730265341,30.068321521978515,3.219761887900664,0.0671,7.548628330230713,1
40.81495493397046,-123.60369151842556,18.23118680318197,61.23218322260994,3.4226560571734663,0.8004,9.209176063537598,1
37.66186828671094,-119.48042436431696,17.57062365214034,31.271158403887306,2.4993432804191538,0.3678,6.396393775939941,1
40.81495493397046,-123.63064097694915,18.23118680318197,61.23218322260994,3.4226560571734663,0.8019000000000001,2.8671391010284424,1
37.63491882818735,-119.39957598874621,16.09349149068197,29.890276563042633,2.1683219082630782,0.0671,6.706083297729492,1
40.922752768064804,-123.52284314285481,19.76984240214034,55.70903396860941,2.6111524861470903,0.7535666666666667,7.010011196136475,1
40.922752768064804,-123.49589368433122,19.76984240214034,55.70903396860941,2.6111524861470903,0.7535666666666667,6.673785209655762,1
40.922752768064804,-123.5497926013784,19.76984240214034,55.70903396860941,2.6111524861470903,0.7911,7.859385013580322,1
40.78800547544687,-123.65759043547274,17.21344591776534,67.33335255563026,3.985473558771346,0.817125,7.560766220092773,1
40.78800547544687,-123.63064097694915,18.23118680318197,61.23218322260994,3.4226560571734663,0.817125,4.827826976776123,1
40.78800547544687,-123.57674205990197,18.23118680318197,61.23218322260994,3.4226560571734663,0.7155333333333334,10.764266967773438,1
37.63491882818735,-119.4265254472698,16.09349149068197,29.890276563042633,2.1683219082630782,0.3678,7.301201343536377,1
40.78800547544687,-123.5497926013784,19.52732938130697,56.56506463272447,3.140558724690245,0.7155333333333334,9.908361434936523,1
38.57814987651285,-120.01941353478867,17.71034202575686,26.488203786672166,2.9641068676453917,0.4375,6.034519672393799,0
33.53860113260234,-115.89614638068007,33.874323145548544,51.91346493995547,2.9464120760547567,0.07415000000000001,2.5319039821624756,0
32.541471167229666,-114.62952183007154,34.068170801798544,46.280700228460745,5.677910916515611,0.317,0.03369886428117752,0
33.02656142065421,-115.59970233692063,35.975885645548544,39.74693601489949,2.928339850955997,0.4703,0.14035730063915253,0
34.805225683210864,-114.19833049369417,29.470758692423544,58.34392395473489,1.3243899662917338,0.139,1.7933974266052246,0
41.865983816390305,-116.56988284376972,25.43519554138186,20.639499890061018,3.384209539361166,0.19255,1.5481092929840088,0
35.37116431220616,-116.51598392672254,30.03749046325686,41.07643133235498,7.536957216268155,0.10020000000000001,2.005422592163086,0
40.976651685111975,-118.91448573532166,27.361139551798544,8.85210822223402,2.6015393872836277,0.09165000000000001,0.7298752665519714,0
37.958312330470385,-115.16851100054326,23.604222234090173,46.789440652333646,0.21550832865888017,0.1466,3.288766860961914,0
36.422193194626004,-114.49477453745362,30.69667015075686,47.55967339580874,3.4938169905275824,0.14265,2.0392873287200928,0
35.82930510710712,-114.3330777863121,26.99427757263186,53.729843667508305,3.965575211564063,0.1759,3.9987754821777344,0
38.20085745718265,-119.10313194498676,19.82997093200686,25.01429324074972,4.518548768981976,0.25520000000000004,3.720139503479004,0
40.94970222658839,-117.62091172618955,25.879450098673544,10.261449038097881,2.3826403444102326,0.2164,6.7907304763793945,0
40.7341065583997,-114.27917886926494,23.02967796325686,38.51664895510676,1.7002858209343237,0.27926666666666666,0.8840309381484985,0
41.4886913970601,-120.26195866150094,22.131891504923544,23.209327578476042,2.491037670435254,0.4086,1.2870073318481445,0
40.06037009531006,-116.83937742900557,24.668919499715173,23.797220598161186,3.4725346196785414,0.2748,5.301489353179932,0
34.185388137168395,-119.10313194498676,23.853489812215173,66.23776612603146,3.013457865563762,0.44260000000000005,0.0937449261546135,0
37.095929657715644,-120.85484674901983,27.682916895548544,31.544853200555163,7.077230475373572,0.3513,0.07470320165157318,0
39.17103796403174,-122.63351101157649,27.82484397888186,20.217671691856893,1.429837148316545,0.5132,3.4987528324127197,0
38.79374554470154,-116.0039442147744,22.236383692423544,41.234644198337456,0.8838807764931815,0.116425,1.4127941131591797,0
39.27883579812608,-120.96264458311417,25.259007390340173,14.596981154433061,0.410875473738055,0.7367,2.837270736694336,0
40.114269012357234,-114.8990164153074,20.40858421325686,41.2200816053373,2.5240345954521017,0.3191,11.536865234375,0
38.38950366684775,-116.38123663410461,23.293919499715173,37.51561499802957,1.263046184979568,0.1579,6.808165073394775,0
35.74845673153636,-117.62091172618955,32.39149436950686,15.201623626432854,4.591789511112114,0.06925,0.045992184430360794,0
41.27309572887142,-123.09165180647744,21.64076194763186,39.52827042547429,3.2723641289010406,0.7632800000000001,9.592281341552734,0
32.75706683541835,-115.76139908806215,35.063532129923544,40.46966238391213,0.26811378054043083,0.3044,0.27739521861076355,0
40.222066846451575,-123.36114639171329,22.718805567423544,41.457170624210484,4.896488503381762,0.5625,3.798673629760742,0
36.6108394042911,-119.69602003250564,32.161188379923544,17.41883708491224,9.30410501395105,0.38230000000000003,0.07781766355037689,0
34.34708488830991,-114.84511749826024,29.923314030965173,51.44749996936071,2.266044162474326,0.124,3.3811259269714355,0
36.260496443484485,-118.75278898418014,24.54652366638186,27.522367733676766,1.3847482710942542,0.528975,9.230002403259277,0
37.958312330470385,-119.53432328136414,16.774388249715173,29.985918850812727,2.8987339080632264,0.39837500000000003,10.17175006866455,1
40.841904392494044,-123.60369151842556,19.322239812215173,58.41840181157899,3.4001600960283493,0.7944666666666668,10.55318832397461,1
40.841904392494044,-123.63064097694915,19.322239812215173,58.41840181157899,3.4001600960283493,0.7944666666666668,5.34627628326416,1
35.505911604824085,-119.29177815465187,32.45301780700686,16.947460724198812,2.904688771268917,0.42450000000000004,0.1441582441329956,1
37.66186828671094,-119.45347490579337,17.580133692423544,32.32700607379296,1.590977898521859,0.0671,9.418607711791992,1
37.66186828671094,-119.4265254472698,15.137588119506859,31.298010579058737,2.121147488178956,0.0671,7.548628330230713,1
40.81495493397046,-123.60369151842556,19.322239812215173,58.41840181157899,3.4001600960283493,0.8004,9.209176063537598,1
37.63491882818735,-119.39957598874621,16.058567937215173,28.711004662598228,1.424579735004299,0.0671,6.706083297729492,1
40.922752768064804,-123.52284314285481,20.862767155965173,52.6885208672928,2.554854563322027,0.7535666666666667,7.010011196136475,1
40.922752768064804,-123.49589368433122,20.862767155965173,52.6885208672928,2.554854563322027,0.7535666666666667,6.673785209655762,1
40.922752768064804,-123.5497926013784,20.862767155965173,52.6885208672928,2.554854563322027,0.7911,7.859385013580322,1
40.78800547544687,-123.65759043547274,18.19813499450686,65.18309286475301,4.014895445856971,0.817125,7.560766220092773,1
40.78800547544687,-123.63064097694915,19.322239812215173,58.41840181157899,3.4001600960283493,0.817125,4.827826976776123,1
40.78800547544687,-123.57674205990197,19.322239812215173,58.41840181157899,3.4001600960283493,0.7155333333333334,10.764266967773438,1
40.78800547544687,-123.5497926013784,20.65516624450686,53.28998828634971,3.060975185339938,0.7155333333333334,9.908361434936523,1
35.532861063347674,-119.34567707169903,32.45301780700686,16.947460724198812,2.904688771268917,0.42450000000000004,0.11070583760738373,1
40.94970222658839,-123.52284314285481,20.862767155965173,52.6885208672928,2.554854563322027,0.7725000000000001,6.887692928314209,1
35.505911604824085,-119.31872761317545,32.45301780700686,16.947460724198812,2.904688771268917,0.42450000000000004,0.1015966385602951,1
41.4886913970601,-117.80955793585466,25.601536687215173,14.28023978670848,1.7890484155631114,0.3411,1.1025326251983643,1
40.94970222658839,-123.49589368433122,20.862767155965173,52.6885208672928,2.554854563322027,0.7725000000000001,4.530927658081055,1
38.57814987651285,-120.01941353478867,18.757161712646507,27.24112088483899,1.6733028879718614,0.4375,6.034519672393799,0
33.53860113260234,-115.89614638068007,35.13411483764651,41.38955835077333,2.7759820622042883,0.07415000000000001,2.5319039821624756,0
32.541471167229666,-114.62952183007154,35.45597356160482,39.820503333084375,10.27088090756545,0.317,0.03369886428117752,0
33.02656142065421,-115.59970233692063,35.76700871785482,37.37118950181397,1.8052567927377117,0.4703,0.14035730063915253,0
34.805225683210864,-114.19833049369417,31.629638926188193,47.75928356585002,2.2824421771347483,0.139,1.7933974266052246,0
41.865983816390305,-116.56988284376972,26.84611028035482,16.414396259820005,7.770230201768013,0.19255,1.5481092929840088,0
35.37116431220616,-116.51598392672254,31.59977238972982,28.98355900820761,4.3482178918333565,0.10020000000000001,2.005422592163086,0
40.976651685111975,-118.91448573532166,28.76041692097982,11.319923157410274,2.0746260735927886,0.09165000000000001,0.7298752665519714,0
37.958312330470385,-115.16851100054326,24.16153996785482,43.321804246461326,2.161396348646714,0.1466,3.288766860961914,0
36.422193194626004,-114.49477453745362,31.49796574910482,41.46926309460554,3.311917331578614,0.14265,2.0392873287200928,0
35.82930510710712,-114.3330777863121,28.160644785563193,45.67935122566647,4.521398098724774,0.1759,3.9987754821777344,0
38.20085745718265,-119.10313194498676,20.812011973063193,26.222263159334048,1.6938417798611833,0.25520000000000004,3.720139503479004,0
40.94970222658839,-117.62091172618955,27.20572942097982,12.422427458692093,1.2257865270105142,0.2164,6.7907304763793945,0
40.7341065583997,-114.27917886926494,24.32584660847982,24.86842525956427,4.399969585170553,0.27926666666666666,0.8840309381484985,0
41.4886913970601,-120.26195866150094,23.884358978271507,21.96765719572801,1.4152115573891317,0.4086,1.2870073318481445,0
40.06037009531006,-116.83937742900557,25.52653020222982,23.759074402747576,3.448371578576376,0.2748,5.301489353179932,0
34.185388137168395,-119.10313194498676,23.76554387410482,69.46883498835447,2.8595082478565383,0.44260000000000005,0.0937449261546135,0
37.095929657715644,-120.85484674901983,29.827230072021507,28.62652827396212,5.17115036238056,0.3513,0.07470320165157318,0
39.17103796403174,-122.63351101157649,29.019612884521507,17.79556579872174,1.0014349754330911,0.5132,3.4987528324127197,0
38.79374554470154,-116.0039442147744,22.11368840535482,39.339371731247375,3.4374398018151653,0.116425,1.4127941131591797,0
39.27883579812608,-120.96264458311417,27.278890228271507,13.474737152798374,0.386352536818454,0.7367,2.837270736694336,0
40.114269012357234,-114.8990164153074,21.687744394938193,30.151580860784062,5.052606630024045,0.3191,11.536865234375,0
38.38950366684775,-116.38123663410461,22.941406504313193,36.445664222437934,2.6193224269669737,0.1579,6.808165073394775,0
35.74845673153636,-117.62091172618955,33.05070012410482,14.295694431696973,3.2346316970972118,0.06925,0.045992184430360794,0
41.27309572887142,-123.09165180647744,23.07242863972982,37.887797477342076,2.4786316065978893,0.7632800000000001,9.592281341552734,0
32.75706683541835,-115.76139908806215,34.94490585327151,35.71303876053384,1.196548952332204,0.3044,0.27739521861076355,0
40.222066846451575,-123.36114639171329,24.62980168660482,36.61815027207199,3.3381933216767194,0.5625,3.798673629760742,0
36.6108394042911,-119.69602003250564,33.79532903035482,15.441513830757408,6.993752530964644,0.38230000000000003,0.07781766355037689,0
34.34708488830991,-114.84511749826024,32.60555038452151,32.56431169201905,0.1405071419753007,0.124,3.3811259269714355,0
36.260496443484485,-118.75278898418014,25.271321868896507,28.84035029894542,1.8572408125947149,0.528975,9.230002403259277,0
37.66186828671094,-119.45347490579337,18.358154551188193,32.13582604912559,0.9257802262698657,0.0671,9.418607711791992,1
37.63491882818735,-119.45347490579337,17.79679387410482,25.994672628083727,0.9393978726146127,0.3678,5.547949314117432,1
37.66186828671094,-119.4265254472698,15.585693613688193,32.928837653348545,0.7597858058308259,0.0671,7.548628330230713,1
37.66186828671094,-119.48042436431696,18.358154551188193,32.13582604912559,0.9257802262698657,0.3678,6.396393775939941,1
37.63491882818735,-119.39957598874621,16.79801457722982,27.29829732631345,0.6723513463034869,0.0671,6.706083297729492,1
40.922752768064804,-123.52284314285481,22.885823822021507,47.37545656112558,1.028326115339679,0.7535666666666667,7.010011196136475,1
40.922752768064804,-123.49589368433122,22.885823822021507,47.37545656112558,1.028326115339679,0.7535666666666667,6.673785209655762,1
37.63491882818735,-119.4265254472698,16.79801457722982,27.29829732631345,0.6723513463034869,0.3678,7.301201343536377,1
35.88320402415429,-121.17824025130285,25.700927988688193,43.00492778908706,1.4330663389076261,0.38620000000000004,0.6622333526611328,1
32.541471167229666,-114.84511749826024,35.56575546264651,42.01054813636185,8.883504292651182,0.3995,0.053570907562971115,1
38.57814987651285,-120.01941353478867,19.072255071004236,38.91380277966719,0.47686051916905237,0.4375,6.034519672393799,0
33.53860113260234,-115.89614638068007,36.35529543558761,36.792359229970074,3.8930845488060215,0.07415000000000001,2.5319039821624756,0
32.541471167229666,-114.62952183007154,34.64582277933761,46.95043091259794,14.053787984766545,0.317,0.03369886428117752,0
33.02656142065421,-115.59970233692063,36.87458254496261,34.196885580375096,4.875178544326591,0.4703,0.14035730063915253,0
34.805225683210864,-114.19833049369417,33.26056887308761,39.684720210522066,3.8370385717659143,0.139,1.7933974266052246,0
41.865983816390305,-116.56988284376972,27.248117701212607,16.67075260545036,6.8255004641222,0.19255,1.5481092929840088,0
35.37116431220616,-116.51598392672254,32.95368410746261,20.914899600625574,4.785013281079475,0.10020000000000001,2.005422592163086,0
40.976651685111975,-118.91448573532166,30.078195826212607,14.06372330674403,2.059946498144815,0.09165000000000001,0.7298752665519714,0
37.958312330470385,-115.16851100054326,23.735666529337607,47.83280628590836,2.9136717905274696,0.1466,3.288766860961914,0
36.422193194626004,-114.49477453745362,33.34504152933761,35.92173158518442,5.6071379137786606,0.14265,2.0392873287200928,0
35.82930510710712,-114.3330777863121,29.65444908142092,39.56127322248743,2.5887295120147895,0.1759,3.9987754821777344,0
38.20085745718265,-119.10313194498676,20.248361841837607,33.99744688807805,2.8039213857324756,0.25520000000000004,3.720139503479004,0
40.94970222658839,-117.62091172618955,27.897206242879236,13.685085502017207,4.9976260296595765,0.2164,6.7907304763793945,0
40.7341065583997,-114.27917886926494,25.31021080017092,19.670620392207372,4.551071662243496,0.27926666666666666,0.8840309381484985,0
41.4886913970601,-120.26195866150094,24.491525904337607,22.95282725366781,3.728285508210332,0.4086,1.2870073318481445,0
40.06037009531006,-116.83937742900557,26.582997258504236,20.03168808496539,5.290295900169596,0.2748,5.301489353179932,0
34.185388137168395,-119.10313194498676,23.481027857462607,72.14585485520317,4.236219443598056,0.44260000000000005,0.0937449261546135,0
37.095929657715644,-120.85484674901983,31.711659367879236,27.03565703714157,5.647413346138552,0.3513,0.07470320165157318,0
39.17103796403174,-122.63351101157649,30.252919133504236,18.963814710188977,2.7705470437960678,0.5132,3.4987528324127197,0
38.79374554470154,-116.0039442147744,23.115793482462607,34.65951417173956,1.3830075401216753,0.116425,1.4127941131591797,0
39.27883579812608,-120.96264458311417,28.481760279337607,16.137203638269497,0.5856079177780806,0.7367,2.837270736694336,0
40.114269012357234,-114.8990164153074,22.590077336629236,25.965921563204102,5.2400443884452415,0.3191,11.536865234375,0
38.38950366684775,-116.38123663410461,24.730702336629236,28.474177644628394,4.6831787037694035,0.1579,6.808165073394775,0
35.74845673153636,-117.62091172618955,33.74518801371261,15.395226755170107,2.402301080917959,0.06925,0.045992184430360794,0
41.27309572887142,-123.09165180647744,26.508127466837607,24.68737172283676,1.6019377860004547,0.7632800000000001,9.592281341552734,0
32.75706683541835,-115.76139908806215,36.17178306579592,25.57398406245348,3.2798672376327023,0.3044,0.27739521861076355,0
40.222066846451575,-123.36114639171329,27.11245689392092,30.881304254942734,0.6595683517637922,0.5625,3.798673629760742,0
36.6108394042911,-119.69602003250564,35.331776555379236,14.14854124965913,3.0244079435060107,0.38230000000000003,0.07781766355037689,0
34.34708488830991,-114.84511749826024,34.097889836629236,31.3876845208689,7.769204430157747,0.124,3.3811259269714355,0
36.260496443484485,-118.75278898418014,25.48696861267092,35.229674781771166,2.2980850728769107,0.528975,9.230002403259277,0
40.841904392494044,-123.60369151842556,24.38467369079592,41.428283627939564,1.2978981050193326,0.7944666666666668,10.55318832397461,1
40.841904392494044,-123.63064097694915,24.38467369079592,41.428283627939564,1.2978981050193326,0.7944666666666668,5.34627628326416,1
40.81495493397046,-123.60369151842556,24.38467369079592,41.428283627939564,1.2978981050193326,0.8004,9.209176063537598,1
40.78800547544687,-123.65759043547274,22.595041529337607,48.8196467603661,0.9406213827040298,0.817125,7.560766220092773,1
40.78800547544687,-123.63064097694915,24.38467369079592,41.428283627939564,1.2978981050193326,0.817125,4.827826976776123,1
38.57814987651285,-120.01941353478867,18.084965642293298,42.22326096148324,1.8277637656577392,0.4375,6.034519672393799,0
33.53860113260234,-115.89614638068007,36.57113100687667,30.901030939421798,3.5203192392810125,0.07415000000000001,2.5319039821624756,0
32.541471167229666,-114.62952183007154,33.80013491312667,50.48113502648802,11.532499806029106,0.317,0.03369886428117752,0
33.02656142065421,-115.59970233692063,36.9316453297933,35.66182408736966,4.787293926645292,0.4703,0.14035730063915253,0
34.805225683210864,-114.19833049369417,33.68245913187667,41.95829809090713,4.13983643572823,0.139,1.7933974266052246,0
41.865983816390305,-116.56988284376972,27.233891423543298,17.633355927697107,4.2793971771047135,0.19255,1.5481092929840088,0
35.37116431220616,-116.51598392672254,32.66366030375167,18.410401621135335,5.3748572913677695,0.10020000000000001,2.005422592163086,0
40.976651685111975,-118.91448573532166,27.173751449584984,28.431881673490444,11.063847164839922,0.09165000000000001,0.7298752665519714,0
37.958312330470385,-115.16851100054326,24.342208480834984,40.76310176520888,3.8163642644905105,0.1466,3.288766860961914,0
36.422193194626004,-114.49477453745362,32.05159975687667,42.449198112371484,2.2840436354202107,0.14265,2.0392873287200928,0
35.82930510710712,-114.3330777863121,29.273360824584984,39.03881750473198,0.36511063991658815,0.1759,3.9987754821777344,0
38.20085745718265,-119.10313194498676,17.937748845418298,45.420750842806044,2.932413298296163,0.25520000000000004,3.720139503479004,0
40.94970222658839,-117.62091172618955,25.638839340209984,24.088107555308433,7.737473785566908,0.2164,6.7907304763793945,0
40.7341065583997,-114.27917886926494,25.274174626668298,21.564216082144995,0.36525027458694126,0.27926666666666666,0.8840309381484985,0
41.4886913970601,-120.26195866150094,21.231938298543298,42.98136566552296,3.9326836909480147,0.4086,1.2870073318481445,0
40.06037009531006,-116.83937742900557,24.92562319437667,28.583316272621733,6.536064511306363,0.2748,5.301489353179932,0
34.185388137168395,-119.10313194498676,21.694096501668298,73.29803169272725,6.161720906007887,0.44260000000000005,0.0937449261546135,0
37.095929657715644,-120.85484674901983,30.12923647562667,32.26609748492393,6.9839151208874215,0.3513,0.07470320165157318,0
39.17103796403174,-122.63351101157649,29.683842595418298,24.95232145591111,3.1968973291243903,0.5132,3.4987528324127197,0
38.79374554470154,-116.0039442147744,22.971358871459984,34.839311815448035,4.073354656675107,0.116425,1.4127941131591797,0
39.27883579812608,-120.96264458311417,28.341069157918298,30.50097027072664,0.4766608746426354,0.7367,2.837270736694336,0
40.114269012357234,-114.8990164153074,22.45614077250167,30.424604566664513,0.7842827703331589,0.3191,11.536865234375,0
38.38950366684775,-116.38123663410461,22.75911928812667,40.40683452635155,2.861962239526422,0.1579,6.808165073394775,0
35.74845673153636,-117.62091172618955,33.25033022562667,19.272834385191807,2.0112951801239816,0.06925,0.045992184430360794,0
41.27309572887142,-123.09165180647744,25.373458480834984,31.825022600067076,1.035078765230322,0.7632800000000001,9.592281341552734,0
32.75706683541835,-115.76139908806215,36.34627749125167,27.304995917148744,2.2882186192371106,0.3044,0.27739521861076355,0
40.222066846451575,-123.36114639171329,27.062667465209984,31.756650242453937,0.7939769626314468,0.5625,3.798673629760742,0
36.6108394042911,-119.69602003250564,34.7033738454183,19.215838921109263,7.002481293284489,0.38230000000000003,0.07781766355037689,0
34.34708488830991,-114.84511749826024,33.20492006937667,38.806271822118326,8.9537573340184,0.124,3.3811259269714355,0
36.260496443484485,-118.75278898418014,25.73299624125167,35.574729050844894,0.9042164639385403,0.528975,9.230002403259277,0
40.841904392494044,-123.60369151842556,24.486088689168298,46.40477607662786,0.3818626234072779,0.7944666666666668,10.55318832397461,1
40.841904392494044,-123.63064097694915,24.486088689168298,46.40477607662786,0.3818626234072779,0.7944666666666668,5.34627628326416,1
40.841904392494044,-123.5497926013784,26.526860173543298,39.93335159014198,0.7506172093918878,0.772675,11.721870422363281,1
33.59250004964951,-114.65647128859513,35.813644027709984,39.693821691397524,11.186878976858605,0.37695,0.06792762875556946,1
40.841904392494044,-123.57674205990197,24.486088689168298,46.40477607662786,0.3818626234072779,0.772675,7.690507888793945,1
33.59250004964951,-114.68342074711872,35.813644027709984,39.693821691397524,11.186878976858605,0.37695,0.4468836784362793,1
38.57814987651285,-120.01941353478867,18.20770861307784,34.68302202232465,2.4921280708338722,0.4375,6.034519672393799,0
33.53860113260234,-115.89614638068007,35.27435900370284,40.68589957434392,5.2824756744242585,0.07415000000000001,2.5319039821624756,0
32.541471167229666,-114.62952183007154,33.22333361307784,50.96789564746307,11.165155219660736,0.317,0.03369886428117752,0
33.02656142065421,-115.59970233692063,35.90001004536947,41.129041880341376,6.2238925266693546,0.4703,0.14035730063915253,0
34.805225683210864,-114.19833049369417,31.97398465474447,48.703485205207336,0.956030162228845,0.139,1.7933974266052246,0
41.865983816390305,-116.56988284376972,23.092799758911156,36.40752861390508,7.576128535094917,0.19255,1.5481092929840088,0
35.37116431220616,-116.51598392672254,32.30634142557784,26.598161252342333,3.904815413060636,0.10020000000000001,2.005422592163086,0
40.976651685111975,-118.91448573532166,24.210963821411156,40.789823823623955,5.734447213496817,0.09165000000000001,0.7298752665519714,0
37.958312330470385,-115.16851100054326,22.839870071411156,44.47072221698504,3.5896013235322797,0.1466,3.288766860961914,0
36.422193194626004,-114.49477453745362,31.29071642557784,43.18937662203303,1.6804776674954227,0.14265,2.0392873287200928,0
35.82930510710712,-114.3330777863121,27.97105496724447,48.416069290853926,2.796516758333561,0.1759,3.9987754821777344,0
38.20085745718265,-119.10313194498676,19.251979446411156,34.88548253377846,1.9823161979404877,0.25520000000000004,3.720139503479004,0
40.94970222658839,-117.62091172618955,22.67930692036947,33.4433934119683,7.696327895450062,0.2164,6.7907304763793945,0
40.7341065583997,-114.27917886926494,22.36884142557784,34.862367964101836,2.0316984219337058,0.27926666666666666,0.8840309381484985,0
41.4886913970601,-120.26195866150094,19.730739212036156,49.84664789971128,2.332940883384425,0.4086,1.2870073318481445,0
40.06037009531006,-116.83937742900557,22.54234402974447,34.040637498984886,8.609244287182017,0.2748,5.301489353179932,0
34.185388137168395,-119.10313194498676,21.05707384745284,73.86200576318825,6.342584784455084,0.44260000000000005,0.0937449261546135,0
37.095929657715644,-120.85484674901983,28.59849637349447,33.73616852416558,8.11454783807892,0.3513,0.07470320165157318,0
39.17103796403174,-122.63351101157649,28.247829055786156,21.962302847373028,3.6811222517352484,0.5132,3.4987528324127197,0
38.79374554470154,-116.0039442147744,20.97015978495284,41.086299086407976,7.449187745847931,0.116425,1.4127941131591797,0
39.27883579812608,-120.96264458311417,28.069606399536156,25.91673173129243,1.5836624436283362,0.7367,2.837270736694336,0
40.114269012357234,-114.8990164153074,18.772731399536156,47.253975210130335,2.929703774799926,0.3191,11.536865234375,0
38.38950366684775,-116.38123663410461,21.987331008911156,34.94123465035064,6.113771760923696,0.1579,6.808165073394775,0
35.74845673153636,-117.62091172618955,32.95502306620284,18.09733725377668,2.0489042763283605,0.06925,0.045992184430360794,0
41.27309572887142,-123.09165180647744,23.365748977661156,35.254504696600705,2.680825915721171,0.7632800000000001,9.592281341552734,0
32.75706683541835,-115.76139908806215,35.26459337870284,31.752611954936448,3.397857881260331,0.3044,0.27739521861076355,0
40.222066846451575,-123.36114639171329,23.83287137349447,36.25958664549337,3.7380738643178213,0.5625,3.798673629760742,0
36.6108394042911,-119.69602003250564,33.70420926411947,20.279560627448586,10.286760524986029,0.38230000000000003,0.07781766355037689,0
34.34708488830991,-114.84511749826024,30.80626004536947,47.466709030298354,1.105397347404658,0.124,3.3811259269714355,0
36.260496443484485,-118.75278898418014,25.35077501932784,27.81519210061218,1.1315468062422913,0.528975,9.230002403259277,0
37.66186828671094,-119.45347490579337,18.319118118286156,36.870648445789406,2.0564002272340844,0.0671,9.418607711791992,1
37.66186828671094,-119.4265254472698,15.453639602661156,38.15169638121041,1.944841315058097,0.0671,7.548628330230713,1
37.63491882818735,-119.39957598874621,16.51630236307784,34.264987704874926,1.4950833234019871,0.0671,6.706083297729492,1
40.841904392494044,-123.5497926013784,21.77012723286947,52.17698762834216,3.353933535959877,0.772675,11.721870422363281,1
40.841904392494044,-123.57674205990197,20.12640978495284,58.1756264732441,3.6353993462132053,0.772675,7.690507888793945,1
40.841904392494044,-123.52284314285481,21.77012723286947,52.17698762834216,3.353933535959877,0.8173142857142858,5.8415303230285645,1
38.57814987651285,-120.01941353478867,18.44332656860354,27.84037967357505,3.1552324582653655,0.4375,6.034519672393799,0
33.53860113260234,-115.89614638068007,32.96318333943685,51.42296652747193,8.318363386920892,0.07415000000000001,2.5319039821624756,0
32.541471167229666,-114.62952183007154,32.237434641520224,56.00863916233861,16.081697934165447,0.317,0.03369886428117752,0
33.02656142065421,-115.59970233692063,34.99093399047854,46.591460139968184,10.918297276363221,0.4703,0.14035730063915253,0
34.805225683210864,-114.19833049369417,31.322883860270224,52.6491523471899,8.528262113580377,0.139,1.7933974266052246,0
41.865983816390305,-116.56988284376972,22.90255508422854,41.62562094006183,1.7307596542762094,0.19255,1.5481092929840088,0
35.37116431220616,-116.51598392672254,31.987922922770224,22.628523630159368,7.460479128838957,0.10020000000000001,2.005422592163086,0
40.976651685111975,-118.91448573532166,27.14742813110354,25.782564846047705,2.4369124305827596,0.09165000000000001,0.7298752665519714,0
37.958312330470385,-115.16851100054326,24.42745742797854,28.059641784970633,1.6620654984765628,0.1466,3.288766860961914,0
36.422193194626004,-114.49477453745362,31.68722305297854,39.86635816605178,6.707087371220037,0.14265,2.0392873287200928,0
35.82930510710712,-114.3330777863121,28.639697011311853,40.704156972631964,7.048976239008535,0.1759,3.9987754821777344,0
38.20085745718265,-119.10313194498676,20.53634414672854,30.491053737591034,1.8316292649460426,0.25520000000000004,3.720139503479004,0
40.94970222658839,-117.62091172618955,24.032275136311853,26.99648515063029,3.533176230883178,0.2164,6.7907304763793945,0
40.7341065583997,-114.27917886926494,19.031542714436853,59.865646118093885,2.168676651984815,0.27926666666666666,0.8840309381484985,0
41.4886913970601,-120.26195866150094,22.02462539672854,37.67104575982656,4.369393003460407,0.4086,1.2870073318481445,0
40.06037009531006,-116.83937742900557,23.57565078735354,29.584081173735278,5.156327257281064,0.2748,5.301489353179932,0
34.185388137168395,-119.10313194498676,21.929817454020224,74.10675358113934,4.278151706474304,0.44260000000000005,0.0937449261546135,0
37.095929657715644,-120.85484674901983,28.388232167561853,34.051041271777,7.275521680525482,0.3513,0.07470320165157318,0
39.17103796403174,-122.63351101157649,29.26803359985354,22.468297467935784,0.6651533002593795,0.5132,3.4987528324127197,0
38.79374554470154,-116.0039442147744,21.96529922485354,28.151908281237443,6.705497143666914,0.116425,1.4127941131591797,0
39.27883579812608,-120.96264458311417,27.501350657145224,19.36909137571356,1.2711088461401285,0.7367,2.837270736694336,0
40.114269012357234,-114.8990164153074,17.93234024047854,53.92923814678831,2.169393526122935,0.3191,11.536865234375,0
38.38950366684775,-116.38123663410461,22.80734024047854,25.528865765732935,6.917301004045669,0.1579,6.808165073394775,0
35.74845673153636,-117.62091172618955,32.70089492797854,18.266534784686474,4.645892022000565,0.06925,0.045992184430360794,0
41.27309572887142,-123.09165180647744,22.381640370686853,38.71587662599027,3.5410659823614496,0.7632800000000001,9.592281341552734,0
32.75706683541835,-115.76139908806215,34.38627904256185,45.674307404899444,8.563238240686864,0.3044,0.27739521861076355,0
40.222066846451575,-123.36114639171329,24.21334609985354,36.159361290407624,5.058399948736503,0.5625,3.798673629760742,0
36.6108394042911,-119.69602003250564,33.45366185506185,19.139400015869466,7.238615260948916,0.38230000000000003,0.07781766355037689,0
34.34708488830991,-114.84511749826024,31.55660781860354,44.05590810162879,11.87417262591174,0.124,3.3811259269714355,0
36.260496443484485,-118.75278898418014,25.74581680297854,28.32377752469447,0.9249215887722696,0.528975,9.230002403259277,0
37.66186828671094,-119.45347490579337,18.245654042561853,32.9475435051242,1.7396921289077771,0.0671,9.418607711791992,1
37.66186828671094,-119.4265254472698,15.662483469645224,32.69159537322631,2.240094826325329,0.0671,7.548628330230713,1
37.63491882818735,-119.39957598874621,16.690966542561853,28.732731062777123,1.501469141108726,0.0671,6.706083297729492,1
38.57814987651285,-120.01941353478867,19.06400388081869,28.539053599508247,4.399545972174348,0.4375,6.034519672393799,0
33.53860113260234,-115.89614638068007,32.646442031860374,56.79528927020312,8.738047775616574,0.07415000000000001,2.5319039821624756,0
32.541471167229666,-114.62952183007154,31.51550127665206,59.10958154023586,16.319559207324094,0.317,0.03369886428117752,0
33.02656142065421,-115.59970233692063,34.726276016235374,48.81703013004168,11.120935105880763,0.4703,0.14035730063915253,0
34.805225683210864,-114.19833049369417,30.691608047485374,54.41704541070121,9.909000633550283,0.139,1.7933974266052246,0
41.865983816390305,-116.56988284376972,24.88732744852706,30.368829651065905,2.147859129099235,0.19255,1.5481092929840088,0
35.37116431220616,-116.51598392672254,32.18127276102706,21.341048662108793,9.178372461505127,0.10020000000000001,2.005422592163086,0
40.976651685111975,-118.91448573532166,29.08947588602706,17.461030290262894,5.0779371471990755,0.09165000000000001,0.7298752665519714,0
37.958312330470385,-115.16851100054326,25.55187822977706,33.57696227814294,1.3713574224268126,0.1466,3.288766860961914,0
36.422193194626004,-114.49477453745362,32.37121416727706,39.73316298948618,8.973800551556543,0.14265,2.0392873287200928,0
35.82930510710712,-114.3330777863121,28.64749997456869,42.95933718926045,11.919161274730284,0.1759,3.9987754821777344,0
38.20085745718265,-119.10313194498676,21.04260088602706,28.8201954736162,4.063390397337101,0.25520000000000004,3.720139503479004,0
40.94970222658839,-117.62091172618955,26.22399737040206,18.163578974533394,2.045408833524393,0.2164,6.7907304763793945,0
40.7341065583997,-114.27917886926494,20.92053057352706,55.00864540143048,1.6019333307898782,0.27926666666666666,0.8840309381484985,0
41.4886913970601,-120.26195866150094,23.40702145894369,26.952621178993464,4.564155491002481,0.4086,1.2870073318481445,0
40.06037009531006,-116.83937742900557,25.460406875610374,22.433489781210653,2.4796685460898904,0.2748,5.301489353179932,0
34.185388137168395,-119.10313194498676,21.18347002665206,83.1362749495063,5.943517392304858,0.44260000000000005,0.0937449261546135,0
37.095929657715644,-120.85484674901983,28.55334307352706,34.88767881716974,9.371260608034662,0.3513,0.07470320165157318,0
39.17103796403174,-122.63351101157649,28.851764297485374,26.010264908930935,2.2399288449410792,0.5132,3.4987528324127197,0
38.79374554470154,-116.0039442147744,23.66507809956869,22.47081887924046,5.109501942437813,0.116425,1.4127941131591797,0
39.27883579812608,-120.96264458311417,27.36804033915206,20.62630780192308,2.908221784284217,0.7367,2.837270736694336,0
40.114269012357234,-114.8990164153074,20.03543942769369,43.066836247133004,3.509548793307615,0.3191,11.536865234375,0
38.38950366684775,-116.38123663410461,24.95519854227706,21.02683417036242,3.4604136500656977,0.1579,6.808165073394775,0
35.74845673153636,-117.62091172618955,32.164508438110374,16.30275236239677,8.474262648779964,0.06925,0.045992184430360794,0
41.27309572887142,-123.09165180647744,24.16540362040206,30.18523856959017,1.4134841427984801,0.7632800000000001,9.592281341552734,0
32.75706683541835,-115.76139908806215,34.357623672485374,44.972845985025764,8.13943458369562,0.3044,0.27739521861076355,0
40.222066846451575,-123.36114639171329,25.241168594360374,33.89547660452281,3.3031261324450125,0.5625,3.798673629760742,0
36.6108394042911,-119.69602003250564,33.61942380269369,20.038542283124887,3.6676467641257613,0.38230000000000003,0.07781766355037689,0
34.34708488830991,-114.84511749826024,31.16874020894369,47.003618793846556,15.245085701317196,0.124,3.3811259269714355,0
36.260496443484485,-118.75278898418014,25.385699844360374,26.43707959897334,0.24873380726106012,0.528975,9.230002403259277,0
37.66186828671094,-119.45347490579337,18.94291013081869,31.929583943008133,2.5973791879524186,0.0671,9.418607711791992,1
40.94970222658839,-123.46894422580763,23.57865231831869,44.33910333979883,1.3038563459453103,0.733375,3.165959358215332,1
37.66186828671094,-119.4265254472698,16.35892575581869,31.89415073034819,3.252988815130222,0.0671,7.548628330230713,1
40.976651685111975,-123.49589368433122,22.80212237040206,43.06292625873426,1.3108269121593463,0.7694000000000001,1.8823508024215698,1
37.63491882818735,-119.39957598874621,17.33719724019369,28.54387301349459,2.289030465779208,0.0671,6.706083297729492,1
40.94970222658839,-123.44199476728406,24.295123672485374,39.82005745411361,1.3254912869559352,0.733375,8.146919250488281,1
40.976651685111975,-123.52284314285481,22.80212237040206,43.06292625873426,1.3108269121593463,0.7694000000000001,13.492841720581055,1
40.94970222658839,-123.52284314285481,23.57865231831869,44.33910333979883,1.3038563459453103,0.7725000000000001,6.887692928314209,1
32.622319542800426,-114.95291533235458,32.96472002665206,55.107917027547956,15.48515457740218,0.3895,0.02249498851597309,1
40.94970222658839,-123.49589368433122,23.57865231831869,44.33910333979883,1.3038563459453103,0.7725000000000001,4.530927658081055,1
38.57814987651285,-120.01941353478867,18.867269770304404,30.316480895787873,4.690495326177532,0.4375,6.034519672393799,0
33.53860113260234,-115.89614638068007,33.693197504679404,46.683444220004816,6.580121894347665,0.07415000000000001,2.5319039821624756,0
32.541471167229666,-114.62952183007154,32.47705167134603,51.1071201045747,14.162721921788139,0.317,0.03369886428117752,0
33.02656142065421,-115.59970233692063,35.25236091613772,42.77117702573571,8.672511552985277,0.4703,0.14035730063915253,0
34.805225683210864,-114.19833049369417,31.997152582804404,45.337717365709594,7.011691130216238,0.139,1.7933974266052246,0
41.865983816390305,-116.56988284376972,26.161215082804404,18.280033721384225,5.299121720249476,0.19255,1.5481092929840088,0
35.37116431220616,-116.51598392672254,32.39843839009603,18.41470012331042,8.361858236843593,0.10020000000000001,2.005422592163086,0
40.976651685111975,-118.91448573532166,27.882813390096032,14.718505981607713,9.007783064447594,0.09165000000000001,0.7298752665519714,0
37.958312330470385,-115.16851100054326,26.689454015096032,28.094888241846466,1.0838999078620544,0.1466,3.288766860961914,0
36.422193194626004,-114.49477453745362,33.330160395304404,36.21290410700447,5.256942789567417,0.14265,2.0392873287200928,0
35.82930510710712,-114.3330777863121,30.365235265096032,36.68442524730137,8.684778377521894,0.1759,3.9987754821777344,0
38.20085745718265,-119.10313194498676,20.715332921346032,29.86748468865213,5.808555592730667,0.25520000000000004,3.720139503479004,0
40.94970222658839,-117.62091172618955,26.508138910929404,13.73658088180707,7.5739030638873475,0.2164,6.7907304763793945,0
40.7341065583997,-114.27917886926494,23.672120030721032,39.453478581271476,1.8145652622162858,0.27926666666666666,0.8840309381484985,0
41.4886913970601,-120.26195866150094,22.160319900512718,25.68956819996463,6.66779213400026,0.4086,1.2870073318481445,0
40.06037009531006,-116.83937742900557,26.126384353637718,19.14621025435241,5.864531978175744,0.2748,5.301489353179932,0
34.185388137168395,-119.10313194498676,20.168864822387718,79.91892005618048,7.076913285360535,0.44260000000000005,0.0937449261546135,0
37.095929657715644,-120.85484674901983,26.388998285929404,39.963378420601344,8.855286859361867,0.3513,0.07470320165157318,0
39.17103796403174,-122.63351101157649,27.187663650512718,24.67998588686042,4.12731677207976,0.5132,3.4987528324127197,0
38.79374554470154,-116.0039442147744,25.344157791137718,20.400915972785985,1.0953678172728538,0.116425,1.4127941131591797,0
39.27883579812608,-120.96264458311417,25.441081619262718,26.48605092010578,1.8393572971471985,0.7367,2.837270736694336,0
40.114269012357234,-114.8990164153074,22.188558832804404,30.499050270482307,1.1595181341133487,0.3191,11.536865234375,0
38.38950366684775,-116.38123663410461,26.548747634887718,19.142675632324785,1.8893587064508381,0.1579,6.808165073394775,0
35.74845673153636,-117.62091172618955,31.692139561971032,16.083077629038538,6.157066415126174,0.06925,0.045992184430360794,0
41.27309572887142,-123.09165180647744,21.612549718221032,33.7332748700285,3.526486075915486,0.7632800000000001,9.592281341552734,0
32.75706683541835,-115.76139908806215,34.56827888488772,38.43850709693254,5.649590751184136,0.3044,0.27739521861076355,0
40.222066846451575,-123.36114639171329,22.272217686971032,37.18002638466681,3.975528991887343,0.5625,3.798673629760742,0
36.6108394042911,-119.69602003250564,32.29882901509603,25.08765677101641,9.643750622197896,0.38230000000000003,0.07781766355037689,0
34.34708488830991,-114.84511749826024,32.329183832804404,40.084652234383945,10.947267232354628,0.124,3.3811259269714355,0
36.260496443484485,-118.75278898418014,24.836101150512718,31.076288930082814,0.5817783858601677,0.528975,9.230002403259277,0
37.958312330470385,-119.53432328136414,18.020020421346032,33.360284754340604,4.32340527691576,0.39837500000000003,10.17175006866455,1
37.958312330470385,-119.50737382284055,18.020020421346032,33.360284754340604,4.32340527691576,0.3447,7.258624076843262,1
37.66186828671094,-119.45347490579337,18.926514561971032,35.3396665310216,2.936361146452647,0.0671,9.418607711791992,1
40.94970222658839,-123.46894422580763,21.198080317179404,46.22103354535222,2.6666456366301774,0.733375,3.165959358215332,1
37.66186828671094,-119.4265254472698,16.435385004679404,35.19897522976345,3.563777165165419,0.0671,7.548628330230713,1
37.63491882818735,-119.39957598874621,17.361735916137718,32.99912098210855,2.3812886214054743,0.0671,6.706083297729492,1
40.94970222658839,-123.44199476728406,21.497396723429404,42.828733746502536,3.076884485094711,0.733375,8.146919250488281,1
40.94970222658839,-123.52284314285481,21.198080317179404,46.22103354535222,2.6666456366301774,0.7725000000000001,6.887692928314209,1
37.958312330470385,-119.48042436431696,18.020020421346032,33.360284754340604,4.32340527691576,0.3447,8.09607982635498,1
32.83791521098911,-116.46208500967536,23.597575759887718,45.00586434262844,4.964365311439522,0.5558000000000001,4.1082963943481445,1
32.8648646695127,-116.48903446819895,24.505860265096032,41.992737962905395,4.70105279866167,0.5558000000000001,6.860986232757568,1
40.94970222658839,-123.49589368433122,21.198080317179404,46.22103354535222,2.6666456366301774,0.7725000000000001,4.530927658081055,1
38.57814987651285,-120.01941353478867,18.476326878865564,23.849140124273514,4.32934397315662,0.4375,6.034519672393799,0
33.53860113260234,-115.89614638068007,34.75969276428225,40.32484431774736,4.494563083441017,0.07415000000000001,2.5319039821624756,0
32.541471167229666,-114.62952183007154,33.928475316365564,45.721715682874596,14.429513146949162,0.317,0.03369886428117752,0
33.02656142065421,-115.59970233692063,36.835539118448935,34.07941910254777,7.609771885959003,0.4703,0.14035730063915253,0
34.805225683210864,-114.19833049369417,33.54631385803225,37.97055536829877,6.560038649281871,0.139,1.7933974266052246,0
41.865983816390305,-116.56988284376972,25.282479222615564,15.551430491283364,3.143605866904028,0.19255,1.5481092929840088,0
35.37116431220616,-116.51598392672254,32.56071815490725,17.15589601577988,4.941929880683548,0.10020000000000001,2.005422592163086,0
40.976651685111975,-118.91448573532166,27.097502009073935,14.947042513361279,5.206780575883315,0.09165000000000001,0.7298752665519714,0
37.958312330470385,-115.16851100054326,27.734953180948935,18.73263137771996,4.438801000988556,0.1466,3.288766860961914,0
36.422193194626004,-114.49477453745362,34.891935602823935,28.117883708046996,3.670258161023059,0.14265,2.0392873287200928,0
35.82930510710712,-114.3330777863121,31.574308649698935,25.91842749708907,6.0046638958266225,0.1759,3.9987754821777344,0
38.20085745718265,-119.10313194498676,20.816740290323935,25.55600541555411,6.926911883359527,0.25520000000000004,3.720139503479004,0
40.94970222658839,-117.62091172618955,25.52482948303225,10.837192956065337,4.817323136075317,0.2164,6.7907304763793945,0
40.7341065583997,-114.27917886926494,25.27116737365725,27.211147876095826,1.359289245792734,0.27926666666666666,0.8840309381484985,0
41.4886913970601,-120.26195866150094,21.56291542053225,30.458599861537884,4.150160590914553,0.4086,1.2870073318481445,0
40.06037009531006,-116.83937742900557,25.908944066365564,13.25213611591475,5.430352363427962,0.2748,5.301489353179932,0
34.185388137168395,-119.10313194498676,21.53483924865725,77.06059259254067,4.461602907575892,0.44260000000000005,0.0937449261546135,0
37.095929657715644,-120.85484674901983,26.987801488240564,43.767917155521765,7.638618215429241,0.3513,0.07470320165157318,0
39.17103796403174,-122.63351101157649,27.410734430948935,31.747822232749716,1.7970901839173534,0.5132,3.4987528324127197,0
38.79374554470154,-116.0039442147744,25.316170628865564,15.20049912360757,1.7258022867571658,0.116425,1.4127941131591797,0
39.27883579812608,-120.96264458311417,26.219328180948935,22.05808879119322,0.9868229887480608,0.7367,2.837270736694336,0
40.114269012357234,-114.8990164153074,23.38127479553225,21.19956046621339,2.714204466281518,0.3191,11.536865234375,0
38.38950366684775,-116.38123663410461,26.28728065490725,16.110169299431107,1.354125913101499,0.1579,6.808165073394775,0
35.74845673153636,-117.62091172618955,32.311043675740564,19.13971667833446,5.299493809303455,0.06925,0.045992184430360794,0
41.27309572887142,-123.09165180647744,20.917733128865564,46.30910951972859,2.7429078854902817,0.7632800000000001,9.592281341552734,0
32.75706683541835,-115.76139908806215,36.23039588928225,29.75553899614054,4.644699112605206,0.3044,0.27739521861076355,0
40.222066846451575,-123.36114639171329,21.85344276428225,49.667345000158605,3.9373733080336093,0.5625,3.798673629760742,0
36.6108394042911,-119.69602003250564,31.59782752990725,29.006473490824288,9.654058069795942,0.38230000000000003,0.07781766355037689,0
34.34708488830991,-114.84511749826024,34.085457738240564,30.251164347420552,10.0608133022201,0.124,3.3811259269714355,0
36.260496443484485,-118.75278898418014,25.004240290323935,32.38755145091303,0.8404501196561172,0.528975,9.230002403259277,0
37.958312330470385,-119.53432328136414,17.933927790323935,29.15122319312669,4.31320559792065,0.39837500000000003,10.17175006866455,1
37.958312330470385,-119.50737382284055,17.933927790323935,29.15122319312669,4.31320559792065,0.3447,7.258624076843262,1
37.66186828671094,-119.45347490579337,18.901701227823935,31.459609943799467,2.482741615322038,0.0671,9.418607711791992,1
37.63491882818735,-119.45347490579337,18.334969456990564,27.892579838366743,1.5601063172730676,0.3678,5.547949314117432,1
37.66186828671094,-119.4265254472698,16.596037165323935,30.348019550190386,3.268567379271023,0.0671,7.548628330230713,1
37.66186828671094,-119.48042436431696,18.901701227823935,31.459609943799467,2.482741615322038,0.3678,6.396393775939941,1
37.63491882818735,-119.39957598874621,17.422453180948935,28.50755139255343,2.0910529095514785,0.0671,6.706083297729492,1
37.63491882818735,-119.4265254472698,17.422453180948935,28.50755139255343,2.0910529095514785,0.3678,7.301201343536377,1
37.958312330470385,-119.48042436431696,17.933927790323935,29.15122319312669,4.31320559792065,0.3447,8.09607982635498,1
38.98239175436664,-121.42078537801513,29.573332087198935,33.26133447962975,5.343763227285424,0.46256666666666674,0.08000270277261734,1
38.57814987651285,-120.01941353478867,18.858010864257835,24.967977318218104,6.094799012943001,0.4375,6.034519672393799,0
33.53860113260234,-115.89614638068007,34.158059692382835,47.12590295119085,8.989465427850066,0.07415000000000001,2.5319039821624756,0
32.541471167229666,-114.62952183007154,33.47601216634115,51.220005979145654,15.768061637616528,0.317,0.03369886428117752,0
33.02656142065421,-115.59970233692063,35.50970357259115,42.75215950040254,11.383420568512465,0.4703,0.14035730063915253,0
34.805225683210864,-114.19833049369417,32.50433247884115,43.32921535736319,9.830584751292903,0.139,1.7933974266052246,0
41.865983816390305,-116.56988284376972,25.91302388509115,12.40298712221304,7.2339423188752505,0.19255,1.5481092929840088,0
35.37116431220616,-116.51598392672254,33.30153299967452,18.70730296738974,9.252645263609667,0.10020000000000001,2.005422592163086,0
40.976651685111975,-118.91448573532166,28.17384745279952,12.571324214488211,6.738261823232009,0.09165000000000001,0.7298752665519714,0
37.958312330470385,-115.16851100054326,27.36859029134115,21.54593955600128,8.895224285971212,0.1466,3.288766860961914,0
36.422193194626004,-114.49477453745362,33.79412740071615,29.504380146147387,7.919562108227395,0.14265,2.0392873287200928,0
35.82930510710712,-114.3330777863121,29.058938598632835,37.05658304017839,10.114393220363048,0.1759,3.9987754821777344,0
38.20085745718265,-119.10313194498676,20.336038208007835,24.80827039911211,8.564406844787563,0.25520000000000004,3.720139503479004,0
40.94970222658839,-117.62091172618955,25.99660135904952,11.815308478136334,4.866893416401433,0.2164,6.7907304763793945,0
40.7341065583997,-114.27917886926494,25.92010396321615,23.028931542210163,1.7230298473502084,0.27926666666666666,0.8840309381484985,0
41.4886913970601,-120.26195866150094,22.42750956217452,29.28892680013434,3.680609034045226,0.4086,1.2870073318481445,0
40.06037009531006,-116.83937742900557,26.444436645507835,11.5733177194772,5.341081425918993,0.2748,5.301489353179932,0
34.185388137168395,-119.10313194498676,22.526467895507835,78.24766273076833,3.4615377255727395,0.44260000000000005,0.0937449261546135,0
37.095929657715644,-120.85484674901983,28.863137817382835,40.58642418303667,7.348528442969595,0.3513,0.07470320165157318,0
39.17103796403174,-122.63351101157649,27.85443013509115,30.140616906822657,0.3322362262120099,0.5132,3.4987528324127197,0
38.79374554470154,-116.0039442147744,25.79762674967452,15.636875112748964,9.393313141741594,0.116425,1.4127941131591797,0
39.27883579812608,-120.96264458311417,26.729837036132835,23.58390702512683,3.017628702831821,0.7367,2.837270736694336,0
40.114269012357234,-114.8990164153074,23.223489379882835,22.32532299404926,5.234741081732238,0.3191,11.536865234375,0
38.38950366684775,-116.38123663410461,25.696145629882835,17.502215203108378,9.86755048506485,0.1579,6.808165073394775,0
35.74845673153636,-117.62091172618955,32.86720682779952,15.778333927124446,5.80462306031209,0.06925,0.045992184430360794,0
41.27309572887142,-123.09165180647744,23.18646138509115,43.907582262996634,1.2407928316328032,0.7632800000000001,9.592281341552734,0
32.75706683541835,-115.76139908806215,34.58424784342452,39.51880920787252,8.260142822244019,0.3044,0.27739521861076355,0
40.222066846451575,-123.36114639171329,24.08953755696615,42.79581883035171,1.9499968551423397,0.5625,3.798673629760742,0
36.6108394042911,-119.69602003250564,33.74318339029952,24.839285747927903,5.908077292029701,0.38230000000000003,0.07781766355037689,0
34.34708488830991,-114.84511749826024,32.94411112467452,32.64410950607236,13.93001171625766,0.124,3.3811259269714355,0
36.260496443484485,-118.75278898418014,26.75856424967452,23.38854734455504,1.3369306948306192,0.528975,9.230002403259277,0
37.904413413423214,-119.50737382284055,19.73317362467452,27.616242787892244,5.5167339258017,0.2449,13.639715194702148,1
37.958312330470385,-119.50737382284055,18.261575317382835,28.623751534475012,6.1456293294102124,0.3447,7.258624076843262,1
37.66186828671094,-119.45347490579337,19.97479146321615,27.14745961877341,3.940016283634533,0.0671,9.418607711791992,1
37.63491882818735,-119.45347490579337,18.895120239257835,26.032001474140827,3.002190450207274,0.3678,5.547949314117432,1
37.66186828671094,-119.4265254472698,17.25124003092452,26.967959583195316,4.928754315475102,0.0671,7.548628330230713,1
37.66186828671094,-119.48042436431696,19.97479146321615,27.14745961877341,3.940016283634533,0.3678,6.396393775939941,1
37.63491882818735,-119.39957598874621,18.15285135904952,25.497175078668977,3.755304362430716,0.0671,6.706083297729492,1
37.904413413423214,-119.48042436431696,19.73317362467452,27.616242787892244,5.5167339258017,0.2449,9.773207664489746,1
37.63491882818735,-119.4265254472698,18.15285135904952,25.497175078668977,3.755304362430716,0.3678,7.301201343536377,1
38.22780691570624,-121.63638104620381,24.64113260904952,53.17202001792474,10.30233768688585,0.4743,0.023460282012820244,1
38.20085745718265,-121.60943158768023,24.64113260904952,53.17202001792474,10.30233768688585,0.4743,0.0570114403963089,1
40.94970222658839,-123.52284314285481,22.62103169759115,54.95455927057108,0.7382968787188687,0.7725000000000001,6.887692928314209,1
37.958312330470385,-119.48042436431696,18.261575317382835,28.623751534475012,6.1456293294102124,0.3447,8.09607982635498,1
37.931362871946796,-119.53432328136414,19.73317362467452,27.616242787892244,5.5167339258017,0.2449,8.196233749389648,1
38.20085745718265,-121.58248212915665,24.64113260904952,53.17202001792474,10.30233768688585,0.4743,0.05796816572546959,1
40.94970222658839,-123.49589368433122,22.62103169759115,54.95455927057108,0.7382968787188687,0.7725000000000001,4.530927658081055,1
38.57814987651285,-120.01941353478867,18.86560656229659,29.80247533765212,6.370349736047371,0.4375,6.034519672393799,0
33.53860113260234,-115.89614638068007,32.870082473754906,59.663947336433566,3.6382151953297313,0.07415000000000001,2.5319039821624756,0
32.541471167229666,-114.62952183007154,33.244594192504906,51.22800846448835,7.265340197871318,0.317,0.03369886428117752,0
33.02656142065421,-115.59970233692063,34.620326614379906,49.982353467522756,3.2990539724736663,0.4703,0.14035730063915253,0
34.805225683210864,-114.19833049369417,30.572475051879906,52.51179625952825,3.4105291984504897,0.139,1.7933974266052246,0
41.865983816390305,-116.56988284376972,24.602748489379906,13.473577730378997,9.344416674937252,0.19255,1.5481092929840088,0
35.37116431220616,-116.51598392672254,30.160365676879906,37.824675450793364,8.504607084598723,0.10020000000000001,2.005422592163086,0
40.976651685111975,-118.91448573532166,27.214564895629906,13.095666577449213,8.460761218282588,0.09165000000000001,0.7298752665519714,0
37.958312330470385,-115.16851100054326,23.90458768208822,39.26918277458568,9.384069154978597,0.1466,3.288766860961914,0
36.422193194626004,-114.49477453745362,30.95317166646322,41.82189324217349,4.690217187984485,0.14265,2.0392873287200928,0
35.82930510710712,-114.3330777863121,26.77869249979659,51.88722455862007,6.2070156253269015,0.1759,3.9987754821777344,0
38.20085745718265,-119.10313194498676,19.392299270629906,29.669428428064954,7.3042669265019,0.25520000000000004,3.720139503479004,0
40.94970222658839,-117.62091172618955,25.784144973754906,10.934584995378497,7.390248296659783,0.2164,6.7907304763793945,0
40.7341065583997,-114.27917886926494,23.12390734354659,32.139255129420796,1.4520977596361009,0.27926666666666666,0.8840309381484985,0
41.4886913970601,-120.26195866150094,22.687221145629906,23.44473595551505,5.473014367446673,0.4086,1.2870073318481445,0
40.06037009531006,-116.83937742900557,25.820766067504906,12.967456210043698,6.503187022331408,0.2748,5.301489353179932,0
34.185388137168395,-119.10313194498676,22.89433377583822,80.58317027644196,4.832022867765184,0.44260000000000005,0.0937449261546135,0
37.095929657715644,-120.85484674901983,27.08085721333822,36.91052191861811,8.720119704733087,0.3513,0.07470320165157318,0
39.17103796403174,-122.63351101157649,26.75745226542159,31.165495394485877,1.3055361490253778,0.5132,3.4987528324127197,0
38.79374554470154,-116.0039442147744,23.59599393208822,32.27368301144399,8.00750635733412,0.116425,1.4127941131591797,0
39.27883579812608,-120.96264458311417,26.106410598754906,26.68522254075122,3.8282494775451332,0.7367,2.837270736694336,0
40.114269012357234,-114.8990164153074,21.41419054667159,33.33537631960014,5.561241374091576,0.3191,11.536865234375,0
38.38950366684775,-116.38123663410461,24.27983182271322,29.368369585251987,7.343637889393209,0.1579,6.808165073394775,0
35.74845673153636,-117.62091172618955,31.67826932271322,23.930588113503525,5.484646545570212,0.06925,0.045992184430360794,0
41.27309572887142,-123.09165180647744,23.97815539042159,36.4701044374449,0.6639394998598765,0.7632800000000001,9.592281341552734,0
32.75706683541835,-115.76139908806215,33.70154406229659,49.11410125018196,2.257934849791919,0.3044,0.27739521861076355,0
40.222066846451575,-123.36114639171329,24.65873807271322,38.464955309171366,1.353542576758758,0.5625,3.798673629760742,0
36.6108394042911,-119.69602003250564,33.84184354146322,22.98606924583331,5.7110441546961574,0.38230000000000003,0.07781766355037689,0
34.34708488830991,-114.84511749826024,30.113734817504906,53.061980101942616,5.846732124019049,0.124,3.3811259269714355,0
36.260496443484485,-118.75278898418014,25.90141385396322,27.50595049438745,0.38544102277995523,0.528975,9.230002403259277,0
37.958312330470385,-119.53432328136414,17.746303176879906,33.08115653275733,5.879956237860975,0.39837500000000003,10.17175006866455,1
37.958312330470385,-119.50737382284055,17.746303176879906,33.08115653275733,5.879956237860975,0.3447,7.258624076843262,1
37.66186828671094,-119.45347490579337,19.319789505004906,32.74259821588998,3.7432138136344295,0.0671,9.418607711791992,1
34.21233759569198,-117.75565901880748,26.05595486958822,51.148787155479745,3.6966516208043716,0.5919,3.927276849746704,1
37.63491882818735,-119.45347490579337,18.32800890604659,31.226464546267657,2.958960408842578,0.3678,5.547949314117432,1
40.94970222658839,-123.46894422580763,23.499477005004906,47.29143873916164,0.8558481597598507,0.733375,3.165959358215332,1
39.89867334416855,-122.09452184110476,31.467006301879906,20.782392867906154,9.005812243606925,0.5345,0.16186393797397614,1
40.922752768064804,-123.46894422580763,23.499477005004906,47.29143873916164,0.8558481597598507,0.7408250000000001,3.528421640396118,1
37.66186828671094,-119.4265254472698,16.52942492167159,32.471257579799925,4.695020759025589,0.0671,7.548628330230713,1
37.66186828671094,-119.48042436431696,19.319789505004906,32.74259821588998,3.7432138136344295,0.3678,6.396393775939941,1
40.976651685111975,-123.49589368433122,22.67932726542159,46.86839455538435,0.9522434371415777,0.7694000000000001,1.8823508024215698,1
37.63491882818735,-119.39957598874621,17.55603624979659,30.683775438010883,3.722134338500155,0.0671,6.706083297729492,1
37.66186828671094,-119.39957598874621,16.52942492167159,32.471257579799925,4.695020759025589,0.0154,4.49956750869751,1
40.94970222658839,-123.44199476728406,24.08923937479659,42.181934732032005,0.6016339652009425,0.733375,8.146919250488281,1
38.712897169130784,-121.79807779734533,25.22978299458822,43.231114752165226,8.978895850749957,0.46080000000000004,0.1492825299501419,1
40.94970222658839,-123.41504530876047,24.08923937479659,42.181934732032005,0.6016339652009425,0.6932333333333334,10.19327163696289,1
37.63491882818735,-119.4265254472698,17.55603624979659,30.683775438010883,3.722134338500155,0.3678,7.301201343536377,1
40.976651685111975,-123.52284314285481,22.67932726542159,46.86839455538435,0.9522434371415777,0.7694000000000001,13.492841720581055,1
39.87172388564496,-122.06757238258119,31.467006301879906,20.782392867906154,9.005812243606925,0.5345,0.04044779762625694,1
34.21233759569198,-117.72870956028389,25.09794705708822,50.953981335527,3.9353522882207628,0.6067750000000001,4.976140975952148,1
39.89867334416855,-122.12147129962835,31.467006301879906,20.782392867906154,9.005812243606925,0.5345,0.2308225780725479,1
40.94970222658839,-123.52284314285481,23.499477005004906,47.29143873916164,0.8558481597598507,0.7725000000000001,6.887692928314209,1
37.958312330470385,-119.48042436431696,17.746303176879906,33.08115653275733,5.879956237860975,0.3447,8.09607982635498,1
40.922752768064804,-123.44199476728406,24.08923937479659,42.181934732032005,0.6016339652009425,0.7408250000000001,8.456686973571777,1
37.63491882818735,-119.34567707169903,17.944301223754906,32.35764810798159,4.467743053412339,0.0154,3.0234556198120117,1
34.21233759569198,-117.70176010176031,25.09794705708822,50.953981335527,3.9353522882207628,0.6067750000000001,5.102285861968994,1
37.63491882818735,-119.37262653022262,17.55603624979659,30.683775438010883,3.722134338500155,0.0154,1.3009494543075562,1
38.712897169130784,-121.82502725586892,25.22978299458822,43.231114752165226,8.978895850749957,0.46080000000000004,0.08040303736925125,1
40.94970222658839,-123.49589368433122,23.499477005004906,47.29143873916164,0.8558481597598507,0.7725000000000001,4.530927658081055,1
38.57814987651285,-120.01941353478867,18.157046890258812,27.44540204850912,5.883594678060016,0.4375,6.034519672393799,0
33.53860113260234,-115.89614638068007,35.3539869944255,33.678585133014295,3.793759365749524,0.07415000000000001,2.5319039821624756,0
32.541471167229666,-114.62952183007154,35.72760353088381,39.183481439011985,5.619418261888985,0.317,0.03369886428117752,0
33.02656142065421,-115.59970233692063,35.90021095275881,32.237076150526576,5.429333896680753,0.4703,0.14035730063915253,0
34.805225683210864,-114.19833049369417,32.189843114217126,41.16441124455234,1.799188378748513,0.139,1.7933974266052246,0
41.865983816390305,-116.56988284376972,25.470604832967126,17.03428817036477,6.624673148729366,0.19255,1.5481092929840088,0
35.37116431220616,-116.51598392672254,31.500878270467126,25.877893278400556,6.024620472595231,0.10020000000000001,2.005422592163086,0
40.976651685111975,-118.91448573532166,27.042300796508812,11.703141483682826,9.74254655255736,0.09165000000000001,0.7298752665519714,0
37.958312330470385,-115.16851100054326,22.580793635050497,42.293968419436574,2.0458849851139265,0.1466,3.288766860961914,0
36.422193194626004,-114.49477453745362,31.724917984008812,34.89154182028542,1.681372199141752,0.14265,2.0392873287200928,0
35.82930510710712,-114.3330777863121,27.976220067342126,40.57387519342885,1.6139433044405713,0.1759,3.9987754821777344,0
38.20085745718265,-119.10313194498676,19.043033218383812,29.592077144220667,7.330184823545059,0.25520000000000004,3.720139503479004,0
40.94970222658839,-117.62091172618955,25.434309260050497,10.191693190311375,7.852119940112021,0.2164,6.7907304763793945,0
40.7341065583997,-114.27917886926494,24.180809911092126,23.675272278802133,6.625217654956621,0.27926666666666666,0.8840309381484985,0
41.4886913970601,-120.26195866150094,22.106998062133812,21.494777423485548,6.558340896202349,0.4086,1.2870073318481445,0
40.06037009531006,-116.83937742900557,24.871890640258812,15.276717602002895,7.683832026437257,0.2748,5.301489353179932,0
34.185388137168395,-119.10313194498676,22.028384780883812,81.05489243356152,4.787697177851104,0.44260000000000005,0.0937449261546135,0
37.095929657715644,-120.85484674901983,26.840396499633812,38.17251228975953,6.954649442910445,0.3513,0.07470320165157318,0
39.17103796403174,-122.63351101157649,25.992333348592126,28.501008814827138,1.1989210377911266,0.5132,3.4987528324127197,0
38.79374554470154,-116.0039442147744,20.395572280883812,50.09038277037733,4.904795750361712,0.116425,1.4127941131591797,0
39.27883579812608,-120.96264458311417,25.135643895467126,25.62541107734186,2.615340194264625,0.7367,2.837270736694336,0
40.114269012357234,-114.8990164153074,20.777001317342126,33.3061176487012,7.0225768756941624,0.3191,11.536865234375,0
38.38950366684775,-116.38123663410461,22.410627619425497,39.2111356778943,3.0100103837188663,0.1579,6.808165073394775,0
35.74845673153636,-117.62091172618955,32.459618504842126,19.663414851230705,5.60137161851126,0.06925,0.045992184430360794,0
41.27309572887142,-123.09165180647744,24.313947931925497,37.347278337860324,1.8983189581053332,0.7632800000000001,9.592281341552734,0
32.75706683541835,-115.76139908806215,34.781151707967126,33.0114506670232,4.798887846994508,0.3044,0.27739521861076355,0
40.222066846451575,-123.36114639171329,24.429996109008812,38.40553341543645,1.8039447721780515,0.5625,3.798673629760742,0
36.6108394042911,-119.69602003250564,32.60846290588381,22.264840308958327,7.263212592969832,0.38230000000000003,0.07781766355037689,0
34.34708488830991,-114.84511749826024,31.848208999633812,35.38675061336537,0.7453557208651853,0.124,3.3811259269714355,0
36.260496443484485,-118.75278898418014,25.252505874633812,29.573552654570996,0.7555494440221695,0.528975,9.230002403259277,0
37.958312330470385,-119.53432328136414,17.051578140258812,31.31521031604424,5.510911908004975,0.39837500000000003,10.17175006866455,1
37.958312330470385,-119.50737382284055,17.051578140258812,31.31521031604424,5.510911908004975,0.3447,7.258624076843262,1
37.66186828671094,-119.45347490579337,18.307030614217126,32.666370917786395,3.356773229119461,0.0671,9.418607711791992,1
37.63491882818735,-119.45347490579337,17.410627619425497,30.46827080970343,2.389265769614982,0.3678,5.547949314117432,1
40.94970222658839,-123.46894422580763,23.993472671508812,49.00297814741211,1.4311149881896887,0.733375,3.165959358215332,1
40.922752768064804,-123.46894422580763,23.993472671508812,49.00297814741211,1.4311149881896887,0.7408250000000001,3.528421640396118,1
37.66186828671094,-119.4265254472698,15.487043635050497,33.31389563781712,4.226292502118975,0.0671,7.548628330230713,1
37.66186828671094,-119.48042436431696,18.307030614217126,32.666370917786395,3.356773229119461,0.3678,6.396393775939941,1
37.63491882818735,-119.39957598874621,16.361473973592126,33.01458620979702,3.0115285457434178,0.0671,6.706083297729492,1
40.94970222658839,-123.44199476728406,24.512434260050497,42.84709404045438,1.2508176180759716,0.733375,8.146919250488281,1
37.63491882818735,-119.4265254472698,16.361473973592126,33.01458620979702,3.0115285457434178,0.3678,7.301201343536377,1
37.958312330470385,-119.48042436431696,17.051578140258812,31.31521031604424,5.510911908004975,0.3447,8.09607982635498,1
40.922752768064804,-123.44199476728406,24.512434260050497,42.84709404045438,1.2508176180759716,0.7408250000000001,8.456686973571777,1
38.57814987651285,-120.01941353478867,17.203714625040732,29.64536869934971,6.955783483310126,0.4375,6.034519672393799,0
33.53860113260234,-115.89614638068007,35.63633181254073,26.236689150429953,5.38824315072482,0.07415000000000001,2.5319039821624756,0
32.541471167229666,-114.62952183007154,35.96543337504073,37.01237110576739,10.883546725220285,0.317,0.03369886428117752,0
33.02656142065421,-115.59970233692063,36.17637087504073,23.863839634006876,6.799472954899917,0.4703,0.14035730063915253,0
34.805225683210864,-114.19833049369417,33.56740277608236,29.096166765125055,4.252405247392515,0.139,1.7933974266052246,0
41.865983816390305,-116.56988284376972,23.48854535420736,14.707171640642116,11.897292644442208,0.19255,1.5481092929840088,0
35.37116431220616,-116.51598392672254,31.772887802124046,17.435345739840553,9.625798675734853,0.10020000000000001,2.005422592163086,0
40.976651685111975,-118.91448573532166,26.13576215108236,11.22285056184242,10.773526529055438,0.09165000000000001,0.7298752665519714,0
37.958312330470385,-115.16851100054326,25.32033246358236,21.05039859231806,8.275853657012847,0.1466,3.288766860961914,0
36.422193194626004,-114.49477453745362,33.96681683858236,25.3868287578608,6.267804332937352,0.14265,2.0392873287200928,0
35.82930510710712,-114.3330777863121,30.275329208374046,24.027928661743584,9.173080299389676,0.1759,3.9987754821777344,0
38.20085745718265,-119.10313194498676,17.722594833374046,30.924018378441893,7.93204866467475,0.25520000000000004,3.720139503479004,0
40.94970222658839,-117.62091172618955,23.81227582295736,10.54061444396125,9.599346285861376,0.2164,6.7907304763793945,0
40.7341065583997,-114.27917886926494,24.32619183858236,13.094408593761129,8.115553734551918,0.27926666666666666,0.8840309381484985,0
41.4886913970601,-120.26195866150094,21.01076215108236,27.129029133082806,7.12640340086738,0.4086,1.2870073318481445,0
40.06037009531006,-116.83937742900557,23.549010848999046,14.412126372220799,10.531836334741868,0.2748,5.301489353179932,0
34.185388137168395,-119.10313194498676,20.82350629170736,79.41259096160579,5.291212439915512,0.44260000000000005,0.0937449261546135,0
37.095929657715644,-120.85484674901983,27.27028363545736,38.792826529793615,8.010283293774375,0.3513,0.07470320165157318,0
39.17103796403174,-122.63351101157649,25.615579859415732,36.083571505439856,0.7657962543788296,0.5132,3.4987528324127197,0
38.79374554470154,-116.0039442147744,22.699808375040732,26.53849349553161,3.8528963224843853,0.116425,1.4127941131591797,0
39.27883579812608,-120.96264458311417,25.116393661499046,24.459691300231235,4.156215776012935,0.7367,2.837270736694336,0
40.114269012357234,-114.8990164153074,21.786315536499046,16.936732009091745,7.896052616522734,0.3191,11.536865234375,0
38.38950366684775,-116.38123663410461,23.908141708374046,18.826567375337806,6.828995643429616,0.1579,6.808165073394775,0
35.74845673153636,-117.62091172618955,31.236429468790732,17.19388716638366,9.213990836577185,0.06925,0.045992184430360794,0
41.27309572887142,-123.09165180647744,21.35182660420736,48.17012971812875,2.764998228316949,0.7632800000000001,9.592281341552734,0
32.75706683541835,-115.76139908806215,35.06992556254073,24.063276299987564,7.242175791725282,0.3044,0.27739521861076355,0
40.222066846451575,-123.36114639171329,22.77858441670736,45.59230044669784,4.017038337755664,0.5625,3.798673629760742,0
36.6108394042911,-119.69602003250564,32.59547894795736,23.19059965059984,5.775527948562337,0.38230000000000003,0.07781766355037689,0
34.34708488830991,-114.84511749826024,33.84572308858236,18.280078449024593,5.166819407063319,0.124,3.3811259269714355,0
36.260496443484485,-118.75278898418014,25.197855250040732,23.641835793946665,0.8915207104843328,0.528975,9.230002403259277,0
37.958312330470385,-119.50737382284055,16.035338973999046,32.6366406546919,6.816902099969048,0.3447,7.258624076843262,1
37.66186828671094,-119.45347490579337,17.785745875040732,30.90184049783084,4.003066156920883,0.0671,9.418607711791992,1
40.94970222658839,-123.46894422580763,20.820413843790732,59.66660424731847,2.466747744085475,0.733375,3.165959358215332,1
41.785135440819545,-118.6449911500858,23.526468531290732,22.828316986663598,8.163144565244808,0.2379,6.30161714553833,1
40.922752768064804,-123.46894422580763,20.820413843790732,59.66660424731847,2.466747744085475,0.7408250000000001,3.528421640396118,1
37.66186828671094,-119.4265254472698,14.933532333374046,31.033396213660914,5.093514783572671,0.0671,7.548628330230713,1
41.865983816390305,-118.56414277451505,24.397318140665732,23.969821193638264,8.981667470194706,0.2124,0.5930501818656921,1
41.839034357866716,-118.53719331599146,23.71974652608236,22.012896371474667,8.1867715144173,0.20105,2.699847459793091,1
37.63491882818735,-119.39957598874621,15.866393661499046,29.564814210209732,3.8968944996033206,0.0671,6.706083297729492,1
41.865983816390305,-118.53719331599146,23.59962933858236,23.22193367933044,9.068127860241978,0.2124,2.496283769607544,1
40.922752768064804,-123.41504530876047,21.38991254170736,55.20687531675643,2.2870643549829857,0.6887500000000001,6.9534711837768555,1
41.81208489934313,-118.51024385746788,23.71974652608236,22.012896371474667,8.1867715144173,0.1965,2.9317493438720703,1
41.865983816390305,-118.72583952565657,25.276712671915732,24.420495760955443,8.788645151180607,0.17,0.19409070909023285,1
41.81208489934313,-118.61804169156223,23.526468531290732,22.828316986663598,8.163144565244808,0.2571333333333334,6.791462421417236,1
41.839034357866716,-118.56414277451505,23.526468531290732,22.828316986663598,8.163144565244808,0.20105,0.6814107894897461,1
40.94970222658839,-123.44199476728406,21.38991254170736,55.20687531675643,2.2870643549829857,0.733375,8.146919250488281,1
41.81208489934313,-118.6449911500858,23.526468531290732,22.828316986663598,8.163144565244808,0.2571333333333334,2.807260751724243,1
40.976651685111975,-123.46894422580763,20.342712020874046,59.12045836355069,2.530162828056231,0.7308,4.2264180183410645,1
41.839034357866716,-118.51024385746788,23.71974652608236,22.012896371474667,8.1867715144173,0.2124,4.802040100097656,1
41.785135440819545,-118.59109223303864,23.526468531290732,22.828316986663598,8.163144565244808,0.2053,8.079788208007812,1
41.839034357866716,-118.59109223303864,23.526468531290732,22.828316986663598,8.163144565244808,0.19615000000000002,2.8856756687164307,1
37.931362871946796,-119.48042436431696,17.49806683858236,31.924736983063497,6.0106591207641324,0.32883333333333337,3.905186414718628,1
41.865983816390305,-118.59109223303864,24.397318140665732,23.969821193638264,8.981667470194706,0.20105,0.6811375617980957,1
41.839034357866716,-118.67194060860939,23.826761500040732,23.59372006841964,8.119676844413474,0.17,6.493921279907227,1
37.931362871946796,-119.50737382284055,17.49806683858236,31.924736983063497,6.0106591207641324,0.32883333333333337,4.929413318634033,1
41.758185982295956,-118.61804169156223,23.526468531290732,22.828316986663598,8.163144565244808,0.2258,8.965738296508789,1
37.958312330470385,-119.48042436431696,16.035338973999046,32.6366406546919,6.816902099969048,0.3447,8.09607982635498,1
40.922752768064804,-123.44199476728406,21.38991254170736,55.20687531675643,2.2870643549829857,0.7408250000000001,8.456686973571777,1
41.81208489934313,-118.59109223303864,23.526468531290732,22.828316986663598,8.163144565244808,0.2222,8.77849292755127,1
41.785135440819545,-118.53719331599146,23.71974652608236,22.012896371474667,8.1867715144173,0.19970000000000002,0.7757642269134521,1
38.57814987651285,-120.01941353478867,17.028726196289085,34.3766148306636,3.7229569951237225,0.4375,6.034519672393799,0
33.53860113260234,-115.89614638068007,34.343911743164085,29.955562216480235,4.627895067274189,0.07415000000000001,2.5319039821624756,0
32.541471167229666,-114.62952183007154,33.8586415608724,45.84289094802739,18.017433744050532,0.317,0.03369886428117752,0
33.02656142065421,-115.59970233692063,35.61555887858077,24.191105443120342,5.336774890976662,0.4703,0.14035730063915253,0
34.805225683210864,-114.19833049369417,33.5725087483724,28.876315937003245,9.960403070463052,0.139,1.7933974266052246,0
41.865983816390305,-116.56988284376972,21.73616434733077,21.093886647509493,8.946677075147738,0.19255,1.5481092929840088,0
35.37116431220616,-116.51598392672254,30.10506083170577,25.277239298568322,9.253849982665836,0.10020000000000001,2.005422592163086,0
40.976651685111975,-118.91448573532166,25.7321767171224,13.900419482632168,4.741619539460474,0.09165000000000001,0.7298752665519714,0
37.958312330470385,-115.16851100054326,25.54475809733077,15.564861964978189,9.944851590392929,0.1466,3.288766860961914,0
36.422193194626004,-114.49477453745362,33.7236317952474,18.12557787196829,10.127012083038284,0.14265,2.0392873287200928,0
35.82930510710712,-114.3330777863121,30.29182840983077,20.38014634854451,12.457373610862605,0.1759,3.9987754821777344,0
38.20085745718265,-119.10313194498676,17.9819325764974,30.84430821513443,3.545262400074281,0.25520000000000004,3.720139503479004,0
40.94970222658839,-117.62091172618955,22.9392079671224,13.516117210453505,4.550275710902354,0.2164,6.7907304763793945,0
40.7341065583997,-114.27917886926494,23.4272450764974,11.499528549432203,6.466914591263627,0.27926666666666666,0.8840309381484985,0
41.4886913970601,-120.26195866150094,20.686196899414085,27.32890375095553,4.126969848229684,0.4086,1.2870073318481445,0
40.06037009531006,-116.83937742900557,23.2343739827474,15.595222761213554,6.55377196554245,0.2748,5.301489353179932,0
34.185388137168395,-119.10313194498676,20.00423075358077,79.53250468455131,4.743331702593838,0.44260000000000005,0.0937449261546135,0
37.095929657715644,-120.85484674901983,24.8359364827474,42.030914062919805,9.016863950429375,0.3513,0.07470320165157318,0
39.17103796403174,-122.63351101157649,25.499673461914085,32.71506450919516,2.1896224506010036,0.5132,3.4987528324127197,0
38.79374554470154,-116.0039442147744,22.406411743164085,22.751329486244416,2.7238560146542716,0.116425,1.4127941131591797,0
39.27883579812608,-120.96264458311417,23.86677958170577,33.35143001520657,1.9709431120942091,0.7367,2.837270736694336,0
40.114269012357234,-114.8990164153074,21.2482899983724,14.654957779578579,7.398685289106022,0.3191,11.536865234375,0
38.38950366684775,-116.38123663410461,23.81917215983077,15.930293590377358,4.035132173293684,0.1579,6.808165073394775,0
35.74845673153636,-117.62091172618955,29.506021118164085,23.862035196572677,9.097004750959794,0.06925,0.045992184430360794,0
41.27309572887142,-123.09165180647744,22.18391825358077,36.25428249004872,0.9333342076294964,0.7632800000000001,9.592281341552734,0
32.75706683541835,-115.76139908806215,34.1242665608724,26.421118230055146,5.307396380290999,0.3044,0.27739521861076355,0
40.222066846451575,-123.36114639171329,23.338052368164085,42.21812532385802,1.5272844518676032,0.5625,3.798673629760742,0
36.6108394042911,-119.69602003250564,31.07356669108077,27.447213472419847,6.56766021174709,0.38230000000000003,0.07781766355037689,0
34.34708488830991,-114.84511749826024,32.69759012858077,27.270078864408088,13.445939916203974,0.124,3.3811259269714355,0
36.260496443484485,-118.75278898418014,23.411782836914085,31.383548490727893,0.8349008870529476,0.528975,9.230002403259277,0
37.66186828671094,-119.45347490579337,16.870278930664085,37.668077028836564,1.9296728203963052,0.0671,9.418607711791992,1
40.94970222658839,-123.46894422580763,22.63386942545577,49.43398302042865,0.3253979975738849,0.733375,3.165959358215332,1
40.922752768064804,-123.46894422580763,22.63386942545577,49.43398302042865,0.3253979975738849,0.7408250000000001,3.528421640396118,1
37.66186828671094,-119.4265254472698,14.2541493733724,36.30439780640919,2.254904604261627,0.0671,7.548628330230713,1
37.63491882818735,-119.39957598874621,15.1174306233724,34.70197219494343,1.5276237918998201,0.0671,6.706083297729492,1
40.922752768064804,-123.52284314285481,22.63386942545577,49.43398302042865,0.3253979975738849,0.7535666666666667,7.010011196136475,1
40.922752768064804,-123.41504530876047,23.087564086914085,44.895903535819514,0.5538952669993189,0.6887500000000001,6.9534711837768555,1
40.922752768064804,-123.49589368433122,22.63386942545577,49.43398302042865,0.3253979975738849,0.7535666666666667,6.673785209655762,1
40.94970222658839,-123.44199476728406,23.087564086914085,44.895903535819514,0.5538952669993189,0.733375,8.146919250488281,1
39.65612821745628,-121.77112833882174,28.1984853108724,30.768831461493875,6.118770952278322,0.4912,0.14613741636276245,1
40.922752768064804,-123.44199476728406,23.087564086914085,44.895903535819514,0.5538952669993189,0.7408250000000001,8.456686973571777,1
38.57814987651285,-120.01941353478867,17.752587254842126,37.093457493114315,2.1271925151853464,0.4375,6.034519672393799,0
33.53860113260234,-115.89614638068007,34.403222020467126,40.775070930545986,5.3491219180104705,0.07415000000000001,2.5319039821624756,0
32.541471167229666,-114.62952183007154,33.332909520467126,46.200451798086235,12.27506861675085,0.317,0.03369886428117752,0
33.02656142065421,-115.59970233692063,35.28131446838381,37.06833541368611,6.236838070256424,0.4703,0.14035730063915253,0
34.805225683210864,-114.19833049369417,33.7184889475505,36.8932702312092,4.472248594972215,0.139,1.7933974266052246,0
41.865983816390305,-116.56988284376972,22.778628921508812,18.86163288203317,6.373469068593621,0.19255,1.5481092929840088,0
35.37116431220616,-116.51598392672254,30.858951187133812,24.106167191276086,6.2208707958158795,0.10020000000000001,2.005422592163086,0
40.976651685111975,-118.91448573532166,26.861148452758812,11.298064341807155,2.9338441977321548,0.09165000000000001,0.7298752665519714,0
37.958312330470385,-115.16851100054326,25.696028010050497,20.74110646217683,6.644730543914717,0.1466,3.288766860961914,0
36.422193194626004,-114.49477453745362,33.641259129842126,27.642183256870073,5.8741841246633895,0.14265,2.0392873287200928,0
35.82930510710712,-114.3330777863121,30.358544286092126,30.73171065131519,7.436412264819134,0.1759,3.9987754821777344,0
38.20085745718265,-119.10313194498676,20.295962905883812,27.577034628011894,2.2039011959570534,0.25520000000000004,3.720139503479004,0
40.94970222658839,-117.62091172618955,24.130842463175497,12.046153607582571,2.5283830291041594,0.2164,6.7907304763793945,0
40.7341065583997,-114.27917886926494,24.019758478800497,16.936730518756292,3.4656316059793673,0.27926666666666666,0.8840309381484985,0
41.4886913970601,-120.26195866150094,22.597151056925497,21.63192140620177,1.0596868499894219,0.4086,1.2870073318481445,0
40.06037009531006,-116.83937742900557,24.969465510050497,13.488523890919371,0.39677026081471106,0.2748,5.301489353179932,0
34.185388137168395,-119.10313194498676,20.007307306925497,77.67127465404211,8.006481212541452,0.44260000000000005,0.0937449261546135,0
37.095929657715644,-120.85484674901983,25.734439468383812,41.908522962114226,7.040272837229968,0.3513,0.07470320165157318,0
39.17103796403174,-122.63351101157649,25.264550145467126,31.18593752363311,1.3026683739331117,0.5132,3.4987528324127197,0
38.79374554470154,-116.0039442147744,23.999250666300497,18.916226602324564,7.034388259145953,0.116425,1.4127941131591797,0
39.27883579812608,-120.96264458311417,24.313378270467126,31.60415883778991,1.2736567558087992,0.7367,2.837270736694336,0
40.114269012357234,-114.8990164153074,22.332502619425497,16.148079807128155,1.5572030308792602,0.3191,11.536865234375,0
38.38950366684775,-116.38123663410461,24.282942072550497,19.280046714709787,8.403119137931125,0.1579,6.808165073394775,0
35.74845673153636,-117.62091172618955,30.653873062133812,25.302467601582705,4.281316491993266,0.06925,0.045992184430360794,0
41.27309572887142,-123.09165180647744,23.977603530883812,29.044550991223485,0.8765926333124945,0.7632800000000001,9.592281341552734,0
32.75706683541835,-115.76139908806215,34.3056471506755,35.78985585432097,4.125214262118546,0.3044,0.27739521861076355,0
40.222066846451575,-123.36114639171329,23.517398452758812,39.95690012579363,0.6087573901673375,0.5625,3.798673629760742,0
36.6108394042911,-119.69602003250564,30.978498713175497,29.392499903776248,5.132957521030845,0.38230000000000003,0.07781766355037689,0
34.34708488830991,-114.84511749826024,32.7321608225505,31.544935182011084,10.60397061159458,0.124,3.3811259269714355,0
36.260496443484485,-118.75278898418014,23.554263687133812,36.971146894560114,0.7038688223352216,0.528975,9.230002403259277,0
37.66186828671094,-119.45347490579337,17.629214859008812,44.99041567855993,1.9099068907967802,0.0671,9.418607711791992,1
33.67334842522026,-116.08479259034517,34.33990821838381,33.92981674888484,4.540171911766881,0.1305,3.525148630142212,1
37.63491882818735,-119.45347490579337,16.737450536092126,43.115857762901186,1.574693191137619,0.3678,5.547949314117432,1
40.94970222658839,-123.46894422580763,23.614078140258812,44.3558281942562,0.7337214774151182,0.733375,3.165959358215332,1
40.922752768064804,-123.46894422580763,23.614078140258812,44.3558281942562,0.7337214774151182,0.7408250000000001,3.528421640396118,1
37.66186828671094,-119.4265254472698,14.997785822550497,45.1803550110875,2.2270194195897868,0.0671,7.548628330230713,1
37.66186828671094,-119.48042436431696,17.629214859008812,44.99041567855993,1.9099068907967802,0.3678,6.396393775939941,1
40.976651685111975,-123.49589368433122,22.878807957967126,41.582563631108336,0.6505754186406002,0.7694000000000001,1.8823508024215698,1
37.63491882818735,-119.39957598874621,15.783511734008812,45.048071174030255,1.8087620060063425,0.0671,6.706083297729492,1
40.922752768064804,-123.52284314285481,23.614078140258812,44.3558281942562,0.7337214774151182,0.7535666666666667,7.010011196136475,1
40.922752768064804,-123.41504530876047,24.043765640258812,39.21284561872315,0.7874925965772044,0.6887500000000001,6.9534711837768555,1
33.67334842522026,-116.11174204886876,34.33990821838381,33.92981674888484,4.540171911766881,0.1305,2.411356210708618,1
40.922752768064804,-123.49589368433122,23.614078140258812,44.3558281942562,0.7337214774151182,0.7535666666666667,6.673785209655762,1
40.94970222658839,-123.44199476728406,24.043765640258812,39.21284561872315,0.7874925965772044,0.733375,8.146919250488281,1
40.976651685111975,-123.46894422580763,22.878807957967126,41.582563631108336,0.6505754186406002,0.7308,4.2264180183410645,1
40.976651685111975,-123.57674205990197,22.488915379842126,49.21971636419505,0.5892896860481268,0.7648,3.295250415802002,1
40.94970222658839,-123.41504530876047,24.043765640258812,39.21284561872315,0.7874925965772044,0.6932333333333334,10.19327163696289,1
37.63491882818735,-119.4265254472698,15.783511734008812,45.048071174030255,1.8087620060063425,0.3678,7.301201343536377,1
40.976651685111975,-123.52284314285481,22.878807957967126,41.582563631108336,0.6505754186406002,0.7694000000000001,13.492841720581055,1
40.976651685111975,-123.5497926013784,22.878807957967126,41.582563631108336,0.6505754186406002,0.7648,5.268863677978516,1
32.622319542800426,-114.5217239959772,33.737938817342126,43.984306308454954,11.042581518608324,0.11135,0.423191636800766,1
40.922752768064804,-123.44199476728406,24.043765640258812,39.21284561872315,0.7874925965772044,0.7408250000000001,8.456686973571777,1
38.57814987651285,-120.01941353478867,18.544978078206384,36.69611086452711,3.6895002569559465,0.4375,6.034519672393799,0
33.53860113260234,-115.89614638068007,36.32028732299807,31.422074505326293,2.8903576983955306,0.07415000000000001,2.5319039821624756,0
32.541471167229666,-114.62952183007154,35.96579513549807,35.01844489513297,5.896144319548004,0.317,0.03369886428117752,0
33.02656142065421,-115.59970233692063,37.39035568237307,30.060827594537205,2.5512518198374177,0.4703,0.14035730063915253,0
34.805225683210864,-114.19833049369417,35.178278859456384,25.53658521090983,3.030091987081453,0.139,1.7933974266052246,0
41.865983816390305,-116.56988284376972,25.67380294799807,16.59252163930935,5.24543204140484,0.19255,1.5481092929840088,0
35.37116431220616,-116.51598392672254,32.10666427612307,24.78316389353955,3.6189112792367983,0.10020000000000001,2.005422592163086,0
40.976651685111975,-118.91448573532166,28.415583546956384,12.093215611114145,2.2624825955506043,0.09165000000000001,0.7298752665519714,0
37.958312330470385,-115.16851100054326,26.48337326049807,22.1345706043397,3.4168415352813444,0.1466,3.288766860961914,0
36.422193194626004,-114.49477453745362,34.75119552612307,22.76544220440556,1.3137111939809507,0.14265,2.0392873287200928,0
35.82930510710712,-114.3330777863121,31.756485239664755,23.01093769207095,1.1404270160346752,0.1759,3.9987754821777344,0
38.20085745718265,-119.10313194498676,19.73679122924807,37.309786709531465,4.969881440281709,0.25520000000000004,3.720139503479004,0
40.94970222658839,-117.62091172618955,26.069636281331384,14.797489938246567,2.1743854156132776,0.2164,6.7907304763793945,0
40.7341065583997,-114.27917886926494,24.908096567789755,20.186911123536756,3.289828160712113,0.27926666666666666,0.8840309381484985,0
41.4886913970601,-120.26195866150094,23.79660568237307,22.407803561097023,3.0837957829731213,0.4086,1.2870073318481445,0
40.06037009531006,-116.83937742900557,25.81223068237307,19.463305976193425,6.995582390326962,0.2748,5.301489353179932,0
34.185388137168395,-119.10313194498676,21.297012583414755,69.73733306842799,8.826492141518726,0.44260000000000005,0.0937449261546135,0
37.095929657715644,-120.85484674901983,27.130264536539755,40.83712002143528,6.123878650286256,0.3513,0.07470320165157318,0
39.17103796403174,-122.63351101157649,26.108942921956384,33.39313381955451,2.342546320849793,0.5132,3.4987528324127197,0
38.79374554470154,-116.0039442147744,24.854873911539755,20.22127939425506,7.656724965324324,0.116425,1.4127941131591797,0
39.27883579812608,-120.96264458311417,25.83835372924807,27.433602832126613,1.8962636662929289,0.7367,2.837270736694336,0
40.114269012357234,-114.8990164153074,23.80344161987307,18.84153488456341,3.749046417528158,0.3191,11.536865234375,0
38.38950366684775,-116.38123663410461,25.316218312581384,22.455863967791757,5.683168395010531,0.1579,6.808165073394775,0
35.74845673153636,-117.62091172618955,32.690078989664755,21.025721784968056,1.8521436809048444,0.06925,0.045992184430360794,0
41.27309572887142,-123.09165180647744,24.205459849039755,28.56524364300349,2.4755766796760095,0.7632800000000001,9.592281341552734,0
32.75706683541835,-115.76139908806215,35.978409067789755,29.36568101605608,0.14795814101550867,0.3044,0.27739521861076355,0
40.222066846451575,-123.36114639171329,24.20505294799807,38.83890537254231,1.54966292681797,0.5625,3.798673629760742,0
36.6108394042911,-119.69602003250564,32.093562062581384,26.104038164172167,5.780889717411274,0.38230000000000003,0.07781766355037689,0
34.34708488830991,-114.84511749826024,34.441055552164755,23.128802459063476,4.367802705808134,0.124,3.3811259269714355,0
36.260496443484485,-118.75278898418014,25.05539474487307,33.60091778706342,0.8994869829363399,0.528975,9.230002403259277,0
37.958312330470385,-119.50737382284055,17.380427296956384,40.78675225634009,3.2759598777503016,0.3447,7.258624076843262,1
40.895803309541215,-123.46894422580763,24.489558156331384,43.10407318791439,1.2063643955652366,0.6513333333333333,5.771997451782227,1
37.66186828671094,-119.45347490579337,18.47897872924807,39.33265076352409,2.4265315077336678,0.0671,9.418607711791992,1
37.68881774523452,-119.45347490579337,18.47897872924807,39.33265076352409,2.4265315077336678,0.1558,9.454373359680176,1
37.63491882818735,-119.45347490579337,17.677546437581384,35.99710961739858,1.9475891843217132,0.3678,5.547949314117432,1
40.94970222658839,-123.46894422580763,24.489558156331384,43.10407318791439,1.2063643955652366,0.733375,3.165959358215332,1
40.922752768064804,-123.46894422580763,24.489558156331384,43.10407318791439,1.2063643955652366,0.7408250000000001,3.528421640396118,1
37.66186828671094,-119.4265254472698,15.87839279174807,39.68243616039251,2.706404549590228,0.0671,7.548628330230713,1
37.66186828671094,-119.48042436431696,18.47897872924807,39.33265076352409,2.4265315077336678,0.3678,6.396393775939941,1
40.976651685111975,-123.49589368433122,23.505427296956384,39.77596805997261,1.1712202899615864,0.7694000000000001,1.8823508024215698,1
37.68881774523452,-119.4265254472698,15.87839279174807,39.68243616039251,2.706404549590228,0.1558,3.567105293273926,1
37.63491882818735,-119.39957598874621,16.695938364664755,38.458103568066356,2.06838817828747,0.0671,6.706083297729492,1
40.922752768064804,-123.52284314285481,24.489558156331384,43.10407318791439,1.2063643955652366,0.7535666666666667,7.010011196136475,1
39.87172388564496,-122.01367346553401,31.389541880289755,20.674418496379808,5.513493014955754,0.5387000000000001,0.0919727236032486,1
37.68881774523452,-119.48042436431696,18.47897872924807,39.33265076352409,2.4265315077336678,0.4015,5.643322467803955,1
40.86885385101763,-123.41504530876047,24.73093185424807,38.50017803981899,1.3317287960746007,0.6513333333333333,9.735111236572266,1
40.86885385101763,-123.36114639171329,24.73093185424807,38.50017803981899,1.3317287960746007,0.7164,6.591200828552246,1
40.94970222658839,-117.45921497504804,26.656062062581384,14.445594903472388,2.340142780535675,0.19805,0.6388740539550781,1
40.922752768064804,-123.49589368433122,24.489558156331384,43.10407318791439,1.2063643955652366,0.7535666666666667,6.673785209655762,1
40.94970222658839,-123.44199476728406,24.73093185424807,38.50017803981899,1.3317287960746007,0.733375,8.146919250488281,1
40.895803309541215,-123.44199476728406,24.73093185424807,38.50017803981899,1.3317287960746007,0.6513333333333333,10.258121490478516,1
40.976651685111975,-123.46894422580763,23.505427296956384,39.77596805997261,1.1712202899615864,0.7308,4.2264180183410645,1
40.895803309541215,-123.49589368433122,24.489558156331384,43.10407318791439,1.2063643955652366,0.6393,12.476191520690918,1
37.63491882818735,-119.4265254472698,16.695938364664755,38.458103568066356,2.06838817828747,0.3678,7.301201343536377,1
40.976651685111975,-123.52284314285481,23.505427296956384,39.77596805997261,1.1712202899615864,0.7694000000000001,13.492841720581055,1
39.87172388564496,-122.0406229240576,31.389541880289755,20.674418496379808,5.513493014955754,0.5387000000000001,0.03459159657359123,1
40.86885385101763,-123.38809585023688,24.73093185424807,38.50017803981899,1.3317287960746007,0.6513333333333333,2.476402997970581,1
40.895803309541215,-123.41504530876047,24.73093185424807,38.50017803981899,1.3317287960746007,0.7164,1.0713341236114502,1
40.895803309541215,-123.38809585023688,24.73093185424807,38.50017803981899,1.3317287960746007,0.7164,3.7037875652313232,1
37.958312330470385,-119.48042436431696,17.380427296956384,40.78675225634009,3.2759598777503016,0.3447,8.09607982635498,1
38.57814987651285,-120.01941353478867,19.415309524536156,27.547945856041967,5.076441168430809,0.4375,6.034519672393799,0
33.53860113260234,-115.89614638068007,38.660182571411156,24.00939850366492,2.093496089533162,0.07415000000000001,2.5319039821624756,0
32.541471167229666,-114.62952183007154,37.689479446411156,27.023879335250424,6.476493336838985,0.317,0.03369886428117752,0
33.02656142065421,-115.59970233692063,38.226344680786156,21.795009588157164,2.1946825977382813,0.4703,0.14035730063915253,0
34.805225683210864,-114.19833049369417,36.30341173807784,21.683005765511442,2.8317347019070382,0.139,1.7933974266052246,0
41.865983816390305,-116.56988284376972,26.91083361307784,14.235239639689462,5.897507438644882,0.19255,1.5481092929840088,0
35.37116431220616,-116.51598392672254,33.40448595682784,15.406704361079216,3.453535565095474,0.10020000000000001,2.005422592163086,0
40.976651685111975,-118.91448573532166,29.25678087870284,13.958717692568653,5.581246639812132,0.09165000000000001,0.7298752665519714,0
37.958312330470385,-115.16851100054326,27.64398790995284,18.124308352984915,1.996724645867164,0.1466,3.288766860961914,0
36.422193194626004,-114.49477453745362,36.16075223286947,17.353255930645943,1.4245537878494139,0.14265,2.0392873287200928,0
35.82930510710712,-114.3330777863121,33.143825149536156,16.3529849276992,0.762991941263667,0.1759,3.9987754821777344,0
38.20085745718265,-119.10313194498676,20.76410509745284,28.94581613796013,6.331691724562135,0.25520000000000004,3.720139503479004,0
40.94970222658839,-117.62091172618955,27.30951525370284,12.815939486771391,2.9874910554219127,0.2164,6.7907304763793945,0
40.7341065583997,-114.27917886926494,26.82798856099447,16.117866953610392,1.8894349796409275,0.27926666666666666,0.8840309381484985,0
41.4886913970601,-120.26195866150094,23.53461290995284,24.242680526703815,5.53543127687295,0.4086,1.2870073318481445,0
40.06037009531006,-116.83937742900557,27.04771512349447,15.581523149048687,4.702514474768366,0.2748,5.301489353179932,0
34.185388137168395,-119.10313194498676,24.38707059224447,61.05418947040137,6.330373307006871,0.44260000000000005,0.0937449261546135,0
37.095929657715644,-120.85484674901983,27.34483426411947,39.183292382156296,6.345359370906145,0.3513,0.07470320165157318,0
39.17103796403174,-122.63351101157649,25.69013048807784,25.962567489399373,2.7428790242396897,0.5132,3.4987528324127197,0
38.79374554470154,-116.0039442147744,25.670436477661156,22.234816574799886,6.104313193826307,0.116425,1.4127941131591797,0
39.27883579812608,-120.96264458311417,25.91807645161947,26.41258645225869,2.3756803705582628,0.7367,2.837270736694336,0
40.114269012357234,-114.8990164153074,24.64488309224447,18.692831391241768,5.026870961463638,0.3191,11.536865234375,0
38.38950366684775,-116.38123663410461,26.33637072245284,22.344882817582572,4.773690539831496,0.1579,6.808165073394775,0
35.74845673153636,-117.62091172618955,33.007838821411156,15.747713245084135,3.1671575705116357,0.06925,0.045992184430360794,0
41.27309572887142,-123.09165180647744,23.602565383911156,26.569182685458557,2.312482805298812,0.7632800000000001,9.592281341552734,0
32.75706683541835,-115.76139908806215,37.55951525370284,19.51761095592106,2.558936218282877,0.3044,0.27739521861076355,0
40.222066846451575,-123.36114639171329,23.46080106099447,34.29626750159162,1.1194367209057612,0.5625,3.798673629760742,0
36.6108394042911,-119.69602003250564,32.498561477661156,24.318751587808865,8.48300525365804,0.38230000000000003,0.07781766355037689,0
34.34708488830991,-114.84511749826024,35.74205106099447,17.734313478019313,1.4399056384848457,0.124,3.3811259269714355,0
36.260496443484485,-118.75278898418014,25.836940383911156,28.91323680197595,1.7454912188413816,0.528975,9.230002403259277,0
34.50878163945142,-118.59109223303864,30.94859402974447,26.072695808404806,2.9148476583054985,0.249,1.913774013519287,1
37.958312330470385,-119.50737382284055,18.31016629536947,29.78907855017191,4.549318201121064,0.3447,7.258624076843262,1
40.895803309541215,-123.46894422580763,23.73301785786947,41.59333359771766,1.1563102361070963,0.6513333333333333,5.771997451782227,1
37.66186828671094,-119.45347490579337,19.707301712036156,27.47213240372137,2.8097140763843313,0.0671,9.418607711791992,1
37.68881774523452,-119.45347490579337,19.707301712036156,27.47213240372137,2.8097140763843313,0.1558,9.454373359680176,1
37.63491882818735,-119.45347490579337,18.75922228495284,25.990430403635123,2.0183335021177498,0.3678,5.547949314117432,1
40.94970222658839,-123.46894422580763,23.73301785786947,41.59333359771766,1.1563102361070963,0.733375,3.165959358215332,1
40.922752768064804,-123.46894422580763,23.73301785786947,41.59333359771766,1.1563102361070963,0.7408250000000001,3.528421640396118,1
37.66186828671094,-119.4265254472698,16.997584915161156,28.062457773996314,3.528005707896759,0.0671,7.548628330230713,1
37.66186828671094,-119.48042436431696,19.707301712036156,27.47213240372137,2.8097140763843313,0.3678,6.396393775939941,1
40.976651685111975,-123.49589368433122,22.736354446411156,38.561896992549464,1.1795348960296548,0.7694000000000001,1.8823508024215698,1
37.68881774523452,-119.4265254472698,16.997584915161156,28.062457773996314,3.528005707896759,0.1558,3.567105293273926,1
37.63491882818735,-119.39957598874621,17.742946243286156,27.581713731998363,2.49612962295244,0.0671,6.706083297729492,1
40.922752768064804,-123.52284314285481,23.73301785786947,41.59333359771766,1.1563102361070963,0.7535666666666667,7.010011196136475,1
37.68881774523452,-119.48042436431696,19.707301712036156,27.47213240372137,2.8097140763843313,0.4015,5.643322467803955,1
40.86885385101763,-123.41504530876047,24.03827501932784,36.75922787180417,1.2279798471353243,0.6513333333333333,9.735111236572266,1
40.86885385101763,-123.36114639171329,24.03827501932784,36.75922787180417,1.2279798471353243,0.7164,6.591200828552246,1
34.50878163945142,-118.56414277451505,30.94859402974447,26.072695808404806,2.9148476583054985,0.249,1.3204175233840942,1
40.922752768064804,-123.49589368433122,23.73301785786947,41.59333359771766,1.1563102361070963,0.7535666666666667,6.673785209655762,1
40.94970222658839,-123.44199476728406,24.03827501932784,36.75922787180417,1.2279798471353243,0.733375,8.146919250488281,1
40.895803309541215,-123.44199476728406,24.03827501932784,36.75922787180417,1.2279798471353243,0.6513333333333333,10.258121490478516,1
39.81782496859779,-122.0406229240576,30.82196642557784,23.632501482757128,7.030431723555091,0.5768,0.057567041367292404,1
40.976651685111975,-123.46894422580763,22.736354446411156,38.561896992549464,1.1795348960296548,0.7308,4.2264180183410645,1
39.81782496859779,-122.06757238258119,30.705836868286156,23.180036338584095,7.292303931815181,0.5768,0.13520896434783936,1
33.915893551932534,-114.41392616188286,38.88438504536947,19.224903277840436,5.268944107578352,0.4591,0.10480277240276337,1
40.895803309541215,-123.49589368433122,23.73301785786947,41.59333359771766,1.1563102361070963,0.6393,12.476191520690918,1
40.976651685111975,-123.57674205990197,22.519801712036156,45.99069775955219,0.9932619393789589,0.7648,3.295250415802002,1
37.63491882818735,-119.4265254472698,17.742946243286156,27.581713731998363,2.49612962295244,0.3678,7.301201343536377,1
40.976651685111975,-123.52284314285481,22.736354446411156,38.561896992549464,1.1795348960296548,0.7694000000000001,13.492841720581055,1
40.976651685111975,-123.5497926013784,22.736354446411156,38.561896992549464,1.1795348960296548,0.7648,5.268863677978516,1
38.57814987651285,-120.01941353478867,17.734589513142907,26.502709313564964,4.978170719132943,0.4375,6.034519672393799,0
33.53860113260234,-115.89614638068007,34.86772753397628,39.983147006780136,2.3461283351556212,0.07415000000000001,2.5319039821624756,0
32.541471167229666,-114.62952183007154,35.04513638814291,34.493019653083614,10.494328965946254,0.317,0.03369886428117752,0
33.02656142065421,-115.59970233692063,35.53024381001791,32.568914115076794,3.2946455233018015,0.4703,0.14035730063915253,0
34.805225683210864,-114.19833049369417,32.59209276835128,38.87017585175437,4.684334735444521,0.139,1.7933974266052246,0
41.865983816390305,-116.56988284376972,26.06084276835128,15.735068008027312,2.914315555822039,0.19255,1.5481092929840088,0
35.37116431220616,-116.51598392672254,29.719371414184593,34.86416492991541,8.23098387776705,0.10020000000000001,2.005422592163086,0
40.976651685111975,-118.91448573532166,27.12480761210128,12.034365875187735,6.386582272251469,0.09165000000000001,0.7298752665519714,0
37.958312330470385,-115.16851100054326,23.21562792460128,48.079902166214524,9.383137395253096,0.1466,3.288766860961914,0
36.422193194626004,-114.49477453745362,30.173472976684593,44.420791886038714,0.8716681924674642,0.14265,2.0392873287200928,0
35.82930510710712,-114.3330777863121,27.403209304809593,48.37976802192222,3.2759511888291866,0.1759,3.9987754821777344,0
38.20085745718265,-119.10313194498676,19.901744461059593,26.69333507155411,5.632667952188189,0.25520000000000004,3.720139503479004,0
40.94970222658839,-117.62091172618955,26.200409825642907,12.013042263088657,5.179500927605857,0.2164,6.7907304763793945,0
40.7341065583997,-114.27917886926494,26.41118456522628,24.05726920535984,5.462635861163759,0.27926666666666666,0.8840309381484985,0
41.4886913970601,-120.26195866150094,21.918915685017907,21.513912494773425,4.005488943122107,0.4086,1.2870073318481445,0
40.06037009531006,-116.83937742900557,26.875865554809593,16.167861936345485,3.3571619236070087,0.2748,5.301489353179932,0
34.185388137168395,-119.10313194498676,23.866832351684593,78.77555157597097,2.986762374978074,0.44260000000000005,0.0937449261546135,0
37.095929657715644,-120.85484674901983,26.419159825642907,35.58677904938438,9.158034333169542,0.3513,0.07470320165157318,0
39.17103796403174,-122.63351101157649,25.850230789184593,27.754894485969384,0.9353989011380597,0.5132,3.4987528324127197,0
38.79374554470154,-116.0039442147744,23.86870409647628,34.053998694316704,10.7354079521619,0.116425,1.4127941131591797,0
39.27883579812608,-120.96264458311417,24.973847325642907,22.560110609645452,2.9480198278511005,0.7367,2.837270736694336,0
40.114269012357234,-114.8990164153074,22.066295242309593,39.64236379870232,7.24947298629532,0.3191,11.536865234375,0
38.38950366684775,-116.38123663410461,23.815644200642907,34.18245273821345,10.249527216341871,0.1579,6.808165073394775,0
35.74845673153636,-117.62091172618955,31.365611648559593,16.83992769695307,9.011788368253049,0.06925,0.045992184430360794,0
41.27309572887142,-123.09165180647744,22.135224278767907,35.40725829647793,1.0385909115952288,0.7632800000000001,9.592281341552734,0
32.75706683541835,-115.76139908806215,34.53382453918459,34.57133401686149,2.9211947435606347,0.3044,0.27739521861076355,0
40.222066846451575,-123.36114639171329,22.972301101684593,39.815689332617204,2.4214324220352688,0.5625,3.798673629760742,0
36.6108394042911,-119.69602003250564,31.40996386210128,21.631057304401928,6.230720514740343,0.38230000000000003,0.07781766355037689,0
34.34708488830991,-114.84511749826024,31.00273729960128,37.3106941003977,4.49442336464884,0.124,3.3811259269714355,0
36.260496443484485,-118.75278898418014,24.814097976684593,27.081503299214983,0.33126361834815155,0.528975,9.230002403259277,0
38.25475637422983,-120.07331245183585,21.18388964335128,24.146805855701377,3.176662156438985,0.643275,5.7187299728393555,1
39.65612821745628,-121.87892617291608,30.109752273559593,22.475276649256575,7.77819937416122,0.6009,0.12101615220308304,1
38.47035204241851,-121.6633305047274,23.698700841267907,48.223036480994686,9.39471400774252,0.46690000000000004,0.03438926860690117,1
38.49730150094209,-121.71722942177458,23.698700841267907,48.223036480994686,9.39471400774252,0.46690000000000004,0.07547274976968765,1
38.25475637422983,-120.01941353478867,20.405487950642907,26.39006888707767,3.985273464831495,0.6511250000000001,4.20709753036499,1
39.65612821745628,-121.85197671439249,30.109752273559593,22.475276649256575,7.77819937416122,0.6009,0.11877680569887161,1
37.5540704526166,-120.63925108083114,28.251842117309593,31.284014067505485,7.602596251843183,0.44,0.12405877560377121,1
37.5540704526166,-120.66620053935473,27.995494461059593,31.723694795705594,7.704265104934436,0.44,0.159597709774971,1
38.49730150094209,-121.69027996325099,23.698700841267907,48.223036480994686,9.39471400774252,0.46690000000000004,0.04702772945165634,1
38.25475637422983,-120.04636299331226,20.405487950642907,26.39006888707767,3.985273464831495,0.643275,8.68293285369873,1
38.57814987651285,-120.01941353478867,17.077305094401083,33.93204565820237,4.477322478195327,0.4375,6.034519672393799,0
33.53860113260234,-115.89614638068007,34.7455993652344,35.22872090362761,7.194134316438688,0.07415000000000001,2.5319039821624756,0
32.541471167229666,-114.62952183007154,36.05500691731771,28.7292111575436,6.614523648953466,0.317,0.03369886428117752,0
33.02656142065421,-115.59970233692063,35.2270446777344,29.817509136835284,8.290596749151275,0.4703,0.14035730063915253,0
34.805225683210864,-114.19833049369417,32.6479431152344,38.416443723758256,0.21035964929584028,0.139,1.7933974266052246,0
41.865983816390305,-116.56988284376972,25.492506917317712,25.99683352861859,7.798594013137295,0.19255,1.5481092929840088,0
35.37116431220616,-116.51598392672254,28.851312255859398,31.833280638382767,6.0821691208844655,0.10020000000000001,2.005422592163086,0
40.976651685111975,-118.91448573532166,27.109694417317712,18.922361497991037,3.9489545317132695,0.09165000000000001,0.7298752665519714,0
37.958312330470385,-115.16851100054326,19.983392333984398,60.80129618780398,1.318689649820401,0.1466,3.288766860961914,0
36.422193194626004,-114.49477453745362,30.639479573567712,44.03535352093066,0.4317831094196236,0.14265,2.0392873287200928,0
35.82930510710712,-114.3330777863121,27.517246500651083,48.548237221351656,0.719557908240451,0.1759,3.9987754821777344,0
38.20085745718265,-119.10313194498676,19.261305745442712,28.325579403252465,4.395135336563327,0.25520000000000004,3.720139503479004,0
40.94970222658839,-117.62091172618955,25.537184651692712,19.417088976461322,2.409919832697704,0.2164,6.7907304763793945,0
40.7341065583997,-114.27917886926494,21.739333089192712,41.24435014259073,1.121131884997319,0.27926666666666666,0.8840309381484985,0
41.4886913970601,-120.26195866150094,21.797764078776083,23.106887500301884,4.136135348246426,0.4086,1.2870073318481445,0
40.06037009531006,-116.83937742900557,24.769036865234398,28.93792245335085,2.3544427095418623,0.2748,5.301489353179932,0
34.185388137168395,-119.10313194498676,21.981601969401083,71.63005107756442,6.990973944350485,0.44260000000000005,0.0937449261546135,0
37.095929657715644,-120.85484674901983,23.057773844401083,43.574281880660095,10.664813985595584,0.3513,0.07470320165157318,0
39.17103796403174,-122.63351101157649,24.454990641276083,34.55115528314057,1.9217993400104076,0.5132,3.4987528324127197,0
38.79374554470154,-116.0039442147744,18.636875406901083,60.97037913313619,6.360865203797097,0.116425,1.4127941131591797,0
39.27883579812608,-120.96264458311417,23.167881266276083,33.18099895111874,3.0207994296084317,0.7367,2.837270736694336,0
40.114269012357234,-114.8990164153074,18.369948323567712,53.07590583954439,1.4674988218174272,0.3191,11.536865234375,0
38.38950366684775,-116.38123663410461,18.939040120442712,60.93481961741324,3.5138972254993335,0.1579,6.808165073394775,0
35.74845673153636,-117.62091172618955,30.257806396484398,13.660977442206178,7.730927754769116,0.06925,0.045992184430360794,0
41.27309572887142,-123.09165180647744,21.670241292317712,41.25785731494493,2.255625588020457,0.7632800000000001,9.592281341552734,0
32.75706683541835,-115.76139908806215,33.9062438964844,30.283800392522597,7.7696341807189295,0.3044,0.27739521861076355,0
40.222066846451575,-123.36114639171329,21.912510172526083,45.80857586143786,3.8993640312481923,0.5625,3.798673629760742,0
36.6108394042911,-119.69602003250564,28.593906656901083,28.92160089983406,6.058219262334464,0.38230000000000003,0.07781766355037689,0
34.34708488830991,-114.84511749826024,32.27424519856771,30.527671311862147,2.166208329840747,0.124,3.3811259269714355,0
36.260496443484485,-118.75278898418014,22.935784912109398,25.56751887302036,1.3019261439154424,0.528975,9.230002403259277,0
32.568420625753255,-114.57562291302438,36.42341512044271,28.183692758615987,7.514989649392756,0.3084,0.366830438375473,1
32.59537008427684,-114.60257237154796,36.42341512044271,28.183692758615987,7.514989649392756,0.3084,0.04498474672436714,1
37.44627261852226,-120.47755432968962,26.118890380859398,34.78506300533866,8.348775363068084,0.42123333333333335,0.6032106876373291,1
32.59537008427684,-114.54867345450079,36.30606486002608,28.236316956996703,7.351561998170079,0.1436,0.09637089818716049,1
34.805225683210864,-118.91448573532166,23.232253011067712,21.816367221048367,2.460905437786757,0.3789,10.917181015014648,1
38.52425095946568,-121.93282508996326,21.361240641276083,54.8452860181862,9.218357065771984,0.5066,0.10230568051338196,1
34.13148922012122,-117.40531605800086,27.020013427734398,42.518962249421385,4.391850162954305,0.22740000000000002,1.1140531301498413,1
38.47035204241851,-121.77112833882174,21.358799235026083,55.448513339606734,9.607808412369518,0.4516,0.07051999866962433,1
38.49730150094209,-121.82502725586892,21.358799235026083,55.448513339606734,9.607808412369518,0.4516,0.07547274976968765,1
39.22493688107891,-121.63638104620381,24.857659912109398,42.27698745555376,9.931138598448626,0.5444,0.028984088450670242,1
39.14408850550815,-121.87892617291608,25.452549235026083,38.36053432764185,9.942925692378761,0.4378,0.06090491637587547,1
39.81782496859779,-121.90587563143967,27.527500406901083,30.01159948249163,8.436866949768017,0.48810000000000003,0.20560318231582642,1
32.568420625753255,-114.54867345450079,36.30606486002608,28.236316956996703,7.351561998170079,0.3084,0.2721792459487915,1
37.5540704526166,-120.69314999787832,25.373122151692712,37.94344448699298,7.7144630585077385,0.5225000000000001,0.11361105740070343,1
38.49730150094209,-121.85197671439249,21.361240641276083,54.8452860181862,9.218357065771984,0.4516,0.07953736186027527,1
34.805225683210864,-118.94143519384525,23.232253011067712,21.816367221048367,2.460905437786757,0.3789,11.231728553771973,1
34.104539761597636,-117.37836659947727,27.020013427734398,42.518962249421385,4.391850162954305,0.22740000000000002,0.9189437031745911,1
39.14408850550815,-121.85197671439249,25.452549235026083,38.36053432764185,9.942925692378761,0.4378,0.07246018946170807,1
39.22493688107891,-121.60943158768023,24.857659912109398,42.27698745555376,9.931138598448626,0.5444,0.03449728339910507,1
38.25475637422983,-120.01941353478867,19.233961995442712,36.51763963932396,3.656588449481396,0.6511250000000001,4.20709753036499,1
39.81782496859779,-121.93282508996326,27.527500406901083,30.01159948249163,8.436866949768017,0.48810000000000003,0.16203466057777405,1
38.52425095946568,-121.90587563143967,21.361240641276083,54.8452860181862,9.218357065771984,0.5066,0.08590108156204224,1
38.47035204241851,-121.79807779734533,21.358799235026083,55.448513339606734,9.607808412369518,0.4516,0.07051999866962433,1
32.568420625753255,-114.5217239959772,36.30606486002608,28.236316956996703,7.351561998170079,0.1436,0.17747780680656433,1
34.104539761597636,-117.3514171409537,27.020013427734398,42.518962249421385,4.391850162954305,0.22740000000000002,0.8340392708778381,1
32.59537008427684,-114.57562291302438,36.42341512044271,28.183692758615987,7.514989649392756,0.1436,0.03733054921030998,1
34.832175141734446,-118.96838465236884,22.116937255859398,22.396440384133747,1.2697225561503926,0.3789,5.949604511260986,1
38.57814987651285,-120.01941353478867,15.45653877258303,44.650268601725756,3.364903761943797,0.4375,6.034519672393799,0
33.53860113260234,-115.89614638068007,35.17138252258303,18.59171948887205,7.020604123645259,0.07415000000000001,2.5319039821624756,0
32.541471167229666,-114.62952183007154,35.940018590291345,29.790206240907075,6.0516281185152625,0.317,0.03369886428117752,0
33.02656142065421,-115.59970233692063,36.283036168416345,12.806785023360638,9.340249775004208,0.4703,0.14035730063915253,0
34.805225683210864,-114.19833049369417,34.497228876749716,20.68766877889444,5.566219476821254,0.139,1.7933974266052246,0
41.865983816390305,-116.56988284376972,23.253006871541345,37.25322613231388,4.975621722506179,0.19255,1.5481092929840088,0
35.37116431220616,-116.51598392672254,29.36938056945803,13.782710560756936,10.242654456094822,0.10020000000000001,2.005422592163086,0
40.976651685111975,-118.91448573532166,27.115148798624716,20.380465985431126,4.39867962121143,0.09165000000000001,0.7298752665519714,0
37.958312330470385,-115.16851100054326,21.074295934041345,50.150394990324735,1.99792789989418,0.1466,3.288766860961914,0
36.422193194626004,-114.49477453745362,31.16064033508303,31.97374005239617,1.2431672134824425,0.14265,2.0392873287200928,0
35.82930510710712,-114.3330777863121,28.519689814249716,31.350678767642297,3.2974547521890014,0.1759,3.9987754821777344,0
38.20085745718265,-119.10313194498676,18.453446324666345,35.58068146495923,1.385937687438158,0.25520000000000004,3.720139503479004,0
40.94970222658839,-117.62091172618955,23.92821846008303,30.05191686771798,0.593503434870333,0.2164,6.7907304763793945,0
40.7341065583997,-114.27917886926494,20.381994501749716,51.43936716058606,4.887622582742236,0.27926666666666666,0.8840309381484985,0
41.4886913970601,-120.26195866150094,20.837560907999716,31.069069343376736,5.03706651011427,0.4086,1.2870073318481445,0
40.06037009531006,-116.83937742900557,21.816239293416345,46.774499028891434,3.1739884082915837,0.2748,5.301489353179932,0
34.185388137168395,-119.10313194498676,21.07397041320803,69.29428410925482,7.583578676671472,0.44260000000000005,0.0937449261546135,0
37.095929657715644,-120.85484674901983,21.622961298624716,49.09341784938017,11.752765207083009,0.3513,0.07470320165157318,0
39.17103796403174,-122.63351101157649,23.173498407999716,39.67428866658293,1.3114719981916438,0.5132,3.4987528324127197,0
38.79374554470154,-116.0039442147744,18.824865595499716,56.56616015667382,4.70583681225089,0.116425,1.4127941131591797,0
39.27883579812608,-120.96264458311417,21.87011299133303,39.093676026616,3.0826473360455253,0.7367,2.837270736694336,0
40.114269012357234,-114.8990164153074,17.931473668416345,59.34193491167991,6.757631028557635,0.3191,11.536865234375,0
38.38950366684775,-116.38123663410461,19.766190465291345,50.137643266125465,3.495184328088796,0.1579,6.808165073394775,0
35.74845673153636,-117.62091172618955,28.52050361633303,13.718915670984972,9.303375458903181,0.06925,0.045992184430360794,0
41.27309572887142,-123.09165180647744,20.088293329874716,47.38529109567712,2.471472217187926,0.7632800000000001,9.592281341552734,0
32.75706683541835,-115.76139908806215,35.281408564249716,12.325704865060692,10.176391954489972,0.3044,0.27739521861076355,0
40.222066846451575,-123.36114639171329,19.972489293416345,51.061439378804565,3.61769181064913,0.5625,3.798673629760742,0
36.6108394042911,-119.69602003250564,26.47680244445803,32.436529829380376,10.4157333645767,0.38230000000000003,0.07781766355037689,0
34.34708488830991,-114.84511749826024,33.782792027791345,14.876281867325481,5.428910618656576,0.124,3.3811259269714355,0
36.260496443484485,-118.75278898418014,21.147538121541345,32.27627448815052,1.5458630004202452,0.528975,9.230002403259277,0
37.66186828671094,-120.74704891492549,23.606359736124716,43.280336662225025,8.520248826398449,0.4887,0.12896354496479034,1
37.3654242429515,-121.77112833882174,16.988846715291345,66.25253778908228,8.612771541384987,0.4792,6.481801986694336,1
38.25475637422983,-120.07331245183585,18.345373407999716,42.979603751585245,2.13065864752793,0.643275,5.7187299728393555,1
37.98526178899397,-121.01654350016135,21.206376012166345,53.04231871021289,7.513543661769116,0.49260000000000004,0.1927834153175354,1
38.25475637422983,-120.01941353478867,17.756262079874716,45.21689724516408,2.6723823006836973,0.6511250000000001,4.20709753036499,1
37.338474784427916,-121.74417888029815,16.980301793416345,64.70257219547705,7.717825731847507,0.4792,6.7882304191589355,1
37.63491882818735,-120.69314999787832,24.35839424133303,39.57816170380891,7.692537234584888,0.4887,0.3508196771144867,1
37.338474784427916,-121.71722942177458,16.980301793416345,64.70257219547705,7.717825731847507,0.4792,1.7726320028305054,1
38.25475637422983,-120.04636299331226,17.756262079874716,45.21689724516408,2.6723823006836973,0.643275,8.68293285369873,1
38.57814987651285,-120.01941353478867,15.433990732828818,42.70902879000301,2.027406965530989,0.4375,6.034519672393799,0
33.53860113260234,-115.89614638068007,33.99470036824545,20.55059447487356,5.1378076540555915,0.07415000000000001,2.5319039821624756,0
32.541471167229666,-114.62952183007154,35.40493799845382,12.77542472967779,6.944640140321407,0.317,0.03369886428117752,0
33.02656142065421,-115.59970233692063,33.79247055053713,14.943581015632434,9.771650277501648,0.4703,0.14035730063915253,0
34.805225683210864,-114.19833049369417,35.22036768595382,12.037021512087563,5.496637920181342,0.139,1.7933974266052246,0
41.865983816390305,-116.56988284376972,20.011790211995446,55.57465114323058,9.003696641397868,0.19255,1.5481092929840088,0
35.37116431220616,-116.51598392672254,28.631826019287132,12.483174794775188,5.794394832432357,0.10020000000000001,2.005422592163086,0
40.976651685111975,-118.91448573532166,25.328766123453818,31.902635395879564,4.784747643748139,0.09165000000000001,0.7298752665519714,0
37.958312330470385,-115.16851100054326,23.578928883870446,20.025929811807018,3.4698305128500078,0.1466,3.288766860961914,0
36.422193194626004,-114.49477453745362,33.92145818074545,16.606510964962126,3.534601791200933,0.14265,2.0392873287200928,0
35.82930510710712,-114.3330777863121,30.243072764078818,12.398721506692901,8.390191692395824,0.1759,3.9987754821777344,0
38.20085745718265,-119.10313194498676,17.005523935953818,43.087187371038205,2.4347219810879053,0.25520000000000004,3.720139503479004,0
40.94970222658839,-117.62091172618955,22.320709482828818,36.014427475140465,4.537245488680811,0.2164,6.7907304763793945,0
40.7341065583997,-114.27917886926494,19.678863779703818,55.58376333226405,1.3213546261028557,0.27926666666666666,0.8840309381484985,0
41.4886913970601,-120.26195866150094,19.315663909912132,52.08657626237032,1.333472495665114,0.4086,1.2870073318481445,0
40.06037009531006,-116.83937742900557,21.152171071370446,43.0621242283661,4.85193324489232,0.2748,5.301489353179932,0
34.185388137168395,-119.10313194498676,21.244700368245446,75.20547753732713,4.81959422205342,0.44260000000000005,0.0937449261546135,0
37.095929657715644,-120.85484674901983,22.524485524495446,50.02918217193445,9.308714302821596,0.3513,0.07470320165157318,0
39.17103796403174,-122.63351101157649,24.152333831787132,40.843377091565124,1.2156922670220989,0.5132,3.4987528324127197,0
38.79374554470154,-116.0039442147744,19.710927581787132,36.102390314288826,1.7796332302270532,0.116425,1.4127941131591797,0
39.27883579812608,-120.96264458311417,22.127594248453818,40.227300751190256,2.0909871495842567,0.7367,2.837270736694336,0
40.114269012357234,-114.8990164153074,17.516266123453818,55.212696647967405,1.5387068010676261,0.3191,11.536865234375,0
38.38950366684775,-116.38123663410461,21.619212086995446,19.6423978111832,3.70226511631291,0.1579,6.808165073394775,0
35.74845673153636,-117.62091172618955,27.314931488037132,18.768323970957184,5.817254012057128,0.06925,0.045992184430360794,0
41.27309572887142,-123.09165180647744,20.130442555745446,46.543447021480894,3.392930015823502,0.7632800000000001,9.592281341552734,0
32.75706683541835,-115.76139908806215,31.931793467203818,12.25420103310032,8.99514744179622,0.3044,0.27739521861076355,0
40.222066846451575,-123.36114639171329,20.991526540120446,49.126933861722,4.637070396806898,0.5625,3.798673629760742,0
36.6108394042911,-119.69602003250564,25.897369639078818,37.30522160219907,10.581809326673863,0.38230000000000003,0.07781766355037689,0
34.34708488830991,-114.84511749826024,32.91356430053713,9.708469215146815,6.089035897653331,0.124,3.3811259269714355,0
36.260496443484485,-118.75278898418014,20.303538258870446,43.40569580845465,1.924837252527023,0.528975,9.230002403259277,0
40.70715709987612,-122.52571317748215,26.448964691162132,29.895156147447565,1.5621289879920437,0.5117,1.7979999780654907,1
32.622319542800426,-115.0876626249725,35.39793930053713,11.270277091935691,9.299567312880294,0.308,0.017204800620675087,1
33.376904381460825,-115.62665179544422,33.49730453491213,19.766837956713353,7.32874475138438,0.0779,2.579775810241699,1
40.70715709987612,-122.55266263600572,24.971995290120446,31.4599674473792,0.8785582093219857,0.4878,8.21602725982666,1
40.70715709987612,-122.57961209452931,24.971995290120446,31.4599674473792,0.8785582093219857,0.4878,2.2213799953460693,1
38.25475637422983,-120.01941353478867,17.665924326578818,43.209922803825165,1.6310510096548065,0.6511250000000001,4.20709753036499,1
33.376904381460825,-115.59970233692063,33.49730453491213,19.766837956713353,7.32874475138438,0.0779,2.468214273452759,1
32.622319542800426,-115.06071316644892,35.39793930053713,11.270277091935691,9.299567312880294,0.308,0.037336841225624084,1
38.685947710607195,-121.82502725586892,23.807525889078818,50.76879199444571,7.024066775002483,0.3755,0.11234411597251892,1
38.685947710607195,-121.79807779734533,23.807525889078818,50.76879199444571,7.024066775002483,0.3755,0.1307784467935562,1
38.57814987651285,-120.01941353478867,15.771301523844443,37.68337438023311,2.3452048348086176,0.4375,6.034519672393799,0
33.53860113260234,-115.89614638068007,35.42039006551107,20.612247680059046,1.8322823834322557,0.07415000000000001,2.5319039821624756,0
32.541471167229666,-114.62952183007154,34.93300399780276,21.965017456216522,9.307622633724112,0.317,0.03369886428117752,0
33.02656142065421,-115.59970233692063,34.18593368530276,15.666232558357795,2.2481426373145452,0.4703,0.14035730063915253,0
34.805225683210864,-114.19833049369417,35.27984644571944,11.794669537454249,3.979833465981445,0.139,1.7933974266052246,0
41.865983816390305,-116.56988284376972,20.489319101969443,47.437284608074584,9.40622919269455,0.19255,1.5481092929840088,0
35.37116431220616,-116.51598392672254,30.004048919677757,12.303759773227087,6.262426236442204,0.10020000000000001,2.005422592163086,0
40.976651685111975,-118.91448573532166,23.44089787801107,36.45993005803743,9.79432127034589,0.09165000000000001,0.7298752665519714,0
37.958312330470385,-115.16851100054326,25.17380803426107,14.93074460677465,3.6089621617605783,0.1466,3.288766860961914,0
36.422193194626004,-114.49477453745362,34.30743433634444,16.41695068991817,3.1120126883808163,0.14265,2.0392873287200928,0
35.82930510710712,-114.3330777863121,31.100240325927757,10.043126387553434,7.822394757501692,0.1759,3.9987754821777344,0
38.20085745718265,-119.10313194498676,18.49607365926107,28.87454540271792,3.563915080880022,0.25520000000000004,3.720139503479004,0
40.94970222658839,-117.62091172618955,20.93821233113607,44.27478138766436,6.400671031584541,0.2164,6.7907304763793945,0
40.7341065583997,-114.27917886926494,19.712056732177757,52.505563499787144,3.393522550346766,0.27926666666666666,0.8840309381484985,0
41.4886913970601,-120.26195866150094,16.903707122802757,62.50031986020205,3.758017469677082,0.4086,1.2870073318481445,0
40.06037009531006,-116.83937742900557,21.91648381551107,36.89364095312236,4.474904813496719,0.2748,5.301489353179932,0
34.185388137168395,-119.10313194498676,21.913472747802757,78.00779033732846,3.3791535846794476,0.44260000000000005,0.0937449261546135,0
37.095929657715644,-120.85484674901983,25.59104436238607,43.94431767679818,8.053232919281243,0.3513,0.07470320165157318,0
39.17103796403174,-122.63351101157649,26.662740325927757,29.457156279084685,2.9995905363224624,0.5132,3.4987528324127197,0
38.79374554470154,-116.0039442147744,21.443990325927757,21.627792732927027,3.6209632522980453,0.116425,1.4127941131591797,0
39.27883579812608,-120.96264458311417,24.505432383219443,36.154924779540124,1.5927512790083818,0.7367,2.837270736694336,0
40.114269012357234,-114.8990164153074,18.725403086344443,44.50893269791967,2.5737912448762175,0.3191,11.536865234375,0
38.38950366684775,-116.38123663410461,23.627014414469443,12.779280856071523,3.626185812320396,0.1579,6.808165073394775,0
35.74845673153636,-117.62091172618955,29.125142669677757,17.964467296272545,6.03753071046394,0.06925,0.045992184430360794,0
41.27309572887142,-123.09165180647744,20.036438242594443,51.41012557776605,3.8482084455393832,0.7632800000000001,9.592281341552734,0
32.75706683541835,-115.76139908806215,33.90924097696944,13.756983737509026,1.86454340944877,0.3044,0.27739521861076355,0
40.222066846451575,-123.36114639171329,22.198628997802757,47.7419281307624,5.956780386482883,0.5625,3.798673629760742,0
36.6108394042911,-119.69602003250564,28.854146575927757,33.07567260650781,9.064501260449564,0.38230000000000003,0.07781766355037689,0
34.34708488830991,-114.84511749826024,33.52927678426107,9.535678432516747,5.415091959602131,0.124,3.3811259269714355,0
36.260496443484485,-118.75278898418014,22.06931584676107,38.94954833633523,1.0305413011527071,0.528975,9.230002403259277,0
39.548330383361936,-121.95977454848685,31.356262461344443,27.328962701635312,2.258925346469087,0.4743,0.03454398736357689,1
35.74845673153636,-117.89040631142541,26.590637461344443,21.642737062800528,5.295664929484026,0.13240000000000002,5.803672790527344,1
35.74845673153636,-117.86345685290182,26.590637461344443,21.642737062800528,5.295664929484026,0.1623,1.3748767375946045,1
39.19798742255532,-121.95977454848685,30.714416758219443,29.79891059871887,3.3872725055873434,0.4665,0.03449214994907379,1
39.17103796403174,-121.90587563143967,30.12790959676107,31.166870973841192,4.05912452077828,0.4665,0.08019562065601349,1
35.74845673153636,-117.83650739437823,28.653869883219443,20.611069366079672,5.324829629680049,0.1623,1.0542229413986206,1
39.17103796403174,-121.93282508996326,30.12790959676107,31.166870973841192,4.05912452077828,0.4665,0.018693696707487106,1
39.548330383361936,-121.98672400701042,31.356262461344443,27.328962701635312,2.258925346469087,0.4743,0.0,1
38.25475637422983,-120.07331245183585,19.19724553426107,34.87600461435654,1.1823965132157936,0.643275,5.7187299728393555,1
38.25475637422983,-120.01941353478867,18.45359319051107,34.78000576261946,1.4523577279091069,0.6511250000000001,4.20709753036499,1
38.25475637422983,-120.04636299331226,18.45359319051107,34.78000576261946,1.4523577279091069,0.643275,8.68293285369873,1
38.57814987651285,-120.01941353478867,16.850600179036462,37.12146511009157,2.057994980689823,0.4375,6.034519672393799,0
33.53860113260234,-115.89614638068007,36.53923950195315,19.5916684655624,1.8024371554633893,0.07415000000000001,2.5319039821624756,0
32.541471167229666,-114.62952183007154,35.87989705403646,31.468993062497947,16.56044174398407,0.317,0.03369886428117752,0
33.02656142065421,-115.59970233692063,36.86834106445315,18.133672426234504,4.847217530101839,0.4703,0.14035730063915253,0
34.805225683210864,-114.19833049369417,36.13941853841146,9.744948729393448,8.871748286693114,0.139,1.7933974266052246,0
41.865983816390305,-116.56988284376972,21.269708251953148,36.025800690641965,6.795106853103282,0.19255,1.5481092929840088,0
35.37116431220616,-116.51598392672254,30.711765543619833,12.27939776615341,7.619986128327931,0.10020000000000001,2.005422592163086,0
40.976651685111975,-118.91448573532166,23.940850830078148,28.20683276190269,8.874660120841282,0.09165000000000001,0.7298752665519714,0
37.958312330470385,-115.16851100054326,24.954441324869833,12.865823619631659,5.521311589417974,0.1466,3.288766860961914,0
36.422193194626004,-114.49477453745362,35.33920694986983,10.308851587970297,8.596764562999494,0.14265,2.0392873287200928,0
35.82930510710712,-114.3330777863121,32.13437296549483,8.236078357111486,12.789512392325955,0.1759,3.9987754821777344,0
38.20085745718265,-119.10313194498676,19.107517496744833,27.2043244929487,4.303054118963487,0.25520000000000004,3.720139503479004,0
40.94970222658839,-117.62091172618955,21.913832600911462,27.006812155236386,6.490880084926394,0.2164,6.7907304763793945,0
40.7341065583997,-114.27917886926494,20.466078694661462,44.18833713618117,3.2940635110787477,0.27926666666666666,0.8840309381484985,0
41.4886913970601,-120.26195866150094,18.200290934244833,43.502627861613504,8.21022789124676,0.4086,1.2870073318481445,0
40.06037009531006,-116.83937742900557,22.674900309244833,25.86098269688259,6.456590778330795,0.2748,5.301489353179932,0
34.185388137168395,-119.10313194498676,23.179294840494833,76.95781370776452,2.6980123546395474,0.44260000000000005,0.0937449261546135,0
37.095929657715644,-120.85484674901983,28.207045491536462,38.91199577648983,7.843342586246765,0.3513,0.07470320165157318,0
39.17103796403174,-122.63351101157649,28.351902262369833,22.633136529818504,6.548430383609898,0.5132,3.4987528324127197,0
38.79374554470154,-116.0039442147744,22.140802001953148,22.459034094435538,5.75137052251908,0.116425,1.4127941131591797,0
39.27883579812608,-120.96264458311417,26.334405517578148,24.496218393274617,2.0751266084209172,0.7367,2.837270736694336,0
40.114269012357234,-114.8990164153074,19.703546142578148,34.53272378556923,4.028183618575518,0.3191,11.536865234375,0
38.38950366684775,-116.38123663410461,23.222996012369833,17.89025074665275,5.125142903773623,0.1579,6.808165073394775,0
35.74845673153636,-117.62091172618955,29.526300048828148,18.68733303985443,7.391105815781522,0.06925,0.045992184430360794,0
41.27309572887142,-123.09165180647744,20.002130126953148,46.55145060071078,5.232737811124008,0.7632800000000001,9.592281341552734,0
32.75706683541835,-115.76139908806215,36.17205200195315,14.586528463944342,3.1344239902676816,0.3044,0.27739521861076355,0
40.222066846451575,-123.36114639171329,22.614841715494833,43.29600232974719,6.922385938286895,0.5625,3.798673629760742,0
36.6108394042911,-119.69602003250564,30.375177001953148,30.462997630592653,8.592130846460758,0.38230000000000003,0.07781766355037689,0
34.34708488830991,-114.84511749826024,34.76726684570315,11.03073459356966,8.55005466518509,0.124,3.3811259269714355,0
36.260496443484485,-118.75278898418014,23.403822835286462,30.949855433620698,0.8381627084625547,0.528975,9.230002403259277,0
35.55981052187126,-119.80381786659999,31.661309814453148,20.21845358038449,4.95298805219187,0.36150000000000004,0.6309919357299805,1
35.55981052187126,-119.83076732512357,31.661309814453148,20.21845358038449,4.95298805219187,0.18714000000000003,0.658152163028717,1
35.55981052187126,-119.77686840807641,31.661309814453148,20.21845358038449,4.95298805219187,0.36150000000000004,0.5550363659858704,1
38.57814987651285,-120.01941353478867,17.644111251831077,31.016944654753548,4.37291031743034,0.4375,6.034519672393799,0
33.53860113260234,-115.89614638068007,36.54246737162276,18.69565528143777,5.434698403359577,0.07415000000000001,2.5319039821624756,0
32.541471167229666,-114.62952183007154,35.73289705912276,38.62340098684511,15.845589528988771,0.317,0.03369886428117752,0
33.02656142065421,-115.59970233692063,37.90306307474776,15.130392868410752,6.178719801566704,0.4703,0.14035730063915253,0
34.805225683210864,-114.19833049369417,35.91616528828939,20.156586731495253,13.147960696773746,0.139,1.7933974266052246,0
41.865983816390305,-116.56988284376972,19.164049402872763,40.72383591765745,9.089491398559833,0.19255,1.5481092929840088,0
35.37116431220616,-116.51598392672254,31.470364507039392,10.626517543641084,10.626545092738679,0.10020000000000001,2.005422592163086,0
40.976651685111975,-118.91448573532166,23.503730392456077,29.980863793819356,6.315168563626245,0.09165000000000001,0.7298752665519714,0
37.958312330470385,-115.16851100054326,26.095120366414392,11.897160786903152,5.584581030818629,0.1466,3.288766860961914,0
36.422193194626004,-114.49477453745362,35.36351229349776,8.301384032072026,11.449975119071004,0.14265,2.0392873287200928,0
35.82930510710712,-114.3330777863121,31.887193934122763,10.948306158591414,15.44211176169041,0.1759,3.9987754821777344,0
38.20085745718265,-119.10313194498676,20.546455001831077,25.913245537285984,4.085306714008806,0.25520000000000004,3.720139503479004,0
40.94970222658839,-117.62091172618955,20.842923100789392,28.129629920457816,5.458567905028746,0.2164,6.7907304763793945,0
40.7341065583997,-114.27917886926494,21.322822189331077,28.26096878214705,5.544071191714656,0.27926666666666666,0.8840309381484985,0
41.4886913970601,-120.26195866150094,18.617337163289392,43.41286455801328,4.426253775028373,0.4086,1.2870073318481445,0
40.06037009531006,-116.83937742900557,22.154609298706077,23.940682738949707,6.266367709251779,0.2748,5.301489353179932,0
34.185388137168395,-119.10313194498676,23.020331954956077,76.765093724295,4.037364619985422,0.44260000000000005,0.0937449261546135,0
37.095929657715644,-120.85484674901983,29.756171798706077,35.47387543719349,7.215018695045402,0.3513,0.07470320165157318,0
39.17103796403174,-122.63351101157649,28.789619064331077,22.7423626893856,2.142903739068814,0.5132,3.4987528324127197,0
38.79374554470154,-116.0039442147744,22.975572840372763,18.17427949225065,5.070504003107676,0.116425,1.4127941131591797,0
39.27883579812608,-120.96264458311417,26.540839767456077,19.769926045716296,0.6714873565919145,0.7367,2.837270736694336,0
40.114269012357234,-114.8990164153074,20.046943283081077,23.674438738082483,7.6232754364422695,0.3191,11.536865234375,0
38.38950366684775,-116.38123663410461,23.979967371622763,15.942513870667765,5.741012655095723,0.1579,6.808165073394775,0
35.74845673153636,-117.62091172618955,30.598782475789392,16.12490815460415,10.23073155791234,0.06925,0.045992184430360794,0
41.27309572887142,-123.09165180647744,20.957425053914392,42.25568593953176,3.98460866613412,0.7632800000000001,9.592281341552734,0
32.75706683541835,-115.76139908806215,37.12181307474776,14.413334736415356,8.160359418558174,0.3044,0.27739521861076355,0
40.222066846451575,-123.36114639171329,23.358222579956077,43.56926753373319,5.774200521356359,0.5625,3.798673629760742,0
36.6108394042911,-119.69602003250564,32.38711255391439,25.18102184818965,3.481899399277234,0.38230000000000003,0.07781766355037689,0
34.34708488830991,-114.84511749826024,35.03961906433108,16.614234724418782,14.560054112299092,0.124,3.3811259269714355,0
36.260496443484485,-118.75278898418014,24.526516850789392,30.414082228467542,0.5935148728902744,0.528975,9.230002403259277,0
38.47035204241851,-121.77112833882174,30.807441329956077,31.12643299165308,5.0761089865405085,0.4516,0.07051999866962433,1
38.49730150094209,-121.82502725586892,30.807441329956077,31.12643299165308,5.0761089865405085,0.4516,0.07547274976968765,1
38.49730150094209,-121.85197671439249,31.029853439331077,29.89831129156304,4.752429059457061,0.4516,0.07953736186027527,1
38.47035204241851,-121.79807779734533,30.807441329956077,31.12643299165308,5.0761089865405085,0.4516,0.07051999866962433,1
40.86885385101763,-124.06183231332652,16.102525965372763,83.76981821630191,9.047519207829348,0.6952,5.585996150970459,1
40.895803309541215,-124.1157312303737,16.102525965372763,83.76981821630191,9.047519207829348,0.6952,0.1373012363910675,1
38.57814987651285,-120.01941353478867,16.73305155436202,33.16301674868079,5.693684444826794,0.4375,6.034519672393799,0
33.53860113260234,-115.89614638068007,34.485574340820335,26.119541208137093,8.360737878614263,0.07415000000000001,2.5319039821624756,0
32.541471167229666,-114.62952183007154,36.47182108561202,26.770997232577304,1.776193577246233,0.317,0.03369886428117752,0
33.02656142065421,-115.59970233692063,36.02154439290365,23.46229283410663,13.852206242942797,0.4703,0.14035730063915253,0
34.805225683210864,-114.19833049369417,35.45294087727865,18.475227864019384,11.76075057125857,0.139,1.7933974266052246,0
41.865983816390305,-116.56988284376972,17.63197733561202,45.52559130036898,7.17609128627131,0.19255,1.5481092929840088,0
35.37116431220616,-116.51598392672254,29.79376118977865,11.043119956334523,14.225864740664592,0.10020000000000001,2.005422592163086,0
40.976651685111975,-118.91448573532166,23.17193501790365,30.732188779878427,4.227680316354781,0.09165000000000001,0.7298752665519714,0
37.958312330470385,-115.16851100054326,25.49590962727865,10.376059278462533,9.801022983491093,0.1466,3.288766860961914,0
36.422193194626004,-114.49477453745362,32.82208150227865,9.047638144606884,13.0451715524565,0.14265,2.0392873287200928,0
35.82930510710712,-114.3330777863121,30.693093872070335,9.872183058838791,14.204208223119947,0.1759,3.9987754821777344,0
38.20085745718265,-119.10313194498676,17.80434061686202,29.15118555852786,6.54938346279885,0.25520000000000004,3.720139503479004,0
40.94970222658839,-117.62091172618955,20.152322387695335,34.766006837488725,5.060102188972467,0.2164,6.7907304763793945,0
40.7341065583997,-114.27917886926494,21.09722798665365,29.19589625563217,7.834900004402719,0.27926666666666666,0.8840309381484985,0
41.4886913970601,-120.26195866150094,19.268533325195335,40.50490771711531,1.1590602194126705,0.4086,1.2870073318481445,0
40.06037009531006,-116.83937742900557,21.52504374186202,29.338671065183647,6.406852185530383,0.2748,5.301489353179932,0
34.185388137168395,-119.10313194498676,21.35341288248702,75.18776538558885,5.294888112921491,0.44260000000000005,0.0937449261546135,0
37.095929657715644,-120.85484674901983,26.268289184570335,39.623579945066766,10.687099638935758,0.3513,0.07470320165157318,0
39.17103796403174,-122.63351101157649,25.66119283040365,30.24753585476706,0.878678285060748,0.5132,3.4987528324127197,0
38.79374554470154,-116.0039442147744,23.13686014811202,18.223612328008727,5.988775888784447,0.116425,1.4127941131591797,0
39.27883579812608,-120.96264458311417,25.66933085123702,28.028847404141978,4.542486429727719,0.7367,2.837270736694336,0
40.114269012357234,-114.8990164153074,19.86391092936202,28.880597864759178,7.7396196668908,0.3191,11.536865234375,0
38.38950366684775,-116.38123663410461,23.96254374186202,15.605897484723897,7.334000816205817,0.1579,6.808165073394775,0
35.74845673153636,-117.62091172618955,29.25689595540365,17.697970738937137,12.133846887717237,0.06925,0.045992184430360794,0
41.27309572887142,-123.09165180647744,21.502908325195335,41.00286423091487,0.7296010090608245,0.7632800000000001,9.592281341552734,0
32.75706683541835,-115.76139908806215,34.81158345540365,26.729040175029056,15.051516421905568,0.3044,0.27739521861076355,0
40.222066846451575,-123.36114639171329,23.47914530436202,41.42528958459304,2.7140436227529827,0.5625,3.798673629760742,0
36.6108394042911,-119.69602003250564,31.00429178873702,26.530127366823802,4.773496389523764,0.38230000000000003,0.07781766355037689,0
34.34708488830991,-114.84511749826024,33.87457173665365,14.285016566137735,12.163670013456962,0.124,3.3811259269714355,0
36.260496443484485,-118.75278898418014,23.43056131998702,25.945817012757395,0.43375329620417885,0.528975,9.230002403259277,0
32.64926900132401,-114.7103702056423,36.860818481445335,25.487387051742914,6.1894308134606115,0.3808,0.059213507920503616,1
38.012211247517556,-121.0973918757321,26.04774881998702,45.26944290953884,6.460620651110944,0.5906,0.0790833979845047,1
38.41645312537134,-121.44773483653871,24.73321431477865,50.058803132064,10.195734103104533,0.35950000000000004,0.08580667525529861,1
39.548330383361936,-121.93282508996326,30.81239725748702,26.75906985205097,11.27320175249213,0.4186,0.028984088450670242,1
38.012211247517556,-121.12434133425569,26.04774881998702,45.26944290953884,6.460620651110944,0.5906,0.07499417662620544,1
39.548330383361936,-121.90587563143967,30.81239725748702,26.75906985205097,11.27320175249213,0.4186,0.04028471186757088,1
41.27309572887142,-123.81928718661425,19.273660278320335,66.8059478787694,2.0107198040242933,0.78845,5.522089004516602,1
38.41645312537134,-121.42078537801513,24.73321431477865,50.058803132064,10.195734103104533,0.35950000000000004,0.055482860654592514,1
41.27309572887142,-123.79233772809067,19.273660278320335,66.8059478787694,2.0107198040242933,0.78845,1.3785134553909302,1
38.57814987651285,-120.01941353478867,16.19466044108077,30.33969807977039,6.084879186354965,0.4375,6.034519672393799,0
33.53860113260234,-115.89614638068007,33.60628153483077,38.87479517658114,8.845311244181053,0.07415000000000001,2.5319039821624756,0
32.541471167229666,-114.62952183007154,35.751138305664085,28.30630989558738,8.055558859478014,0.317,0.03369886428117752,0
33.02656142065421,-115.59970233692063,34.86604715983077,30.862764129029802,12.153515515808722,0.4703,0.14035730063915253,0
34.805225683210864,-114.19833049369417,34.356118774414085,29.717733610710017,11.828844637251036,0.139,1.7933974266052246,0
41.865983816390305,-116.56988284376972,22.218179321289085,25.949191378292703,7.540486169610443,0.19255,1.5481092929840088,0
35.37116431220616,-116.51598392672254,29.153726196289085,19.78245159317408,13.064660492025794,0.10020000000000001,2.005422592163086,0
40.976651685111975,-118.91448573532166,25.42219950358077,17.304906354631484,9.329056942280337,0.09165000000000001,0.7298752665519714,0
37.958312330470385,-115.16851100054326,25.6140126546224,13.463366157799861,10.731956352271322,0.1466,3.288766860961914,0
36.422193194626004,-114.49477453745362,33.434243774414085,13.054980946984138,10.958025740841972,0.14265,2.0392873287200928,0
35.82930510710712,-114.3330777863121,30.49446512858077,17.836424563068714,12.465913633811395,0.1759,3.9987754821777344,0
38.20085745718265,-119.10313194498676,18.3920888264974,23.445693263071497,7.050235055440487,0.25520000000000004,3.720139503479004,0
40.94970222658839,-117.62091172618955,22.927163696289085,20.025882223897256,4.871164207770571,0.2164,6.7907304763793945,0
40.7341065583997,-114.27917886926494,21.653237915039085,28.246131169332457,1.06342609893323,0.27926666666666666,0.8840309381484985,0
41.4886913970601,-120.26195866150094,20.036050415039085,28.52193611801084,7.595171325557993,0.4086,1.2870073318481445,0
40.06037009531006,-116.83937742900557,23.4685048421224,23.107900752911927,4.3765069799294976,0.2748,5.301489353179932,0
34.185388137168395,-119.10313194498676,20.79402567545577,83.05789201171484,4.195028709083141,0.44260000000000005,0.0937449261546135,0
37.095929657715644,-120.85484674901983,24.2619618733724,44.68939870140597,8.387012747871317,0.3513,0.07470320165157318,0
39.17103796403174,-122.63351101157649,23.79451395670577,40.99243287935939,2.4517198538477736,0.5132,3.4987528324127197,0
38.79374554470154,-116.0039442147744,23.35530497233077,15.04719309386577,3.188612478111577,0.116425,1.4127941131591797,0
39.27883579812608,-120.96264458311417,23.091470336914085,35.48312013274445,3.917867397065763,0.7367,2.837270736694336,0
40.114269012357234,-114.8990164153074,20.263345336914085,26.271284929490257,2.7102968202673887,0.3191,11.536865234375,0
38.38950366684775,-116.38123663410461,24.299966430664085,14.471988197718892,6.108465726668171,0.1579,6.808165073394775,0
35.74845673153636,-117.62091172618955,28.310220336914085,19.57047724375027,11.825743074842228,0.06925,0.045992184430360794,0
41.27309572887142,-123.09165180647744,21.5664052327474,39.7966623577947,2.6066392372135754,0.7632800000000001,9.592281341552734,0
32.75706683541835,-115.76139908806215,33.546548461914085,31.322578297530423,12.66722155176962,0.3044,0.27739521861076355,0
40.222066846451575,-123.36114639171329,22.69636942545577,44.94166584226424,2.5240986986615086,0.5625,3.798673629760742,0
36.6108394042911,-119.69602003250564,28.90022684733077,25.590580085039477,4.772764011319015,0.38230000000000003,0.07781766355037689,0
34.34708488830991,-114.84511749826024,33.0317372639974,27.275878331508824,11.084742794730822,0.124,3.3811259269714355,0
36.260496443484485,-118.75278898418014,21.8925771077474,26.506318142983538,0.8502192457324275,0.528975,9.230002403259277,0
39.19798742255532,-121.4746842950623,25.058999633789085,45.2224110448012,9.275974997820517,0.29760000000000003,0.17302285134792328,1
32.64926900132401,-114.49477453745362,35.833169555664085,28.052376539029883,9.50077955985772,0.1713,0.20752087235450745,1
39.17103796403174,-121.44773483653871,25.0322255452474,44.57815571347626,8.430183283267251,0.29760000000000003,0.18070918321609497,1
39.00934121289022,-121.55553267063306,23.890542602539085,49.54442126564578,10.050293569306952,0.4532333333333333,0.03446664288640022,1
38.739846627654366,-121.77112833882174,22.473306274414085,54.64699964203815,8.959201826993255,0.41390000000000005,0.1329668164253235,1
39.19798742255532,-121.50163375358589,25.058999633789085,45.2224110448012,9.275974997820517,0.29760000000000003,0.040106646716594696,1
39.00934121289022,-122.06757238258119,24.94807840983077,45.01342178241664,7.375148726986752,0.47140000000000004,0.4121708273887634,1
32.541471167229666,-114.5217239959772,35.7707509358724,28.41518578783636,7.847042977737958,0.10790000000000001,0.25827258825302124,1
32.541471167229666,-114.54867345450079,35.7707509358724,28.41518578783636,7.847042977737958,0.10790000000000001,0.23444688320159912,1
32.64926900132401,-114.5217239959772,35.833169555664085,28.052376539029883,9.50077955985772,0.1713,0.043476130813360214,1
38.57814987651285,-120.01941353478867,15.677028910319052,33.34900304450582,4.211955693776099,0.4375,6.034519672393799,0
33.53860113260234,-115.89614638068007,33.47683359781905,38.99166758827863,7.865313217940612,0.07415000000000001,2.5319039821624756,0
32.541471167229666,-114.62952183007154,35.59833424886068,26.760942913155954,3.204357290432769,0.317,0.03369886428117752,0
33.02656142065421,-115.59970233692063,34.50018971761068,28.21545924297694,12.386886976349672,0.4703,0.14035730063915253,0
34.805225683210864,-114.19833049369417,34.72227630615237,27.31907785677209,9.269888869720953,0.139,1.7933974266052246,0
41.865983816390305,-116.56988284376972,23.173855082194052,19.044113601272088,7.756448328838344,0.19255,1.5481092929840088,0
35.37116431220616,-116.51598392672254,27.365586853027366,40.10193639712456,9.581031767979555,0.10020000000000001,2.005422592163086,0
40.976651685111975,-118.91448573532166,25.398301696777366,19.19959500595064,8.936232627813874,0.09165000000000001,0.7298752665519714,0
37.958312330470385,-115.16851100054326,23.382920837402366,29.557281537886702,11.626958732930172,0.1466,3.288766860961914,0
36.422193194626004,-114.49477453745362,32.31260833740237,28.83395365065048,3.806094586792813,0.14265,2.0392873287200928,0
35.82930510710712,-114.3330777863121,29.73627370198568,29.958626324118175,8.20950807545695,0.1759,3.9987754821777344,0
38.20085745718265,-119.10313194498676,17.70941823323568,27.143046135568085,2.067739985205086,0.25520000000000004,3.720139503479004,0
40.94970222658839,-117.62091172618955,23.491970316569052,16.998072408951987,7.756391975890583,0.2164,6.7907304763793945,0
40.7341065583997,-114.27917886926494,23.575303649902366,19.917579888534608,4.847272025205383,0.27926666666666666,0.8840309381484985,0
41.4886913970601,-120.26195866150094,19.73212331136068,33.17477902275072,5.558665639049325,0.4086,1.2870073318481445,0
40.06037009531006,-116.83937742900557,24.12934010823568,16.556257091427216,6.723105472963602,0.2748,5.301489353179932,0
34.185388137168395,-119.10313194498676,20.15375417073568,88.50176008695843,4.159268635765059,0.44260000000000005,0.0937449261546135,0
37.095929657715644,-120.85484674901983,24.998887634277366,42.39614181558093,9.249261311138808,0.3513,0.07470320165157318,0
39.17103796403174,-122.63351101157649,24.362575785319052,36.95186381625766,1.182156535066972,0.5132,3.4987528324127197,0
38.79374554470154,-116.0039442147744,23.114284769694052,20.125935455680047,10.425429394491324,0.116425,1.4127941131591797,0
39.27883579812608,-120.96264458311417,22.890896097819052,32.1236057290915,2.559012031308076,0.7367,2.837270736694336,0
40.114269012357234,-114.8990164153074,22.31000417073568,16.10580878394895,6.003382025565201,0.3191,11.536865234375,0
38.38950366684775,-116.38123663410461,22.95868581136068,23.639490402580957,9.463901878106936,0.1579,6.808165073394775,0
35.74845673153636,-117.62091172618955,26.808946228027366,33.11291469029966,7.422139098516389,0.06925,0.045992184430360794,0
41.27309572887142,-123.09165180647744,20.96991628011068,41.15515135261497,1.9131600344499058,0.7632800000000001,9.592281341552734,0
32.75706683541835,-115.76139908806215,32.86599375406905,30.068194476340558,12.559135448288872,0.3044,0.27739521861076355,0
40.222066846451575,-123.36114639171329,22.28925221761068,44.29527102654621,2.670823112852381,0.5625,3.798673629760742,0
36.6108394042911,-119.69602003250564,28.915554300944052,27.7758870378984,3.079750464161318,0.38230000000000003,0.07781766355037689,0
34.34708488830991,-114.84511749826024,33.12657318115237,27.38410426444218,9.914486023304788,0.124,3.3811259269714355,0
36.260496443484485,-118.75278898418014,20.641465759277366,35.644114368941985,0.6903217353917581,0.528975,9.230002403259277,0
39.19798742255532,-121.4746842950623,25.969102478027366,40.66646916985294,7.195416309015008,0.29760000000000003,0.17302285134792328,1
39.09018958846098,-121.4746842950623,25.57733815511068,41.61567954587927,7.4065821472367555,0.37255,0.0578547902405262,1
39.17103796403174,-121.44773483653871,25.701442972819052,40.26941950298277,6.407402440102895,0.29760000000000003,0.18070918321609497,1
39.19798742255532,-121.50163375358589,25.969102478027366,40.66646916985294,7.195416309015008,0.29760000000000003,0.040106646716594696,1
39.22493688107891,-121.58248212915665,26.194200134277366,40.51500412895215,7.948632736183052,0.3216,0.02366441674530506,1
38.57814987651285,-120.01941353478867,15.394714609781943,43.466297227456906,2.0001355972303436,0.4375,6.034519672393799,0
33.53860113260234,-115.89614638068007,31.783223724365257,41.80028742943676,8.08452409159061,0.07415000000000001,2.5319039821624756,0
32.541471167229666,-114.62952183007154,32.97259546915694,39.35028710691508,3.201232988951029,0.317,0.03369886428117752,0
33.02656142065421,-115.59970233692063,32.01165796915694,38.440275113400794,11.74338043000049,0.4703,0.14035730063915253,0
34.805225683210864,-114.19833049369417,33.44142684936526,32.91661926871438,12.020436975732801,0.139,1.7933974266052246,0
41.865983816390305,-116.56988284376972,23.933777109781943,24.04822257485345,2.4300034478580925,0.19255,1.5481092929840088,0
35.37116431220616,-116.51598392672254,26.839050547281943,37.02487608113958,6.589345850424249,0.10020000000000001,2.005422592163086,0
40.976651685111975,-118.91448573532166,26.249044036865257,17.21384675082736,4.992399139507644,0.09165000000000001,0.7298752665519714,0
37.958312330470385,-115.16851100054326,21.416524505615257,45.934444962786145,4.82298630977316,0.1466,3.288766860961914,0
36.422193194626004,-114.49477453745362,30.066101328531943,45.58894093834564,3.0518128017159167,0.14265,2.0392873287200928,0
35.82930510710712,-114.3330777863121,27.737732187906943,38.064049947171625,4.74659951467782,0.1759,3.9987754821777344,0
38.20085745718265,-119.10313194498676,18.257507578531943,31.943600274588924,1.967669593277025,0.25520000000000004,3.720139503479004,0
40.94970222658839,-117.62091172618955,24.408630625406943,13.666564139408715,4.044677270196549,0.2164,6.7907304763793945,0
40.7341065583997,-114.27917886926494,24.438497161865257,20.57866848763463,2.663863408434747,0.27926666666666666,0.8840309381484985,0
41.4886913970601,-120.26195866150094,20.804626719156943,34.052806591481236,4.1345783113677035,0.4086,1.2870073318481445,0
40.06037009531006,-116.83937742900557,24.677429453531943,17.679278444508054,2.9244896354460326,0.2748,5.301489353179932,0
34.185388137168395,-119.10313194498676,19.968445078531943,87.95631670805594,5.6008020741415585,0.44260000000000005,0.0937449261546135,0
37.095929657715644,-120.85484674901983,24.907247161865257,44.138191559647545,9.62984976207369,0.3513,0.07470320165157318,0
39.17103796403174,-122.63351101157649,24.454366302490257,39.606502495100045,0.9391135954613691,0.5132,3.4987528324127197,0
38.79374554470154,-116.0039442147744,19.942891693115257,43.77771120127123,10.917012844947491,0.116425,1.4127941131591797,0
39.27883579812608,-120.96264458311417,22.630879974365257,36.92113124779628,2.923044124393258,0.7367,2.837270736694336,0
40.114269012357234,-114.8990164153074,21.61338322957357,26.44947818095156,7.583060710844201,0.3191,11.536865234375,0
38.38950366684775,-116.38123663410461,19.56675237019857,49.00170952255885,6.5395472234778955,0.1579,6.808165073394775,0
35.74845673153636,-117.62091172618955,26.431579844156943,36.86102635955989,5.988232199441108,0.06925,0.045992184430360794,0
41.27309572887142,-123.09165180647744,21.793477630615257,45.24017131861903,1.798880664954931,0.7632800000000001,9.592281341552734,0
32.75706683541835,-115.76139908806215,30.48179143269857,40.84524462783627,11.634519163964272,0.3044,0.27739521861076355,0
40.222066846451575,-123.36114639171329,22.653096771240257,49.37939194909903,2.092491454015418,0.5625,3.798673629760742,0
36.6108394042911,-119.69602003250564,28.560486094156943,35.00530306576729,3.9103570603149898,0.38230000000000003,0.07781766355037689,0
34.34708488830991,-114.84511749826024,31.59751408894857,27.246503813528168,10.78648160573504,0.124,3.3811259269714355,0
36.260496443484485,-118.75278898418014,19.543640391031943,60.95352233819966,1.1586298183522543,0.528975,9.230002403259277,0
32.64926900132401,-114.49477453745362,33.20705184936526,38.59737205369447,4.86499391318865,0.1713,0.20752087235450745,1
38.47035204241851,-121.77112833882174,22.242370859781943,59.200914134958104,9.054498907720168,0.4516,0.07051999866962433,1
38.49730150094209,-121.82502725586892,22.242370859781943,59.200914134958104,9.054498907720168,0.4516,0.07547274976968765,1
38.49730150094209,-121.85197671439249,22.150573984781943,59.11094378778225,8.70443185483592,0.4516,0.07953736186027527,1
38.47035204241851,-121.79807779734533,22.242370859781943,59.200914134958104,9.054498907720168,0.4516,0.07051999866962433,1
32.64926900132401,-114.5217239959772,33.20705184936526,38.59737205369447,4.86499391318865,0.1713,0.043476130813360214,1
38.57814987651285,-120.01941353478867,16.4656806945801,45.264309322728366,1.0230762136971,0.4375,6.034519672393799,0
33.53860113260234,-115.89614638068007,32.95754267374679,34.129017338811515,4.9311904289829345,0.07415000000000001,2.5319039821624756,0
32.541471167229666,-114.62952183007154,34.120791371663415,39.57326318455252,8.395892293485321,0.317,0.03369886428117752,0
33.02656142065421,-115.59970233692063,33.6502510070801,30.232647380560255,6.942011781242538,0.4703,0.14035730063915253,0
34.805225683210864,-114.19833049369417,33.9349189758301,22.865810726789622,8.431464383114408,0.139,1.7933974266052246,0
41.865983816390305,-116.56988284376972,24.9588447570801,22.313612929455935,10.629377581504984,0.19255,1.5481092929840088,0
35.37116431220616,-116.51598392672254,28.5269599914551,29.964076935632676,7.744797544193438,0.10020000000000001,2.005422592163086,0
40.976651685111975,-118.91448573532166,27.8148017883301,18.880862882829348,6.268175336223432,0.09165000000000001,0.7298752665519714,0
37.958312330470385,-115.16851100054326,23.7344795227051,33.183103429091624,5.7295486862376945,0.1466,3.288766860961914,0
36.422193194626004,-114.49477453745362,32.7999092102051,27.304785262314983,5.332324207446297,0.14265,2.0392873287200928,0
35.82930510710712,-114.3330777863121,29.685570017496786,22.71588611678305,8.882417740090197,0.1759,3.9987754821777344,0
38.20085745718265,-119.10313194498676,16.916445668538415,47.25666557767717,0.8847506337182093,0.25520000000000004,3.720139503479004,0
40.94970222658839,-117.62091172618955,25.7864814758301,19.90329857254999,2.7171225961727914,0.2164,6.7907304763793945,0
40.7341065583997,-114.27917886926494,23.549990590413415,35.89828072802607,2.2547327242816118,0.27926666666666666,0.8840309381484985,0
41.4886913970601,-120.26195866150094,22.520937856038415,32.49712223626474,4.903224485912022,0.4086,1.2870073318481445,0
40.06037009531006,-116.83937742900557,23.8521553039551,34.0753125978881,2.9343032662535906,0.2748,5.301489353179932,0
34.185388137168395,-119.10313194498676,20.323021189371786,86.4514518650346,5.0502952136332295,0.44260000000000005,0.0937449261546135,0
37.095929657715644,-120.85484674901983,26.5543037414551,43.476271961264985,7.0346447183445875,0.3513,0.07470320165157318,0
39.17103796403174,-122.63351101157649,25.846946970621786,39.23683346614374,0.4977735326052991,0.5132,3.4987528324127197,0
38.79374554470154,-116.0039442147744,22.3777900695801,28.31070877239423,5.302059450124568,0.116425,1.4127941131591797,0
39.27883579812608,-120.96264458311417,23.5472236633301,40.37199070188907,1.7522717957886744,0.7367,2.837270736694336,0
40.114269012357234,-114.8990164153074,21.572207387288415,33.45490935939478,2.677319592543372,0.3191,11.536865234375,0
38.38950366684775,-116.38123663410461,22.274111684163415,32.35064451872328,3.5166000650390514,0.1579,6.808165073394775,0
35.74845673153636,-117.62091172618955,28.5264717102051,31.00725243838446,4.949101584824731,0.06925,0.045992184430360794,0
41.27309572887142,-123.09165180647744,23.4459053039551,39.98887607413318,1.997851822964624,0.7632800000000001,9.592281341552734,0
32.75706683541835,-115.76139908806215,32.244570668538415,29.892344489428474,6.370824217873484,0.3044,0.27739521861076355,0
40.222066846451575,-123.36114639171329,24.205508168538415,44.19406220581678,2.097495239010545,0.5625,3.798673629760742,0
36.6108394042911,-119.69602003250564,29.500755564371786,33.04587073808282,6.668103726846204,0.38230000000000003,0.07781766355037689,0
34.34708488830991,-114.84511749826024,31.745058949788415,22.149591743851975,9.817000826704879,0.124,3.3811259269714355,0
36.260496443484485,-118.75278898418014,20.827659861246786,55.43443741596935,0.8143001643262593,0.528975,9.230002403259277,0
38.47035204241851,-121.77112833882174,24.286074574788415,50.48709393192428,7.122509263386871,0.4516,0.07051999866962433,1
38.49730150094209,-121.82502725586892,24.286074574788415,50.48709393192428,7.122509263386871,0.4516,0.07547274976968765,1
32.541471167229666,-114.81816803973665,34.4161201477051,38.901584456353355,4.756242028680817,0.3068,0.022484559565782547,1
38.47035204241851,-121.93282508996326,24.265648142496786,50.07032463207977,6.897816861484049,0.46295000000000003,0.16907401382923126,1
39.22493688107891,-121.63638104620381,27.497581736246786,39.56459534316405,6.771953588336228,0.5444,0.028984088450670242,1
32.541471167229666,-114.79121858121306,34.4161201477051,38.901584456353355,4.756242028680817,0.3068,0.04675157368183136,1
38.49730150094209,-121.85197671439249,24.265648142496786,50.07032463207977,6.897816861484049,0.4516,0.07953736186027527,1
38.47035204241851,-121.90587563143967,24.265648142496786,50.07032463207977,6.897816861484049,0.46295000000000003,0.0925397202372551,1
39.22493688107891,-121.60943158768023,27.497581736246786,39.56459534316405,6.771953588336228,0.5444,0.03449728339910507,1
34.21233759569198,-118.88753627679807,20.758812204996786,82.67440580835267,4.691966726445115,0.3528,0.8335220217704773,1
38.49730150094209,-121.95977454848685,23.884951527913415,49.21613976200677,6.704707108862202,0.46295000000000003,0.1719704270362854,1
38.47035204241851,-121.79807779734533,24.286074574788415,50.48709393192428,7.122509263386871,0.4516,0.07051999866962433,1
38.57814987651285,-120.01941353478867,18.01738828023275,40.574248375354706,1.6674726022891164,0.4375,6.034519672393799,0
33.53860113260234,-115.89614638068007,34.42762591044112,27.413839379935684,3.450724468162337,0.07415000000000001,2.5319039821624756,0
32.541471167229666,-114.62952183007154,34.10780169169112,30.54154036403765,9.64158728771485,0.317,0.03369886428117752,0
33.02656142065421,-115.59970233692063,34.46449114481612,22.975208244785094,3.019052373449242,0.4703,0.14035730063915253,0
34.805225683210864,-114.19833049369417,34.93495012919112,15.533291309123848,4.427889097132804,0.139,1.7933974266052246,0
41.865983816390305,-116.56988284376972,23.71367734273275,20.14061316247799,10.317358782561023,0.19255,1.5481092929840088,0
35.37116431220616,-116.51598392672254,29.34551328023275,22.770309445192442,3.5812918396883098,0.10020000000000001,2.005422592163086,0
40.976651685111975,-118.91448573532166,28.15410703023275,14.281675734981372,7.410798292140728,0.09165000000000001,0.7298752665519714,0
37.958312330470385,-115.16851100054326,24.353244400024437,25.26163772880742,5.673199778618357,0.1466,3.288766860961914,0
36.422193194626004,-114.49477453745362,31.68926328023275,26.559308626614165,3.5382530811662125,0.14265,2.0392873287200928,0
35.82930510710712,-114.3330777863121,29.67510312398275,15.594953647578302,3.594842945181506,0.1759,3.9987754821777344,0
38.20085745718265,-119.10313194498676,18.478732681274437,40.19616454521365,2.515699538198496,0.25520000000000004,3.720139503479004,0
40.94970222658839,-117.62091172618955,25.322889582316122,15.332154164110051,6.5365567055121865,0.2164,6.7907304763793945,0
40.7341065583997,-114.27917886926494,23.988010025024437,24.51926248428638,3.98306876594698,0.27926666666666666,0.8840309381484985,0
41.4886913970601,-120.26195866150094,23.69731992085775,26.23075948491716,3.67516723197825,0.4086,1.2870073318481445,0
40.06037009531006,-116.83937742900557,25.594862238566122,18.233704465814345,6.666802052935839,0.2748,5.301489353179932,0
34.185388137168395,-119.10313194498676,21.101454035441122,85.52265890449134,5.508239610714508,0.44260000000000005,0.0937449261546135,0
37.095929657715644,-120.85484674901983,28.99541562398275,36.483412604727214,5.8800421469386235,0.3513,0.07470320165157318,0
39.17103796403174,-122.63351101157649,28.35479062398275,31.548532151254044,1.2104238460764554,0.5132,3.4987528324127197,0
38.79374554470154,-116.0039442147744,22.631564712524437,30.138016583616107,1.5800978357480844,0.116425,1.4127941131591797,0
39.27883579812608,-120.96264458311417,26.20513242085775,34.88030869781164,1.0455536801056697,0.7367,2.837270736694336,0
40.114269012357234,-114.8990164153074,22.211317316691122,29.397127631760227,2.109663219738276,0.3191,11.536865234375,0
38.38950366684775,-116.38123663410461,21.50249570210775,38.29122844775267,2.8088185699770922,0.1579,6.808165073394775,0
35.74845673153636,-117.62091172618955,29.985243097941122,21.204070242082427,2.6583078468149424,0.06925,0.045992184430360794,0
41.27309572887142,-123.09165180647744,25.539523696899437,31.151587750676175,0.9505307453515923,0.7632800000000001,9.592281341552734,0
32.75706683541835,-115.76139908806215,33.71978085835775,23.40460951360193,2.307725972809772,0.3044,0.27739521861076355,0
40.222066846451575,-123.36114639171329,26.226454035441122,39.19580198829415,1.2480800025023795,0.5625,3.798673629760742,0
36.6108394042911,-119.69602003250564,31.073622004191122,31.45581822991491,5.179124993380018,0.38230000000000003,0.07781766355037689,0
34.34708488830991,-114.84511749826024,32.85828997294112,13.400304759315187,5.5823485822522505,0.124,3.3811259269714355,0
36.260496443484485,-118.75278898418014,21.61553281148275,52.881062264108905,2.3054161808617426,0.528975,9.230002403259277,0
37.71576720375811,-121.74417888029815,24.72783749898275,49.16963149758936,6.85661046101543,0.29555000000000003,0.1549382209777832,1
35.96405239972504,-120.98959404163776,25.82622617085775,46.01747497082799,3.4362661156082908,0.4212,3.800839424133301,1
38.47035204241851,-121.77112833882174,27.028537368774437,41.650785803799614,7.540499270932468,0.4516,0.07051999866962433,1
38.49730150094209,-121.82502725586892,27.028537368774437,41.650785803799614,7.540499270932468,0.4516,0.07547274976968765,1
38.44340258389492,-121.74417888029815,25.99102109273275,45.03631604052447,8.756144918365353,0.4541,0.047006167471408844,1
38.49730150094209,-121.87892617291608,27.019178644816122,41.23790811847881,7.344334459831145,0.44885,0.08588530868291855,1
38.47035204241851,-121.82502725586892,27.028537368774437,41.650785803799614,7.540499270932468,0.44885,0.09366759657859802,1
38.49730150094209,-121.85197671439249,27.019178644816122,41.23790811847881,7.344334459831145,0.4516,0.07953736186027527,1
37.71576720375811,-121.77112833882174,23.86235898335775,51.99722827119818,7.075301348566818,0.29555000000000003,0.17544810473918915,1
35.93710294120146,-120.93569512459058,24.71416562398275,53.25395812875321,4.619623138994829,0.4212,1.7802997827529907,1
38.47035204241851,-121.79807779734533,27.028537368774437,41.650785803799614,7.540499270932468,0.4516,0.07051999866962433,1
35.96405239972504,-120.96264458311417,25.82622617085775,46.01747497082799,3.4362661156082908,0.4212,2.3098840713500977,1
38.57814987651285,-120.01941353478867,17.454358673095726,49.911966574428405,1.1603377541892954,0.4375,6.034519672393799,0
33.53860113260234,-115.89614638068007,36.064221954345726,27.396289873448094,1.643822080814835,0.07415000000000001,2.5319039821624756,0
32.541471167229666,-114.62952183007154,34.573255157470726,26.00788454990049,6.577685457772062,0.317,0.03369886428117752,0
33.02656142065421,-115.59970233692063,35.91220372517904,23.464840346164113,2.8053684749669605,0.4703,0.14035730063915253,0
34.805225683210864,-114.19833049369417,34.13567377726241,19.643783518417518,1.2543412123254987,0.139,1.7933974266052246,0
41.865983816390305,-116.56988284376972,25.238782501220726,21.814703272546563,7.659100359072988,0.19255,1.5481092929840088,0
35.37116431220616,-116.51598392672254,31.55071283976241,15.700539391380024,4.195541590120484,0.10020000000000001,2.005422592163086,0
40.976651685111975,-118.91448573532166,28.48772455851241,18.271062991860074,4.638762711449092,0.09165000000000001,0.7298752665519714,0
37.958312330470385,-115.16851100054326,24.131116485595726,30.940741311499515,4.926546815379399,0.1466,3.288766860961914,0
36.422193194626004,-114.49477453745362,31.80364252726241,31.453162864583906,1.7888174911729455,0.14265,2.0392873287200928,0
35.82930510710712,-114.3330777863121,29.39218419392904,23.533188720590417,2.604976047902513,0.1759,3.9987754821777344,0
38.20085745718265,-119.10313194498676,17.95517247517904,45.009061326863744,2.729911187015352,0.25520000000000004,3.720139503479004,0
40.94970222658839,-117.62091172618955,25.76995112101241,20.23529416266866,2.822288773255954,0.2164,6.7907304763793945,0
40.7341065583997,-114.27917886926494,24.245862579345726,21.752036994081827,4.187636891468668,0.27926666666666666,0.8840309381484985,0
41.4886913970601,-120.26195866150094,24.33969395955404,27.973771111338852,4.4503036259628574,0.4086,1.2870073318481445,0
40.06037009531006,-116.83937742900557,25.76718419392904,20.20802085413192,1.056933611288923,0.2748,5.301489353179932,0
34.185388137168395,-119.10313194498676,20.90764643351241,84.87950551519108,6.551436663161273,0.44260000000000005,0.0937449261546135,0
37.095929657715644,-120.85484674901983,30.56121088663741,36.28236863359767,4.7049208639052225,0.3513,0.07470320165157318,0
39.17103796403174,-122.63351101157649,28.55478185017904,34.17714322117543,1.4303601831939952,0.5132,3.4987528324127197,0
38.79374554470154,-116.0039442147744,23.06999994913741,31.595064242561815,4.396716752947028,0.116425,1.4127941131591797,0
39.27883579812608,-120.96264458311417,26.58212560017904,38.02339288390964,2.357072859534275,0.7367,2.837270736694336,0
40.114269012357234,-114.8990164153074,22.50448888142904,22.59007237372395,5.546840548901451,0.3191,11.536865234375,0
38.38950366684775,-116.38123663410461,22.567151641845726,36.188746360047915,4.128354791145865,0.1579,6.808165073394775,0
35.74845673153636,-117.62091172618955,32.357434844970726,16.498734873330214,1.79192403337453,0.06925,0.045992184430360794,0
41.27309572887142,-123.09165180647744,26.84237950642904,27.494326615706328,0.4563680627750569,0.7632800000000001,9.592281341552734,0
32.75706683541835,-115.76139908806215,34.716565704345726,24.048670763668767,2.1751729952791607,0.3044,0.27739521861076355,0
40.222066846451575,-123.36114639171329,26.822766876220726,38.73715824715103,0.2805235598052188,0.5625,3.798673629760742,0
36.6108394042911,-119.69602003250564,33.056165313720726,29.751310535406937,2.850980211663955,0.38230000000000003,0.07781766355037689,0
34.34708488830991,-114.84511749826024,33.35409825642904,17.643155478526282,1.0188501153811895,0.124,3.3811259269714355,0
36.260496443484485,-118.75278898418014,22.65862299601241,46.29684052040677,2.6575871021209587,0.528975,9.230002403259277,0
36.17964806791373,-119.15703086203393,30.79949213663741,34.018631727121225,0.9063114468392556,0.47250000000000003,0.1265229731798172,1
33.915893551932534,-117.27056876538293,25.24301427205404,54.28188562484929,4.7512331763859805,0.2011,0.1955438107252121,1
32.64926900132401,-114.49477453745362,34.91830724080404,24.791413637770628,5.621072561048058,0.1713,0.20752087235450745,1
34.13148922012122,-117.40531605800086,27.52288080851241,44.576956800681444,2.769235723855622,0.22740000000000002,1.1140531301498413,1
32.541471167229666,-114.7373196641659,34.62875645955404,26.47673929021738,6.753841146949675,0.39080000000000004,0.1708471029996872,1
34.104539761597636,-117.37836659947727,27.52288080851241,44.576956800681444,2.769235723855622,0.22740000000000002,0.9189437031745911,1
32.541471167229666,-114.7103702056423,34.62875645955404,26.47673929021738,6.753841146949675,0.39080000000000004,0.404715359210968,1
34.104539761597636,-117.3514171409537,27.52288080851241,44.576956800681444,2.769235723855622,0.22740000000000002,0.8340392708778381,1
32.64926900132401,-114.5217239959772,34.91830724080404,24.791413637770628,5.621072561048058,0.1713,0.043476130813360214,1
38.57814987651285,-120.01941353478867,16.847138341267907,51.77162675798998,0.7770240368865632,0.4375,6.034519672393799,0
33.53860113260234,-115.89614638068007,37.18022753397628,25.442512568339286,3.3914591200420783,0.07415000000000001,2.5319039821624756,0
32.541471167229666,-114.62952183007154,36.93462206522628,22.847073319401648,4.128693369350219,0.317,0.03369886428117752,0
33.02656142065421,-115.59970233692063,37.06841112772628,22.083944221686597,3.837408583847594,0.4703,0.14035730063915253,0
34.805225683210864,-114.19833049369417,36.24736620585128,19.201111396923256,2.8886590245236823,0.139,1.7933974266052246,0
41.865983816390305,-116.56988284376972,27.411347325642907,19.517803913727512,2.9815773496722224,0.19255,1.5481092929840088,0
35.37116431220616,-116.51598392672254,32.36024055480959,17.16452317142296,4.316883766489235,0.10020000000000001,2.005422592163086,0
40.976651685111975,-118.91448573532166,28.82109667460128,22.725502822484685,4.126194354912176,0.09165000000000001,0.7298752665519714,0
37.958312330470385,-115.16851100054326,24.75444628397628,27.801564692255663,3.2563410964693067,0.1466,3.288766860961914,0
36.422193194626004,-114.49477453745362,33.66704394022628,26.68317721056244,1.7453239761751722,0.14265,2.0392873287200928,0
35.82930510710712,-114.3330777863121,31.958466466267907,20.575063206449627,2.882912311562658,0.1759,3.9987754821777344,0
38.20085745718265,-119.10313194498676,17.38457323710128,48.72811739348748,4.052926587050331,0.25520000000000004,3.720139503479004,0
40.94970222658839,-117.62091172618955,26.079967117309593,24.67568587055825,3.6216121726822808,0.2164,6.7907304763793945,0
40.7341065583997,-114.27917886926494,25.394013341267907,24.5217744829119,2.60241477337276,0.27926666666666666,0.8840309381484985,0
41.4886913970601,-120.26195866150094,24.220429356892907,31.84661155005044,2.769185488484463,0.4086,1.2870073318481445,0
40.06037009531006,-116.83937742900557,24.755504226684593,31.951420659057977,2.458781005437037,0.2748,5.301489353179932,0
34.185388137168395,-119.10313194498676,21.759410476684593,79.13330862974958,7.227583038547227,0.44260000000000005,0.0937449261546135,0
37.095929657715644,-120.85484674901983,30.772187169392907,37.36924088665856,5.162816201659098,0.3513,0.07470320165157318,0
39.17103796403174,-122.63351101157649,29.128795242309593,34.08222198885123,0.531866219431832,0.5132,3.4987528324127197,0
38.79374554470154,-116.0039442147744,21.911103185017907,33.48554871897637,1.3414769179051234,0.116425,1.4127941131591797,0
39.27883579812608,-120.96264458311417,27.667450841267907,33.86663960608492,2.337992123536544,0.7367,2.837270736694336,0
40.114269012357234,-114.8990164153074,23.83867479960128,23.232784364888772,0.1998348625016101,0.3191,11.536865234375,0
38.38950366684775,-116.38123663410461,22.833385086059593,31.04735759844399,1.786696467123526,0.1579,6.808165073394775,0
35.74845673153636,-117.62091172618955,33.09176724751791,15.099821121339488,0.8541479212389178,0.06925,0.045992184430360794,0
41.27309572887142,-123.09165180647744,26.31816698710128,31.537009948499882,1.3843983563542372,0.7632800000000001,9.592281341552734,0
32.75706683541835,-115.76139908806215,36.25224901835128,21.62253586080665,3.070282439428067,0.3044,0.27739521861076355,0
40.222066846451575,-123.36114639171329,26.79326464335128,43.51521333084335,0.3165308812113501,0.5625,3.798673629760742,0
36.6108394042911,-119.69602003250564,33.99915657043459,25.924624463981182,0.7241281879241328,0.38230000000000003,0.07781766355037689,0
34.34708488830991,-114.84511749826024,35.11821581522628,16.681931391002713,2.7762747325676855,0.124,3.3811259269714355,0
36.260496443484485,-118.75278898418014,24.33037401835128,37.469903888560744,2.8408950766674548,0.528975,9.230002403259277,0
41.56953977263086,-123.22639909909536,22.964325841267907,30.536789139977465,1.2746880377547265,0.5990500000000001,6.0746965408325195,1
38.28170583275341,-121.4746842950623,27.49761034647628,46.41138288499818,8.2442601687413,0.45940000000000003,0.05538761243224144,1
41.56953977263086,-123.19944964057179,22.964325841267907,30.536789139977465,1.2746880377547265,0.5990500000000001,8.074540138244629,1
40.62630872430536,-123.09165180647744,29.091767247517907,28.520626294340822,1.1790455343768842,0.59645,2.579529047012329,1
41.56953977263086,-123.44199476728406,26.415904617309593,33.10069580051967,1.40391113774513,0.6464000000000001,5.077883720397949,1
38.28170583275341,-121.44773483653871,27.655894851684593,45.48026194224228,7.75862992521792,0.45940000000000003,0.05725213140249252,1
41.35394410444217,-123.60369151842556,26.68095995585128,37.58055164615649,0.5176701081888087,0.8208285714285715,4.557032108306885,1
41.21919681182425,-121.4746842950623,26.86211229960128,31.826211095216312,3.2145814010857223,0.48475,0.2728561460971832,1
41.21919681182425,-121.50163375358589,26.86211229960128,31.826211095216312,3.2145814010857223,0.48475,0.6248151659965515,1
40.922752768064804,-122.92995505533592,25.96513964335128,34.277254747521305,0.7589413655335833,0.5354,16.790435791015625,1
41.59648923115444,-123.46894422580763,26.800914382934593,34.878729301167866,1.3434589250987092,0.6464000000000001,9.929152488708496,1
41.59648923115444,-123.25334855761895,24.443004226684593,31.299224669485515,1.2978512751368245,0.5990500000000001,4.501523494720459,1
41.59648923115444,-123.28029801614254,24.443004226684593,31.299224669485515,1.2978512751368245,0.5990500000000001,7.854529857635498,1
41.919882733437476,-123.84623664513784,25.337860997517907,42.56382093610696,1.06859647834639,0.8046000000000001,3.0820705890655518,1
41.59648923115444,-123.49589368433122,26.800914382934593,34.878729301167866,1.3434589250987092,0.6464000000000001,13.419937133789062,1
40.62630872430536,-123.06470234795385,29.091767247517907,28.520626294340822,1.1790455343768842,0.59645,3.8293793201446533,1
38.57814987651285,-120.01941353478867,16.51237513224288,56.35282763258067,1.0642906941112542,0.4375,6.034519672393799,0
33.53860113260234,-115.89614638068007,38.362065887451195,24.835733608805317,4.610453167569472,0.07415000000000001,2.5319039821624756,0
32.541471167229666,-114.62952183007154,38.72347539265951,22.310736299197274,2.5716781041304393,0.317,0.03369886428117752,0
33.02656142065421,-115.59970233692063,38.798345184326195,20.184102033121036,6.050598619568267,0.4703,0.14035730063915253,0
34.805225683210864,-114.19833049369417,35.308354949951195,26.382441111644102,2.08448732345974,0.139,1.7933974266052246,0
41.865983816390305,-116.56988284376972,28.39022343953451,18.94141324893862,2.814171090184471,0.19255,1.5481092929840088,0
35.37116431220616,-116.51598392672254,32.910894012451195,17.746962313428263,4.116777442396907,0.10020000000000001,2.005422592163086,0
40.976651685111975,-118.91448573532166,29.007573699951195,20.210584839624747,3.615729455082791,0.09165000000000001,0.7298752665519714,0
37.958312330470385,-115.16851100054326,23.666753387451195,43.52003428372173,1.2802376489498266,0.1466,3.288766860961914,0
36.422193194626004,-114.49477453745362,33.75594609578451,30.952080757817118,4.71416034735454,0.14265,2.0392873287200928,0
35.82930510710712,-114.3330777863121,31.83919804890951,25.958757055169464,6.534620297175647,0.1759,3.9987754821777344,0
38.20085745718265,-119.10313194498676,18.310552215576195,45.32270797379114,2.0468675167966373,0.25520000000000004,3.720139503479004,0
40.94970222658839,-117.62091172618955,26.45842005411788,22.623967628695745,5.770703817208069,0.2164,6.7907304763793945,0
40.7341065583997,-114.27917886926494,26.38924687703451,28.0458697969021,4.249234700451631,0.27926666666666666,0.8840309381484985,0
41.4886913970601,-120.26195866150094,23.79606653849288,30.05280096614154,2.7509169851842903,0.4086,1.2870073318481445,0
40.06037009531006,-116.83937742900557,25.23625208536788,28.448901195258387,2.9758654593432987,0.2748,5.301489353179932,0
34.185388137168395,-119.10313194498676,23.17057825724288,73.26529625303854,7.521689500378019,0.44260000000000005,0.0937449261546135,0
37.095929657715644,-120.85484674901983,31.16463750203451,38.67196225184024,5.851543996188833,0.3513,0.07470320165157318,0
39.17103796403174,-122.63351101157649,29.928960418701195,31.279890147629217,0.9554945335309653,0.5132,3.4987528324127197,0
38.79374554470154,-116.0039442147744,22.752202606201195,39.11005203328841,3.1247922872806146,0.116425,1.4127941131591797,0
39.27883579812608,-120.96264458311417,28.79484583536788,28.44814955346572,2.327698065336145,0.7367,2.837270736694336,0
40.114269012357234,-114.8990164153074,22.14046758015951,36.56255298286681,2.2806536650052105,0.3191,11.536865234375,0
38.38950366684775,-116.38123663410461,23.075444793701195,39.49629651748883,1.9676712795136069,0.1579,6.808165073394775,0
35.74845673153636,-117.62091172618955,33.048101043701195,17.657837064088028,1.4583056024614942,0.06925,0.045992184430360794,0
41.27309572887142,-123.09165180647744,26.27840703328451,30.554140741492724,1.6598543333578124,0.7632800000000001,9.592281341552734,0
32.75706683541835,-115.76139908806215,37.66984583536788,19.253525395246964,4.937293715357327,0.3044,0.27739521861076355,0
40.222066846451575,-123.36114639171329,27.522222137451195,37.95785936805752,1.6600652420967605,0.5625,3.798673629760742,0
36.6108394042911,-119.69602003250564,34.054204559326195,23.05781513088398,0.7628430791318624,0.38230000000000003,0.07781766355037689,0
34.34708488830991,-114.84511749826024,35.05094935099288,22.209427173284777,2.284742527561133,0.124,3.3811259269714355,0
36.260496443484485,-118.75278898418014,24.33504765828451,43.815823024901356,4.147010418996372,0.528975,9.230002403259277,0
40.895803309541215,-122.90300559681233,25.98128789265951,30.191817452004504,0.6775529945945377,0.7018500000000001,15.237592697143555,1
41.865983816390305,-123.84623664513784,27.22201054890951,36.172439359791106,1.351128814809613,0.7916500000000001,4.72731876373291,1
41.865983816390305,-123.79233772809067,27.22201054890951,36.172439359791106,1.351128814809613,0.76725,4.733901023864746,1
41.21919681182425,-121.44773483653871,27.48893763224288,21.343000715909675,0.4299480878536875,0.4803,0.27806219458580017,1
40.033420636786474,-122.74130884567083,28.97835820515951,22.7344557071711,1.1788566022522151,0.65725,5.1815948486328125,1
41.919882733437476,-123.98098393775577,26.438481903076195,55.42839044855988,2.620295846775862,0.51635,9.466059684753418,1
41.731236523772374,-123.68453989399632,24.469243621826195,39.31261200542862,1.5380311611844009,0.5885,6.495453357696533,1
41.839034357866716,-123.76538826956708,25.28328984578451,42.00881008949928,1.325908293936253,0.7916500000000001,10.666889190673828,1
41.81208489934313,-123.76538826956708,25.28328984578451,42.00881008949928,1.325908293936253,0.8046500000000001,10.424992561340332,1
41.030550602159146,-123.60369151842556,27.68180872599288,37.06004729878319,0.7028511978299234,0.75992,4.033100605010986,1
41.919882733437476,-123.79233772809067,27.22201054890951,36.172439359791106,1.351128814809613,0.8332600000000001,3.5670008659362793,1
41.758185982295956,-123.90013556218501,26.242192840576195,49.10404244694341,1.5935421442846924,0.7987000000000001,2.2632534503936768,1
41.919882733437476,-123.81928718661425,27.22201054890951,36.172439359791106,1.351128814809613,0.8332600000000001,2.422963857650757,1
41.56953977263086,-123.44199476728406,26.961186981201195,30.532545952881257,1.900797554415012,0.6464000000000001,5.077883720397949,1
41.731236523772374,-123.01080343090668,27.299077606201195,29.42973904678218,0.5533359438718624,0.6868500000000001,9.718886375427246,1
41.704287065248785,-123.57674205990197,25.63778203328451,35.73683670314468,1.9193143720392798,0.56705,3.661929130554199,1
41.758185982295956,-122.95690451385951,28.89266484578451,28.18234453777461,1.0661250960634105,0.6793,4.605401515960693,1
41.758185982295956,-123.09165180647744,28.56999231974288,27.98142300859861,1.1395719922365988,0.39295,11.79372501373291,1
41.731236523772374,-123.63064097694915,25.63778203328451,35.73683670314468,1.9193143720392798,0.56705,8.805230140686035,1
41.704287065248785,-123.5497926013784,28.19002812703451,32.26416082137621,2.2996258592554426,0.56705,9.70991325378418,1
41.758185982295956,-123.84623664513784,25.28328984578451,42.00881008949928,1.325908293936253,0.7303000000000001,4.510715007781982,1
41.758185982295956,-123.03775288943027,28.89266484578451,28.18234453777461,1.0661250960634105,0.56165,15.940857887268066,1
41.704287065248785,-122.92995505533592,27.85384648640951,30.096395605131992,0.5781307170740695,0.6868500000000001,4.266381740570068,1
40.033420636786474,-122.7682583041944,26.03719609578451,25.577666841548208,0.8931714357413878,0.65725,9.388651847839355,1
41.704287065248785,-122.95690451385951,27.299077606201195,29.42973904678218,0.5533359438718624,0.6868500000000001,5.16007137298584,1
41.919882733437476,-123.90013556218501,27.30583216349288,43.00789413359401,1.6298878731550468,0.6771,2.153982162475586,1
41.919882733437476,-123.87318610366142,27.30583216349288,43.00789413359401,1.6298878731550468,0.6771,8.377969741821289,1
41.704287065248785,-123.63064097694915,25.63778203328451,35.73683670314468,1.9193143720392798,0.5885,4.414100646972656,1
41.704287065248785,-123.65759043547274,24.469243621826195,39.31261200542862,1.5380311611844009,0.5885,1.2329598665237427,1
41.54259031410727,-123.7114893525199,24.993901824951195,38.37644064609949,1.8181390518483007,0.6834,4.065598964691162,1
38.57814987651285,-120.01941353478867,16.45139592488607,58.17666265208027,1.768669369818751,0.4375,6.034519672393799,0
33.53860113260234,-115.89614638068007,37.66672795613607,27.109558812449762,3.057023910474796,0.07415000000000001,2.5319039821624756,0
32.541471167229666,-114.62952183007154,38.30442326863607,21.894065373524555,7.198893072700924,0.317,0.03369886428117752,0
33.02656142065421,-115.59970233692063,37.80556259155276,19.526817620503074,2.7208607459961174,0.4703,0.14035730063915253,0
34.805225683210864,-114.19833049369417,36.57777938842776,22.34963780132837,3.7915869269567444,0.139,1.7933974266052246,0
41.865983816390305,-116.56988284376972,27.57322209676107,21.930966208287106,2.897176150244433,0.19255,1.5481092929840088,0
35.37116431220616,-116.51598392672254,32.26690699259444,18.766937033779797,5.7076954176604255,0.10020000000000001,2.005422592163086,0
40.976651685111975,-118.91448573532166,27.81199162801107,28.57831669395455,0.9032144217147878,0.09165000000000001,0.7298752665519714,0
37.958312330470385,-115.16851100054326,25.61887639363607,33.72253383764925,6.87036819267263,0.1466,3.288766860961914,0
36.422193194626004,-114.49477453745362,34.71799748738607,28.478413893870062,3.4330678432135335,0.14265,2.0392873287200928,0
35.82930510710712,-114.3330777863121,31.710998789469443,23.165211188012787,5.208468111748203,0.1759,3.9987754821777344,0
38.20085745718265,-119.10313194498676,18.090718841552757,45.113228614524395,4.9647036528449995,0.25520000000000004,3.720139503479004,0
40.94970222658839,-117.62091172618955,25.46580022176107,28.21464776285469,5.729776945453986,0.2164,6.7907304763793945,0
40.7341065583997,-114.27917886926494,26.468892669677757,30.05388119615159,2.700429453265785,0.27926666666666666,0.8840309381484985,0
41.4886913970601,-120.26195866150094,23.009094492594443,42.357461634647855,2.6340486185844756,0.4086,1.2870073318481445,0
40.06037009531006,-116.83937742900557,25.130188242594443,31.92750090559625,3.1868765705740723,0.2748,5.301489353179932,0
34.185388137168395,-119.10313194498676,22.47263615926107,76.30900712474194,7.464298670039032,0.44260000000000005,0.0937449261546135,0
37.095929657715644,-120.85484674901983,31.005025482177757,39.399447306966884,6.374893060877981,0.3513,0.07470320165157318,0
39.17103796403174,-122.63351101157649,30.02146428426107,28.432748785216543,3.476597478721167,0.5132,3.4987528324127197,0
38.79374554470154,-116.0039442147744,24.11643498738607,34.93196674192303,5.226737267446458,0.116425,1.4127941131591797,0
39.27883579812608,-120.96264458311417,29.274475351969443,28.052872964896597,1.318856822079852,0.7367,2.837270736694336,0
40.114269012357234,-114.8990164153074,23.421692148844443,35.182241591318316,3.4221636558833155,0.3191,11.536865234375,0
38.38950366684775,-116.38123663410461,23.56809514363607,39.67605204518304,4.728640971563686,0.1579,6.808165073394775,0
35.74845673153636,-117.62091172618955,32.80352808634444,18.22126772698348,6.746901725084295,0.06925,0.045992184430360794,0
41.27309572887142,-123.09165180647744,24.870503997802757,39.85166068480032,0.5043824236212673,0.7632800000000001,9.592281341552734,0
32.75706683541835,-115.76139908806215,37.05588811238607,20.986176260345278,4.165776939438611,0.3044,0.27739521861076355,0
40.222066846451575,-123.36114639171329,27.876607513427757,34.45079863581434,1.3944154229360812,0.5625,3.798673629760742,0
36.6108394042911,-119.69602003250564,33.82818628946944,26.113456580125995,2.0339370575669315,0.38230000000000003,0.07781766355037689,0
34.34708488830991,-114.84511749826024,35.39206975301107,16.88139225627508,5.984325889199458,0.124,3.3811259269714355,0
36.260496443484485,-118.75278898418014,24.451558685302757,42.61346785996382,2.7114495176564266,0.528975,9.230002403259277,0
40.895803309541215,-122.90300559681233,25.78757756551107,32.026138259975916,1.343526526039701,0.7018500000000001,15.237592697143555,1
41.35394410444217,-123.68453989399632,25.031311289469443,46.10124985311877,0.46198188226210685,0.8101857142857144,3.9518673419952393,1
41.865983816390305,-123.79233772809067,26.47068303426107,45.128343269255815,1.334176399653876,0.76725,4.733901023864746,1
41.21919681182425,-121.44773483653871,27.392964935302757,26.62764312287785,2.5278793735775964,0.4803,0.27806219458580017,1
41.81208489934313,-123.7114893525199,23.956929779052757,44.6878983859413,0.8742446263573459,0.6883,3.2082464694976807,1
41.54259031410727,-123.06470234795385,22.51145451863607,37.38532786764115,0.27150685469113506,0.5616,4.328233242034912,1
40.62630872430536,-123.60369151842556,25.275533294677757,45.11772638393235,0.9833678619742386,0.6972333333333334,10.1334867477417,1
41.919882733437476,-123.79233772809067,26.47068303426107,45.128343269255815,1.334176399653876,0.8332600000000001,3.5670008659362793,1
41.54259031410727,-123.09165180647744,22.51145451863607,37.38532786764115,0.27150685469113506,0.5616,0.8755055665969849,1
41.919882733437476,-123.81928718661425,26.47068303426107,45.128343269255815,1.334176399653876,0.8332600000000001,2.422963857650757,1
39.76392605155062,-121.90587563143967,35.78245061238607,20.10822635270738,3.536478309017409,0.4917,0.10380301624536514,1
40.65325818282895,-123.57674205990197,25.51560490926107,44.459892438787676,0.8714225600863655,0.6518,2.788191318511963,1
41.56953977263086,-123.44199476728406,26.596985117594443,34.52575583376531,1.1893979833644033,0.6464000000000001,5.077883720397949,1
39.629178758932696,-121.85197671439249,36.25958277384444,20.194556757174066,5.1466676746194455,0.5874,0.12632012367248535,1
41.731236523772374,-123.01080343090668,27.055237070719443,32.227402983317184,0.41459794321931104,0.6868500000000001,9.718886375427246,1
39.76392605155062,-121.93282508996326,35.78245061238607,20.10822635270738,3.536478309017409,0.4917,0.09191865473985672,1
32.622319542800426,-116.56988284376972,28.625793711344443,39.75442108884466,4.097364212634017,0.3844666666666667,3.145246744155884,1
41.758185982295956,-123.03775288943027,28.658752695719443,31.53960966301629,0.7516119501958026,0.56165,15.940857887268066,1
41.704287065248785,-122.92995505533592,27.75266545613607,32.837703140072,0.4120364859471778,0.6868500000000001,4.266381740570068,1
40.54546034873461,-123.46894422580763,25.98508733113607,39.63859889354862,1.1201201947828385,0.7015333333333333,13.12147045135498,1
41.704287065248785,-122.95690451385951,27.055237070719443,32.227402983317184,0.41459794321931104,0.6868500000000001,5.16007137298584,1
41.919882733437476,-123.90013556218501,26.297180430094443,51.66774898192815,1.4072569466685683,0.6771,2.153982162475586,1
41.919882733437476,-123.87318610366142,26.297180430094443,51.66774898192815,1.4072569466685683,0.6771,8.377969741821289,1
39.73697659302704,-121.87892617291608,36.47597274780276,19.77261279328756,4.183585681790423,0.4917,0.1514713019132614,1
41.35394410444217,-123.7114893525199,25.031311289469443,46.10124985311877,0.46198188226210685,0.8101857142857144,7.09267520904541,1
41.54259031410727,-123.7114893525199,24.079976654052757,45.51429687421164,0.3764839914453688,0.6834,4.065598964691162,1
40.922752768064804,-122.87605613828876,25.78757756551107,32.026138259975916,1.343526526039701,0.4048,7.777200698852539,1
41.785135440819545,-123.68453989399632,23.956929779052757,44.6878983859413,0.8742446263573459,0.5650000000000001,6.371745586395264,1
41.839034357866716,-123.7114893525199,23.956929779052757,44.6878983859413,0.8742446263573459,0.76725,9.901745796203613,1
41.785135440819545,-123.7114893525199,23.956929779052757,44.6878983859413,0.8742446263573459,0.6932,5.901498794555664,1
38.57814987651285,-120.01941353478867,15.578820800781273,48.60858226317442,2.0295385217556663,0.4375,6.034519672393799,0
33.53860113260234,-115.89614638068007,36.40238850911459,27.516978475041686,3.9264365152477616,0.07415000000000001,2.5319039821624756,0
32.541471167229666,-114.62952183007154,37.07312418619796,29.698686728759423,13.433739855779269,0.317,0.03369886428117752,0
33.02656142065421,-115.59970233692063,37.17167561848959,19.583475756176583,6.7628685848631305,0.4703,0.14035730063915253,0
34.805225683210864,-114.19833049369417,35.87016194661459,24.116399199039442,10.348972106501515,0.139,1.7933974266052246,0
41.865983816390305,-116.56988284376972,25.628706868489587,29.192882134548785,13.50211611307625,0.19255,1.5481092929840088,0
35.37116431220616,-116.51598392672254,31.606734212239587,13.39687923796175,7.84656563177051,0.10020000000000001,2.005422592163086,0
40.976651685111975,-118.91448573532166,26.69324137369796,30.471421901265966,8.161720171907062,0.09165000000000001,0.7298752665519714,0
37.958312330470385,-115.16851100054326,25.012495930989587,29.12679189593329,10.167506068752635,0.1466,3.288766860961914,0
36.422193194626004,-114.49477453745362,33.42794189453127,28.633067519751915,5.935969455853954,0.14265,2.0392873287200928,0
35.82930510710712,-114.3330777863121,31.257775878906273,23.296452865728202,10.756178338738133,0.1759,3.9987754821777344,0
38.20085745718265,-119.10313194498676,17.188439941406273,40.44158187573876,4.557200056071722,0.25520000000000004,3.720139503479004,0
40.94970222658839,-117.62091172618955,24.625451660156273,30.205686354570897,5.934557376549873,0.2164,6.7907304763793945,0
40.7341065583997,-114.27917886926494,25.780480957031273,25.963656003687785,8.315462644384668,0.27926666666666666,0.8840309381484985,0
41.4886913970601,-120.26195866150094,20.86316324869796,46.12984356386826,5.03904610629624,0.4086,1.2870073318481445,0
40.06037009531006,-116.83937742900557,24.308312988281273,31.29001715866821,6.908883660299415,0.2748,5.301489353179932,0
34.185388137168395,-119.10313194498676,21.210738118489587,76.79375454572526,7.824254102431311,0.44260000000000005,0.0937449261546135,0
37.095929657715644,-120.85484674901983,27.79236246744796,44.565866010479,7.753017313382581,0.3513,0.07470320165157318,0
39.17103796403174,-122.63351101157649,26.584517415364587,42.999752278796144,2.7805972884582824,0.5132,3.4987528324127197,0
38.79374554470154,-116.0039442147744,23.01770426432296,27.697578433914234,10.669181202495404,0.116425,1.4127941131591797,0
39.27883579812608,-120.96264458311417,26.565962727864587,33.39383593208746,2.104881835691809,0.7367,2.837270736694336,0
40.114269012357234,-114.8990164153074,22.599328613281273,28.88788422245947,9.613343363730932,0.3191,11.536865234375,0
38.38950366684775,-116.38123663410461,24.04455973307296,20.092726637327885,9.982874188614273,0.1579,6.808165073394775,0
35.74845673153636,-117.62091172618955,30.98596598307296,13.365716909262899,6.368605739630294,0.06925,0.045992184430360794,0
41.27309572887142,-123.09165180647744,23.21570231119796,38.06662199661839,1.832620363414464,0.7632800000000001,9.592281341552734,0
32.75706683541835,-115.76139908806215,35.83948160807296,19.405981959565267,6.72796637423455,0.3044,0.27739521861076355,0
40.222066846451575,-123.36114639171329,25.625451660156273,42.01452443973217,1.6492616934922892,0.5625,3.798673629760742,0
36.6108394042911,-119.69602003250564,32.15792236328127,27.00052523476753,2.783591692585291,0.38230000000000003,0.07781766355037689,0
34.34708488830991,-114.84511749826024,34.26965738932296,21.739349466306162,13.274190493875418,0.124,3.3811259269714355,0
36.260496443484485,-118.75278898418014,23.482954915364587,34.97471514749891,1.5391549766392534,0.528975,9.230002403259277,0
40.895803309541215,-122.90300559681233,23.251916503906273,45.13433593503551,0.733665352866931,0.7018500000000001,15.237592697143555,1
41.56953977263086,-123.22639909909536,19.681115722656273,35.9346891119452,2.172214508327955,0.5990500000000001,6.0746965408325195,1
40.62630872430536,-123.49589368433122,23.569624837239587,49.0688460802415,2.8269394473491847,0.62885,7.898218154907227,1
41.56953977263086,-123.19944964057179,19.681115722656273,35.9346891119452,2.172214508327955,0.5990500000000001,8.074540138244629,1
41.27309572887142,-123.46894422580763,25.727095540364587,37.963446546493984,1.6376096680752603,0.7368,14.220049858093262,1
41.56953977263086,-123.44199476728406,24.12634684244796,36.19875745751801,1.9083060242678742,0.6464000000000001,5.077883720397949,1
41.731236523772374,-123.01080343090668,24.54089762369796,35.48870710929439,2.430903093484788,0.6868500000000001,9.718886375427246,1
41.27309572887142,-123.90013556218501,20.698693847656273,68.04029866699126,4.70312056442928,0.8119500000000001,4.704448699951172,1
41.40784302148935,-123.68453989399632,22.311079915364587,52.26602524564697,2.084259517723577,0.8410000000000001,3.008373498916626,1
41.758185982295956,-122.95690451385951,25.700728352864587,38.73794763569722,2.5699556695208106,0.6793,4.605401515960693,1
41.27309572887142,-123.44199476728406,25.986047363281273,35.987414069161964,1.5259766496987779,0.7368,6.639048099517822,1
41.704287065248785,-122.92995505533592,25.338342285156273,36.43748240644161,2.510352439287974,0.6868500000000001,4.266381740570068,1
41.704287065248785,-122.95690451385951,24.54089762369796,35.48870710929439,2.430903093484788,0.6868500000000001,5.16007137298584,1
40.62630872430536,-123.46894422580763,23.569624837239587,49.0688460802415,2.8269394473491847,0.62885,0.8458826541900635,1
40.65325818282895,-123.5497926013784,24.121138509114587,45.91355541360544,2.2021481374480834,0.73765,11.339927673339844,1
41.54259031410727,-123.7114893525199,21.621626790364587,52.48922716315554,2.0952662014431476,0.6834,4.065598964691162,1
40.65325818282895,-123.52284314285481,24.121138509114587,45.91355541360544,2.2021481374480834,0.73765,7.945435047149658,1
40.922752768064804,-122.87605613828876,23.251916503906273,45.13433593503551,0.733665352866931,0.4048,7.777200698852539,1
41.56953977263086,-123.46894422580763,24.83386637369796,38.866734372981405,1.8731713950876676,0.6836,2.929407835006714,1
41.59648923115444,-123.5497926013784,24.83386637369796,38.866734372981405,1.8731713950876676,0.6836,12.365728378295898,1
41.758185982295956,-122.9838539723831,25.700728352864587,38.73794763569722,2.5699556695208106,0.66795,3.459047794342041,1
40.976651685111975,-123.57674205990197,24.357873535156273,46.896950681844615,1.573322646734858,0.7648,3.295250415802002,1
41.35394410444217,-123.60369151842556,24.383264160156273,43.81761307730351,1.8126589499627375,0.8208285714285715,4.557032108306885,1
41.731236523772374,-122.9838539723831,24.54089762369796,35.48870710929439,2.430903093484788,0.6868500000000001,6.91234827041626,1
40.976651685111975,-123.5497926013784,24.351118977864587,40.48709744628727,1.333858189343447,0.7648,5.268863677978516,1
41.27309572887142,-123.41504530876047,25.986047363281273,35.987414069161964,1.5259766496987779,0.6834,8.080657958984375,1
41.54259031410727,-123.68453989399632,21.621626790364587,52.48922716315554,2.0952662014431476,0.6834,6.433401107788086,1
41.758185982295956,-122.92995505533592,25.68957926432296,40.20325998867949,2.6788243150778612,0.6793,4.419200897216797,1
40.895803309541215,-122.87605613828876,23.251916503906273,45.13433593503551,0.733665352866931,0.70538,13.938410758972168,1
40.86885385101763,-122.82215722124158,24.812463378906273,48.0278929360133,0.5881314049377718,0.70538,3.5043318271636963,1
38.57814987651285,-120.01941353478867,14.987314478556357,49.15846094949152,2.7936040631616663,0.4375,6.034519672393799,0
33.53860113260234,-115.89614638068007,31.204762395222986,54.31058440220505,4.206981603574127,0.07415000000000001,2.5319039821624756,0
32.541471167229666,-114.62952183007154,29.646005884806357,63.92899979961597,3.9963979295427965,0.317,0.03369886428117752,0
33.02656142065421,-115.59970233692063,31.163828150431357,52.2080682379532,6.334740960158692,0.4703,0.14035730063915253,0
34.805225683210864,-114.19833049369417,27.791920598347986,52.69491743049118,4.020909605062165,0.139,1.7933974266052246,0
41.865983816390305,-116.56988284376972,24.660654322306357,24.773381628078734,4.141344840115702,0.19255,1.5481092929840088,0
35.37116431220616,-116.51598392672254,27.38998374938967,41.76202045168933,11.700610553293442,0.10020000000000001,2.005422592163086,0
40.976651685111975,-118.91448573532166,26.297128931681357,23.518388327116906,6.398652144814747,0.09165000000000001,0.7298752665519714,0
37.958312330470385,-115.16851100054326,20.772714869181357,48.16367819182129,7.024137845662852,0.1466,3.288766860961914,0
36.422193194626004,-114.49477453745362,27.02499351501467,49.7995119256082,1.9425405345330864,0.14265,2.0392873287200928,0
35.82930510710712,-114.3330777863121,23.832447942097986,60.0152599844319,1.5942116863673177,0.1759,3.9987754821777344,0
38.20085745718265,-119.10313194498676,17.191660181681357,33.839655920362055,5.838483148126777,0.25520000000000004,3.720139503479004,0
40.94970222658839,-117.62091172618955,24.405690129597986,20.780330830831833,6.366749990035553,0.2164,6.7907304763793945,0
40.7341065583997,-114.27917886926494,24.127451197306357,23.7097687142075,7.131319841310536,0.27926666666666666,0.8840309381484985,0
41.4886913970601,-120.26195866150094,21.11825523376467,34.97443861299701,4.060399580991134,0.4086,1.2870073318481445,0
40.06037009531006,-116.83937742900557,23.484791692097986,23.91913762048839,8.131703818419288,0.2748,5.301489353179932,0
34.185388137168395,-119.10313194498676,20.312428410847986,78.29432798120983,6.572250338922898,0.44260000000000005,0.0937449261546135,0
37.095929657715644,-120.85484674901983,27.593759791056357,41.921825518744065,6.523875951668894,0.3513,0.07470320165157318,0
39.17103796403174,-122.63351101157649,25.79843101501467,45.19637036895653,0.5529567882253051,0.5132,3.4987528324127197,0
38.79374554470154,-116.0039442147744,20.392994817097986,39.538706408669114,11.460131680554781,0.116425,1.4127941131591797,0
39.27883579812608,-120.96264458311417,25.364674504597986,36.19941863689641,1.121567033027653,0.7367,2.837270736694336,0
40.114269012357234,-114.8990164153074,20.631357447306357,31.50960058264468,10.601274646917796,0.3191,11.536865234375,0
38.38950366684775,-116.38123663410461,20.881031926472986,37.01156482901023,9.158953024977656,0.1579,6.808165073394775,0
35.74845673153636,-117.62091172618955,29.01913414001467,29.13132403546468,5.814985381071284,0.06925,0.045992184430360794,0
41.27309572887142,-123.09165180647744,22.53109703063967,37.578021727264904,2.29151743966084,0.7632800000000001,9.592281341552734,0
32.75706683541835,-115.76139908806215,30.520029322306357,53.90247305159696,5.29359954789677,0.3044,0.27739521861076355,0
40.222066846451575,-123.36114639171329,24.05355796813967,46.45774446382628,0.7718953070727957,0.5625,3.798673629760742,0
36.6108394042911,-119.69602003250564,31.213795598347986,31.827361468266,4.115271793008555,0.38230000000000003,0.07781766355037689,0
34.34708488830991,-114.84511749826024,26.013356145222986,57.871143533782245,5.028521936837799,0.124,3.3811259269714355,0
36.260496443484485,-118.75278898418014,22.146250025431357,39.841986703147306,2.654420275143715,0.528975,9.230002403259277,0
40.895803309541215,-122.90300559681233,22.50033531188967,40.79579563658601,2.198325491838214,0.7018500000000001,15.237592697143555,1
34.88607405878162,-119.74991894955282,24.859547551472986,32.14149737547749,4.456056536364592,0.33430000000000004,5.348269939422607,1
41.785135440819545,-123.01080343090668,24.46884117126467,41.41501337079275,1.1765815091101772,0.6728500000000001,8.135889053344727,1
34.913023517305206,-119.72296949102923,24.859547551472986,32.14149737547749,4.456056536364592,0.26380000000000003,1.9584035873413086,1
41.81208489934313,-123.84623664513784,20.659840520222986,57.85578045976438,0.9763083795990255,0.7092,8.00900650024414,1
41.919882733437476,-123.98098393775577,21.59262046813967,61.296744252071775,3.5167243971841953,0.51635,9.466059684753418,1
41.81208489934313,-123.76538826956708,20.659840520222986,57.85578045976438,0.9763083795990255,0.8046500000000001,10.424992561340332,1
41.54259031410727,-123.49589368433122,23.716806666056357,44.08981557653955,0.36507476673242945,0.6588,6.70159387588501,1
41.38089356296576,-123.65759043547274,20.95541343688967,55.6042129527088,0.5364504657700694,0.8305600000000001,8.498577117919922,1
41.650388148201614,-123.03775288943027,23.645192082722986,39.42761216453821,1.5610063270854813,0.6920333333333334,1.2317399978637695,1
41.919882733437476,-123.79233772809067,22.397633488972986,48.40981279014232,0.2744492290014808,0.8332600000000001,3.5670008659362793,1
41.919882733437476,-123.81928718661425,22.397633488972986,48.40981279014232,0.2744492290014808,0.8332600000000001,2.422963857650757,1
40.65325818282895,-123.57674205990197,21.305185572306357,55.7082534274196,0.16469597228451063,0.6518,2.788191318511963,1
41.56953977263086,-123.44199476728406,23.026376978556357,41.89733647622965,0.03374976869555683,0.6464000000000001,5.077883720397949,1
41.81208489934313,-123.87318610366142,21.16415367126467,62.94874680305212,1.3421951932938057,0.7092,1.179460883140564,1
34.913023517305206,-119.74991894955282,24.859547551472986,32.14149737547749,4.456056536364592,0.26380000000000003,2.701511859893799,1
40.65325818282895,-123.5497926013784,22.567148462931357,53.05410932179877,0.5429054274247174,0.73765,11.339927673339844,1
41.54259031410727,-123.7114893525199,20.39901695251467,54.865735816319194,0.6737100444779052,0.6834,4.065598964691162,1
40.65325818282895,-123.52284314285481,22.567148462931357,53.05410932179877,0.5429054274247174,0.73765,7.945435047149658,1
40.922752768064804,-122.87605613828876,22.50033531188967,40.79579563658601,2.198325491838214,0.4048,7.777200698852539,1
41.919882733437476,-123.7384388110435,21.440683619181357,48.26954203910979,0.628513575809771,0.8207,5.854884624481201,1
41.785135440819545,-123.68453989399632,20.372080103556357,52.84509903510105,0.5186736237738727,0.5650000000000001,6.371745586395264,1
41.785135440819545,-123.7114893525199,20.372080103556357,52.84509903510105,0.5186736237738727,0.6932,5.901498794555664,1
41.94683219196106,-123.79233772809067,22.397633488972986,48.40981279014232,0.2744492290014808,0.817675,2.3522002696990967,1
41.785135440819545,-122.9838539723831,24.46884117126467,41.41501337079275,1.1765815091101772,0.6728500000000001,3.7215049266815186,1
41.56953977263086,-123.46894422580763,23.543955103556357,43.57175168345579,0.4501795751010454,0.6836,2.929407835006714,1
41.59648923115444,-123.5497926013784,23.543955103556357,43.57175168345579,0.4501795751010454,0.6836,12.365728378295898,1
41.785135440819545,-123.7384388110435,20.372080103556357,52.84509903510105,0.5186736237738727,0.6932,4.876309394836426,1
41.758185982295956,-122.9838539723831,24.46884117126467,41.41501337079275,1.1765815091101772,0.66795,3.459047794342041,1
41.6773376067252,-123.33419693318972,23.430185572306357,40.78741345750312,0.4496124913614226,0.67615,7.530034065246582,1
38.57814987651285,-120.01941353478867,12.758864974975609,64.41830450748586,3.1216045874873792,0.4375,6.034519672393799,0
33.53860113260234,-115.89614638068007,25.93244895935061,78.52325242134016,5.633222796443461,0.07415000000000001,2.5319039821624756,0
32.541471167229666,-114.62952183007154,26.01399192810061,76.70709773816007,8.207796535471509,0.317,0.03369886428117752,0
33.02656142065421,-115.59970233692063,25.15754661560061,88.56291187179023,4.369894120030008,0.4703,0.14035730063915253,0
34.805225683210864,-114.19833049369417,24.974603907267294,70.71014397842458,2.9011419782972627,0.139,1.7933974266052246,0
41.865983816390305,-116.56988284376972,21.197667058308923,37.20832843849752,10.34124244351461,0.19255,1.5481092929840088,0
35.37116431220616,-116.51598392672254,21.316075261433923,70.41681559535287,5.294710249652077,0.10020000000000001,2.005422592163086,0
40.976651685111975,-118.91448573532166,23.291172917683923,33.45326125265064,8.128720641087956,0.09165000000000001,0.7298752665519714,0
37.958312330470385,-115.16851100054326,17.31648216247561,72.57647956552663,5.786510235612352,0.1466,3.288766860961914,0
36.422193194626004,-114.49477453745362,23.270014063517294,72.03387994388282,4.727905522940566,0.14265,2.0392873287200928,0
35.82930510710712,-114.3330777863121,21.14070091247561,79.50111328317583,5.0316495698949595,0.1759,3.9987754821777344,0
38.20085745718265,-119.10313194498676,12.645583724975609,56.40100870215375,5.216773206129715,0.25520000000000004,3.720139503479004,0
40.94970222658839,-117.62091172618955,19.796625391642294,37.2255251242745,4.948548224154839,0.2164,6.7907304763793945,0
40.7341065583997,-114.27917886926494,20.59529075622561,42.359529008039736,5.998045936570849,0.27926666666666666,0.8840309381484985,0
41.4886913970601,-120.26195866150094,19.138422266642294,45.587538722605196,3.9803664396590848,0.4086,1.2870073318481445,0
40.06037009531006,-116.83937742900557,18.506342188517294,50.950759759631694,4.751631357833535,0.2748,5.301489353179932,0
34.185388137168395,-119.10313194498676,21.361566797892294,87.26132012791948,3.435843052919562,0.44260000000000005,0.0937449261546135,0
37.095929657715644,-120.85484674901983,27.744297917683923,45.38267005370544,3.446008702647499,0.3513,0.07470320165157318,0
39.17103796403174,-122.63351101157649,24.467686589558923,45.84771032722476,1.2682464673849057,0.5132,3.4987528324127197,0
38.79374554470154,-116.0039442147744,15.320307032267294,67.28717148043177,5.628354413939577,0.116425,1.4127941131591797,0
39.27883579812608,-120.96264458311417,24.718256251017294,39.36737701895319,1.4232316525431328,0.7367,2.837270736694336,0
40.114269012357234,-114.8990164153074,17.012364323933923,56.58959278800645,6.416166156096647,0.3191,11.536865234375,0
38.38950366684775,-116.38123663410461,15.440098698933923,70.71754310214297,4.985603621023375,0.1579,6.808165073394775,0
35.74845673153636,-117.62091172618955,21.65437278747561,66.44366541115984,7.603473351039747,0.06925,0.045992184430360794,0
41.27309572887142,-123.09165180647744,21.876622136433923,41.91933845970811,0.43412879647897934,0.7632800000000001,9.592281341552734,0
32.75706683541835,-115.76139908806215,24.258946355183923,83.72044220900814,3.9452853004230235,0.3044,0.27739521861076355,0
40.222066846451575,-123.36114639171329,22.245844141642294,59.68438118555937,0.5473424922434462,0.5625,3.798673629760742,0
36.6108394042911,-119.69602003250564,27.509190495808923,54.125981847607065,1.7117060619901725,0.38230000000000003,0.07781766355037689,0
34.34708488830991,-114.84511749826024,22.99275169372561,69.94291726238907,6.747931687210322,0.124,3.3811259269714355,0
36.260496443484485,-118.75278898418014,18.844395573933923,79.1318806100474,1.5061103140752725,0.528975,9.230002403259277,0
40.895803309541215,-122.90300559681233,21.48615989685061,40.629093707067895,2.129920883076657,0.7018500000000001,15.237592697143555,1
41.56953977263086,-123.22639909909536,18.65144309997561,47.601486460566264,1.1274847233123948,0.5990500000000001,6.0746965408325195,1
41.89293327491389,-123.81928718661425,22.185215886433923,59.17933884916828,0.47081246727442083,0.8113250000000001,3.024113416671753,1
41.785135440819545,-123.01080343090668,24.027256902058923,48.533648337942495,1.9449882643668843,0.6728500000000001,8.135889053344727,1
41.865983816390305,-123.79233772809067,22.185215886433923,59.17933884916828,0.47081246727442083,0.76725,4.733901023864746,1
41.81208489934313,-123.84623664513784,20.598871485392294,66.26000100782944,0.6534414254029292,0.7092,8.00900650024414,1
41.919882733437476,-123.98098393775577,21.942295964558923,70.00186425342207,1.7912841809377655,0.51635,9.466059684753418,1
41.650388148201614,-123.44199476728406,23.69172630310061,53.471597846848276,2.222852879780477,0.6792,6.244702339172363,1
41.54259031410727,-123.49589368433122,22.956049219767294,56.13149045801018,1.1339961282192403,0.6588,6.70159387588501,1
41.89293327491389,-123.7384388110435,21.18391380310061,58.59936146949315,0.6815225508492354,0.74075,8.56865119934082,1
41.38089356296576,-123.65759043547274,20.966303126017294,62.48920296593361,0.5519790236688894,0.8305600000000001,8.498577117919922,1
41.56953977263086,-123.19944964057179,18.65144309997561,47.601486460566264,1.1274847233123948,0.5990500000000001,8.074540138244629,1
41.650388148201614,-123.03775288943027,23.02693138122561,45.4353793851459,1.262091884931446,0.6920333333333334,1.2317399978637695,1
41.89293327491389,-123.76538826956708,22.185215886433923,59.17933884916828,0.47081246727442083,0.74075,3.1536450386047363,1
41.919882733437476,-123.79233772809067,22.185215886433923,59.17933884916828,0.47081246727442083,0.8332600000000001,3.5670008659362793,1
41.919882733437476,-123.81928718661425,22.185215886433923,59.17933884916828,0.47081246727442083,0.8332600000000001,2.422963857650757,1
41.56953977263086,-123.44199476728406,22.255040105183923,53.48744506507458,1.6574715558800033,0.6464000000000001,5.077883720397949,1
41.27309572887142,-123.90013556218501,19.78010520935061,70.234921206472,0.8057084994860582,0.8119500000000001,4.704448699951172,1
41.865983816390305,-123.7384388110435,21.18391380310061,58.59936146949315,0.6815225508492354,0.65725,4.040492534637451,1
41.758185982295956,-122.95690451385951,24.027256902058923,48.533648337942495,1.9449882643668843,0.6793,4.605401515960693,1
41.81208489934313,-123.87318610366142,21.332676823933923,70.54358907996131,0.9190872979609876,0.7092,1.179460883140564,1
41.89293327491389,-123.84623664513784,22.185215886433923,59.17933884916828,0.47081246727442083,0.8113250000000001,1.9630002975463867,1
41.785135440819545,-123.81928718661425,20.598871485392294,66.26000100782944,0.6534414254029292,0.7533000000000001,8.97437858581543,1
41.758185982295956,-123.84623664513784,20.598871485392294,66.26000100782944,0.6534414254029292,0.7303000000000001,4.510715007781982,1
41.758185982295956,-123.03775288943027,24.027256902058923,48.533648337942495,1.9449882643668843,0.56165,15.940857887268066,1
41.56953977263086,-123.38809585023688,22.255040105183923,53.48744506507458,1.6574715558800033,0.5753750000000001,9.107468605041504,1
41.973781650484646,-123.76538826956708,23.449131902058923,52.50298017258568,0.6356873582083511,0.75705,4.8497843742370605,1
41.650388148201614,-123.46894422580763,23.302484766642294,55.25951741565693,2.1580749449832966,0.6792,8.679665565490723,1
41.54259031410727,-123.7114893525199,20.302240626017294,62.80161385972091,0.37120283824728834,0.6834,4.065598964691162,1
40.922752768064804,-122.87605613828876,21.48615989685061,40.629093707067895,2.129920883076657,0.4048,7.777200698852539,1
38.57814987651285,-120.01941353478867,11.145435587565146,89.65701195770465,2.635537976006246,0.4375,6.034519672393799,0
33.53860113260234,-115.89614638068007,24.902027384440146,76.40275025950609,11.22364816184963,0.07415000000000001,2.5319039821624756,0
32.541471167229666,-114.62952183007154,25.617847696940146,71.196272983246,19.479791475594894,0.317,0.03369886428117752,0
33.02656142065421,-115.59970233692063,25.824797566731775,71.05316121295061,5.986365025751597,0.4703,0.14035730063915253,0
34.805225683210864,-114.19833049369417,25.09253845214846,71.08068075125703,20.531337479940223,0.139,1.7933974266052246,0
41.865983816390305,-116.56988284376972,18.847095743815146,68.17868238317175,12.710865202327147,0.19255,1.5481092929840088,0
35.37116431220616,-116.51598392672254,21.170256551106775,78.34531105727476,11.244344350778558,0.10020000000000001,2.005422592163086,0
40.976651685111975,-118.91448573532166,18.98902282714846,63.852214650581615,4.046600952605836,0.09165000000000001,0.7298752665519714,0
37.958312330470385,-115.16851100054326,16.745044962565146,85.1573505804324,16.709440328617003,0.1466,3.288766860961914,0
36.422193194626004,-114.49477453745362,24.540617879231775,68.56431569351018,9.090007800601661,0.14265,2.0392873287200928,0
35.82930510710712,-114.3330777863121,22.248218790690146,69.8645972163248,17.791121476254187,0.1759,3.9987754821777344,0
38.20085745718265,-119.10313194498676,11.650237019856775,74.37283981886249,2.8978845574814907,0.25520000000000004,3.720139503479004,0
40.94970222658839,-117.62091172618955,17.596363321940146,68.83404916843324,4.129525518048319,0.2164,6.7907304763793945,0
40.7341065583997,-114.27917886926494,18.140471394856775,69.59578117824469,7.266320757841189,0.27926666666666666,0.8840309381484985,0
41.4886913970601,-120.26195866150094,15.055998738606775,71.25734370020427,1.827289557949264,0.4086,1.2870073318481445,0
40.06037009531006,-116.83937742900557,17.401539103190146,76.41314504580411,7.86492282618948,0.2748,5.301489353179932,0
34.185388137168395,-119.10313194498676,20.26441345214846,90.80121428655,5.9234057527595,0.44260000000000005,0.0937449261546135,0
37.095929657715644,-120.85484674901983,26.79883728027346,52.56995852920989,6.466011797139839,0.3513,0.07470320165157318,0
39.17103796403174,-122.63351101157649,22.223967488606775,52.3870761964198,1.2583546118774298,0.5132,3.4987528324127197,0
38.79374554470154,-116.0039442147744,15.429371134440146,86.61985694891845,17.513980789108405,0.116425,1.4127941131591797,0
39.27883579812608,-120.96264458311417,20.476734415690146,63.25426345804214,3.5542323334670387,0.7367,2.837270736694336,0
40.114269012357234,-114.8990164153074,15.822681681315146,78.08787367240247,9.415455403888693,0.3191,11.536865234375,0
38.38950366684775,-116.38123663410461,15.508391316731775,85.25510787835799,13.348385241314176,0.1579,6.808165073394775,0
35.74845673153636,-117.62091172618955,19.84375915527346,78.9069969829073,4.062354804468138,0.06925,0.045992184430360794,0
41.27309572887142,-123.09165180647744,18.544279988606775,68.62550250454625,1.6372835252741857,0.7632800000000001,9.592281341552734,0
32.75706683541835,-115.76139908806215,24.615569051106775,72.17490296067484,2.9190567420203046,0.3044,0.27739521861076355,0
40.222066846451575,-123.36114639171329,20.280933634440146,72.36111691636505,1.116029631991187,0.5625,3.798673629760742,0
36.6108394042911,-119.69602003250564,23.682951863606775,75.1108981875359,4.126125489099552,0.38230000000000003,0.07781766355037689,0
34.34708488830991,-114.84511749826024,23.102629597981775,72.14680113643816,21.12723507832157,0.124,3.3811259269714355,0
36.260496443484485,-118.75278898418014,17.077808634440146,83.59130739756301,2.134218479718032,0.528975,9.230002403259277,0
41.89293327491389,-123.81928718661425,21.37574157714846,54.456007717195895,0.34806082810771155,0.8113250000000001,3.024113416671753,1
41.81208489934313,-123.84623664513784,19.59766540527346,64.77295864881724,0.7104897849802153,0.7092,8.00900650024414,1
41.81208489934313,-123.87318610366142,20.597095743815146,67.84478546139965,2.3424383524793644,0.7092,1.179460883140564,1
41.89293327491389,-123.84623664513784,21.37574157714846,54.456007717195895,0.34806082810771155,0.8113250000000001,1.9630002975463867,1
41.785135440819545,-123.81928718661425,19.59766540527346,64.77295864881724,0.7104897849802153,0.7533000000000001,8.97437858581543,1
41.973781650484646,-123.76538826956708,22.81739196777346,45.00476500633197,0.9889940142014871,0.75705,4.8497843742370605,1
41.919882733437476,-123.90013556218501,21.72168884277346,57.090606885065085,2.1227519950166642,0.6771,2.153982162475586,1
41.919882733437476,-123.87318610366142,21.72168884277346,57.090606885065085,2.1227519950166642,0.6771,8.377969741821289,1
41.54259031410727,-123.7114893525199,19.10840759277346,69.94465270876937,0.7731903830412842,0.6834,4.065598964691162,1
41.919882733437476,-123.7384388110435,20.176360066731775,54.476550527821075,1.223253649310122,0.8207,5.854884624481201,1
41.785135440819545,-123.90013556218501,20.597095743815146,67.84478546139965,2.3424383524793644,0.750375,6.522875785827637,1
41.919882733437476,-123.76538826956708,21.37574157714846,54.456007717195895,0.34806082810771155,0.8207,0.07246018946170807,1
41.81208489934313,-123.81928718661425,19.59766540527346,64.77295864881724,0.7104897849802153,0.8087000000000001,3.1274967193603516,1
41.54259031410727,-123.68453989399632,19.10840759277346,69.94465270876937,0.7731903830412842,0.6834,6.433401107788086,1
41.785135440819545,-123.87318610366142,20.597095743815146,67.84478546139965,2.3424383524793644,0.753,8.01938247680664,1
41.919882733437476,-123.7114893525199,20.176360066731775,54.476550527821075,1.223253649310122,0.8073833333333333,6.543114185333252,1
37.176778033286396,-120.34280703707171,25.178394571940146,65.22703239530972,10.205452693362107,0.4738,0.09209591895341873,1
41.919882733437476,-123.84623664513784,21.37574157714846,54.456007717195895,0.34806082810771155,0.8046000000000001,3.0820705890655518,1
41.785135440819545,-123.79233772809067,19.59766540527346,64.77295864881724,0.7104897849802153,0.7533000000000001,5.680854320526123,1
41.973781650484646,-123.81928718661425,22.81739196777346,45.00476500633197,0.9889940142014871,0.7530142857142857,1.8715496063232422,1
41.973781650484646,-123.79233772809067,22.81739196777346,45.00476500633197,0.9889940142014871,0.7530142857142857,2.217545986175537,1
41.81208489934313,-123.79233772809067,19.59766540527346,64.77295864881724,0.7104897849802153,0.8087000000000001,4.871223449707031,1
41.785135440819545,-123.84623664513784,19.59766540527346,64.77295864881724,0.7104897849802153,0.753,7.904049396514893,1
41.94683219196106,-123.76538826956708,21.37574157714846,54.456007717195895,0.34806082810771155,0.756375,5.505361557006836,1
38.57814987651285,-120.01941353478867,10.473147328694665,71.35330687730006,4.194506254251539,0.4375,6.034519672393799,0
33.53860113260234,-115.89614638068007,27.581545766194665,64.58107996396129,3.3990871509377736,0.07415000000000001,2.5319039821624756,0
32.541471167229666,-114.62952183007154,27.06925735473635,68.87451079255811,5.715458499269027,0.317,0.03369886428117752,0
33.02656142065421,-115.59970233692063,27.805178578694665,59.2608248669637,6.028618810953848,0.4703,0.14035730063915253,0
34.805225683210864,-114.19833049369417,27.210045115153036,57.89266968462914,0.7600161079130006,0.139,1.7933974266052246,0
41.865983816390305,-116.56988284376972,18.104088083903036,61.94156741240913,14.292149385398583,0.19255,1.5481092929840088,0
35.37116431220616,-116.51598392672254,22.504397328694665,61.01815721764308,1.9412162135469289,0.10020000000000001,2.005422592163086,0
40.976651685111975,-118.91448573532166,18.40470657348635,68.91836548889894,6.992378062447604,0.09165000000000001,0.7298752665519714,0
37.958312330470385,-115.16851100054326,16.84196243286135,70.46663114151251,6.854753274347801,0.1466,3.288766860961914,0
36.422193194626004,-114.49477453745362,25.457034047444665,63.52128133082683,3.826909574930986,0.14265,2.0392873287200928,0
35.82930510710712,-114.3330777863121,22.70695266723635,69.1323890135406,0.7623921038952916,0.1759,3.9987754821777344,0
38.20085745718265,-119.10313194498676,12.457034047444665,58.700393940310825,3.782864492597763,0.25520000000000004,3.720139503479004,0
40.94970222658839,-117.62091172618955,16.46671829223635,67.62086726557054,4.906870904594658,0.2164,6.7907304763793945,0
40.7341065583997,-114.27917886926494,18.18937454223635,54.79012316516759,4.960874790432242,0.27926666666666666,0.8840309381484985,0
41.4886913970601,-120.26195866150094,13.525230662028036,81.3532170021453,5.622879674146304,0.4086,1.2870073318481445,0
40.06037009531006,-116.83937742900557,16.68400344848635,66.72677090970242,6.291119947559297,0.2748,5.301489353179932,0
34.185388137168395,-119.10313194498676,20.589683787028036,85.86401436833626,5.828370643952818,0.44260000000000005,0.0937449261546135,0
37.095929657715644,-120.85484674901983,24.897952016194665,58.631612931717655,4.9753335356090975,0.3513,0.07470320165157318,0
39.17103796403174,-122.63351101157649,20.076256052653036,62.189074624344656,4.032593372738766,0.5132,3.4987528324127197,0
38.79374554470154,-116.0039442147744,14.679690297444665,78.32524869593304,9.042851639608557,0.116425,1.4127941131591797,0
39.27883579812608,-120.96264458311417,18.468508656819665,74.45520631603742,1.9704199695247375,0.7367,2.837270736694336,0
40.114269012357234,-114.8990164153074,15.32926712036135,58.30735711774992,8.557521755299842,0.3191,11.536865234375,0
38.38950366684775,-116.38123663410461,15.216148630778036,75.37732713657232,7.523299704286156,0.1579,6.808165073394775,0
35.74845673153636,-117.62091172618955,22.449547068278036,60.21747027236305,1.6464479116748676,0.06925,0.045992184430360794,0
41.27309572887142,-123.09165180647744,14.931155141194665,93.95413845823917,2.683370034386891,0.7632800000000001,9.592281341552734,0
32.75706683541835,-115.76139908806215,25.94376907348635,65.0267464608859,4.792208385762661,0.3044,0.27739521861076355,0
40.222066846451575,-123.36114639171329,17.33366165161135,87.65091441239969,2.0506832533323447,0.5625,3.798673629760742,0
36.6108394042911,-119.69602003250564,25.482912953694665,60.25021797010144,4.291607299635754,0.38230000000000003,0.07781766355037689,0
34.34708488830991,-114.84511749826024,24.29240188598635,64.56439112785091,3.615283626155178,0.124,3.3811259269714355,0
36.260496443484485,-118.75278898418014,17.268801625569665,73.21193272383024,0.58915670694045,0.528975,9.230002403259277,0
38.28170583275341,-121.07044241720851,23.396080271403036,66.80903486308976,5.732499539512512,0.45215,0.5141122341156006,1
41.919882733437476,-123.98098393775577,16.74845657348635,75.21295190784002,4.526575854982772,0.51635,9.466059684753418,1
41.94683219196106,-123.7384388110435,15.823326365153036,71.23087271861283,4.84064824413044,0.7155,2.433560609817505,1
39.629178758932696,-121.98672400701042,25.11198196411135,50.55442913967486,6.20158484809323,0.502,0.028984088450670242,1
41.89293327491389,-123.90013556218501,16.77116165161135,72.48499678452866,4.224253345076044,0.7271000000000001,7.4631476402282715,1
38.28170583275341,-121.0973918757321,23.396080271403036,66.80903486308976,5.732499539512512,0.45215,0.2895164489746094,1
39.60222930040911,-121.93282508996326,25.195152537028036,52.086573002558445,6.020087034000755,0.502,0.028984088450670242,1
41.973781650484646,-123.76538826956708,17.08830032348635,68.05768908871447,5.142192560301958,0.75705,4.8497843742370605,1
41.973781650484646,-123.7384388110435,17.200035349528036,68.540911883314,5.239496496466711,0.5744666666666667,4.743113994598389,1
41.94683219196106,-123.7114893525199,15.823326365153036,71.23087271861283,4.84064824413044,0.7155,1.5589966773986816,1
41.89293327491389,-123.87318610366142,16.77116165161135,72.48499678452866,4.224253345076044,0.7271000000000001,9.68458366394043,1
41.919882733437476,-123.7114893525199,15.823326365153036,71.23087271861283,4.84064824413044,0.8073833333333333,6.543114185333252,1
40.65325818282895,-123.60369151842556,16.139488474528036,85.36688963293463,2.138291988771285,0.6789000000000001,11.108967781066895,1
41.973781650484646,-123.7114893525199,17.200035349528036,68.540911883314,5.239496496466711,0.5744666666666667,2.739806890487671,1
41.919882733437476,-123.84623664513784,16.498619333903036,71.0580810992107,4.7056495986731735,0.8046000000000001,3.0820705890655518,1
41.973781650484646,-123.81928718661425,17.08830032348635,68.05768908871447,5.142192560301958,0.7530142857142857,1.8715496063232422,1
41.973781650484646,-123.79233772809067,17.08830032348635,68.05768908871447,5.142192560301958,0.7530142857142857,2.217545986175537,1
40.65325818282895,-123.63064097694915,16.139488474528036,85.36688963293463,2.138291988771285,0.6789000000000001,1.9102511405944824,1
41.94683219196106,-123.76538826956708,16.498619333903036,71.0580810992107,4.7056495986731735,0.756375,5.505361557006836,1
38.57814987651285,-120.01941353478867,12.784915542602562,57.438023948947794,1.8177556947552789,0.4375,6.034519672393799,0
33.53860113260234,-115.89614638068007,30.358564631144247,50.81030000335591,4.129790618224686,0.07415000000000001,2.5319039821624756,0
32.541471167229666,-114.62952183007154,29.099043146769247,55.54501480827919,8.239981973477416,0.317,0.03369886428117752,0
33.02656142065421,-115.59970233692063,29.791100438435876,48.903143447215754,6.55230242930275,0.4703,0.14035730063915253,0
34.805225683210864,-114.19833049369417,29.434899266560876,52.56174608262603,1.313833028032743,0.139,1.7933974266052246,0
41.865983816390305,-116.56988284376972,18.449059422810876,52.436159568570254,7.365176450604302,0.19255,1.5481092929840088,0
35.37116431220616,-116.51598392672254,23.908694839477562,52.285330130924244,3.428366790645135,0.10020000000000001,2.005422592163086,0
40.976651685111975,-118.91448573532166,19.569664891560876,56.45657847555962,1.9867819639209094,0.09165000000000001,0.7298752665519714,0
37.958312330470385,-115.16851100054326,18.230634943644247,65.21100111577701,2.33216019621232,0.1466,3.288766860961914,0
36.422193194626004,-114.49477453745362,28.092288589477562,56.804647782815685,4.5578674900300475,0.14265,2.0392873287200928,0
35.82930510710712,-114.3330777863121,24.874677912394247,67.5748981749987,2.9096641050961414,0.1759,3.9987754821777344,0
38.20085745718265,-119.10313194498676,14.439049657185876,56.73720734538733,1.931420562412867,0.25520000000000004,3.720139503479004,0
40.94970222658839,-117.62091172618955,17.886071141560876,50.63603059389352,2.0856707412796522,0.2164,6.7907304763793945,0
40.7341065583997,-114.27917886926494,18.511152521769247,51.33046398063163,2.6171275518641024,0.27926666666666666,0.8840309381484985,0
41.4886913970601,-120.26195866150094,15.868411636352562,60.76212676284456,3.1480178862962025,0.4086,1.2870073318481445,0
40.06037009531006,-116.83937742900557,17.582929865519247,56.32686846263453,3.5061877767079297,0.2748,5.301489353179932,0
34.185388137168395,-119.10313194498676,21.331953303019247,85.41283625578914,6.174587839542408,0.44260000000000005,0.0937449261546135,0
37.095929657715644,-120.85484674901983,27.419599787394247,47.62524206016605,3.7261248318196296,0.3513,0.07470320165157318,0
39.17103796403174,-122.63351101157649,22.480146662394247,52.819827188803735,0.9616951404375066,0.5132,3.4987528324127197,0
38.79374554470154,-116.0039442147744,16.552737808227562,59.508409737372006,4.258379121038629,0.116425,1.4127941131591797,0
39.27883579812608,-120.96264458311417,21.329104995727562,51.35797594378345,0.9251626622547751,0.7367,2.837270736694336,0
40.114269012357234,-114.8990164153074,16.475101089477562,48.705226243242286,5.496918995753324,0.3191,11.536865234375,0
38.38950366684775,-116.38123663410461,16.774987157185876,59.9098346944221,1.953152970350377,0.1579,6.808165073394775,0
35.74845673153636,-117.62091172618955,23.803877131144247,51.09628492514907,4.063278027093008,0.06925,0.045992184430360794,0
41.27309572887142,-123.09165180647744,16.664472834269247,67.90303016312359,0.3720834082360094,0.7632800000000001,9.592281341552734,0
32.75706683541835,-115.76139908806215,28.331953303019247,51.24923820934902,5.7083350310921,0.3044,0.27739521861076355,0
40.222066846451575,-123.36114639171329,19.532067235310876,63.19465245781992,0.7403185967317841,0.5625,3.798673629760742,0
36.6108394042911,-119.69602003250564,27.590091323852562,47.789780483772375,4.6060086771847155,0.38230000000000003,0.07781766355037689,0
34.34708488830991,-114.84511749826024,26.743493016560876,51.81668431372653,7.47097373719816,0.124,3.3811259269714355,0
36.260496443484485,-118.75278898418014,19.246829605102562,61.08544774683149,1.504406479225796,0.528975,9.230002403259277,0
41.865983816390305,-123.90013556218501,18.381351089477562,58.846822648552155,3.3051294986045283,0.73114,6.559683799743652,1
41.89293327491389,-123.81928718661425,17.752282079060876,56.543116073951836,1.9657926604387663,0.8113250000000001,3.024113416671753,1
41.865983816390305,-123.84623664513784,17.752282079060876,56.543116073951836,1.9657926604387663,0.7916500000000001,4.72731876373291,1
41.81208489934313,-123.84623664513784,16.644209162394247,61.192828615743075,2.328721324350805,0.7092,8.00900650024414,1
41.94683219196106,-123.7384388110435,16.612877782185876,57.24355376472434,2.25364177177552,0.7155,2.433560609817505,1
41.839034357866716,-123.76538826956708,16.644209162394247,61.192828615743075,2.328721324350805,0.7916500000000001,10.666889190673828,1
41.38089356296576,-123.65759043547274,17.087894058227562,65.96584576300536,1.7550678865961964,0.8305600000000001,8.498577117919922,1
41.865983816390305,-123.92708502070859,18.381351089477562,58.846822648552155,3.3051294986045283,0.73114,2.228649616241455,1
41.89293327491389,-123.90013556218501,18.381351089477562,58.846822648552155,3.3051294986045283,0.7271000000000001,7.4631476402282715,1
41.38089356296576,-123.76538826956708,16.780195490519247,67.69998758379573,2.6701718301758595,0.7280500000000001,3.758483409881592,1
41.56953977263086,-123.44199476728406,17.409101740519247,61.154621236765315,0.5628480258739104,0.6464000000000001,5.077883720397949,1
41.81208489934313,-123.87318610366142,17.896487808227562,63.67676459138893,3.661435386265267,0.7092,1.179460883140564,1
41.89293327491389,-123.84623664513784,17.752282079060876,56.543116073951836,1.9657926604387663,0.8113250000000001,1.9630002975463867,1
41.38089356296576,-123.68453989399632,17.087894058227562,65.96584576300536,1.7550678865961964,0.7598250000000001,5.270198345184326,1
41.785135440819545,-123.81928718661425,16.644209162394247,61.192828615743075,2.328721324350805,0.7533000000000001,8.97437858581543,1
41.38089356296576,-123.63064097694915,18.331953303019247,64.14166395728344,1.111599910346451,0.8366,8.820575714111328,1
41.973781650484646,-123.76538826956708,18.498538589477562,51.646699365768555,1.7618837970807637,0.75705,4.8497843742370605,1
41.94683219196106,-123.79233772809067,17.752282079060876,56.543116073951836,1.9657926604387663,0.817675,2.3522002696990967,1
41.56953977263086,-123.52284314285481,18.112470881144247,60.58403042630045,0.7150402307907856,0.7177800000000001,3.506434679031372,1
41.56953977263086,-123.46894422580763,18.112470881144247,60.58403042630045,0.7150402307907856,0.6836,2.929407835006714,1
41.59648923115444,-123.5497926013784,18.112470881144247,60.58403042630045,0.7150402307907856,0.6836,12.365728378295898,1
41.865983816390305,-123.81928718661425,17.752282079060876,56.543116073951836,1.9657926604387663,0.7916500000000001,1.5048805475234985,1
41.919882733437476,-123.68453989399632,16.612877782185876,57.24355376472434,2.25364177177552,0.6979500000000001,9.170313835144043,1
41.59648923115444,-123.57674205990197,17.063398615519247,62.061893749370654,1.0456395622747652,0.7177800000000001,5.7063775062561035,1
41.973781650484646,-123.7384388110435,18.404625829060876,53.09485511521419,2.0779692149462288,0.5744666666666667,4.743113994598389,1
41.865983816390305,-123.87318610366142,18.381351089477562,58.846822648552155,3.3051294986045283,0.7896666666666667,4.039841175079346,1
41.839034357866716,-123.81928718661425,16.644209162394247,61.192828615743075,2.328721324350805,0.7896666666666667,3.7393460273742676,1
41.94683219196106,-123.7114893525199,16.612877782185876,57.24355376472434,2.25364177177552,0.7155,1.5589966773986816,1
41.81208489934313,-123.81928718661425,16.644209162394247,61.192828615743075,2.328721324350805,0.8087000000000001,3.1274967193603516,1
41.27309572887142,-123.41504530876047,18.933678563435876,64.10778222657324,0.38188749530220517,0.6834,8.080657958984375,1
38.57814987651285,-120.01941353478867,14.360284423828148,49.10237299781712,4.637910836654306,0.4375,6.034519672393799,0
33.53860113260234,-115.89614638068007,32.41830851236983,46.021712014061066,1.6801806732145157,0.07415000000000001,2.5319039821624756,0
32.541471167229666,-114.62952183007154,31.467950439453148,50.84872537227877,5.132899612823786,0.317,0.03369886428117752,0
33.02656142065421,-115.59970233692063,31.465915934244833,44.61036256564718,3.0589552805889304,0.4703,0.14035730063915253,0
34.805225683210864,-114.19833049369417,30.694024658203148,47.645607379476004,4.45453356295568,0.139,1.7933974266052246,0
41.865983816390305,-116.56988284376972,21.545994059244833,36.623607621444506,2.34199931068762,0.19255,1.5481092929840088,0
35.37116431220616,-116.51598392672254,26.319024658203148,47.643839490938205,2.414954931137778,0.10020000000000001,2.005422592163086,0
40.976651685111975,-118.91448573532166,22.428562418619833,46.01820665908515,0.6865063219138237,0.09165000000000001,0.7298752665519714,0
37.958312330470385,-115.16851100054326,19.928236897786462,66.16961673351756,1.645014219110602,0.1466,3.288766860961914,0
36.422193194626004,-114.49477453745362,29.483494059244833,52.00487210095488,0.13250007251993054,0.14265,2.0392873287200928,0
35.82930510710712,-114.3330777863121,25.397800699869833,64.66552766314881,3.7506659772477366,0.1759,3.9987754821777344,0
38.20085745718265,-119.10313194498676,15.663669840494833,52.74524151917521,4.414205682746546,0.25520000000000004,3.720139503479004,0
40.94970222658839,-117.62091172618955,21.071872965494833,34.51710518716318,2.5296744848951906,0.2164,6.7907304763793945,0
40.7341065583997,-114.27917886926494,20.927016194661462,42.168984617174274,1.3977478324956136,0.27926666666666666,0.8840309381484985,0
41.4886913970601,-120.26195866150094,17.833184814453148,53.9920101618666,4.711529378458456,0.4086,1.2870073318481445,0
40.06037009531006,-116.83937742900557,19.987725830078148,44.48095985684191,4.330510513192235,0.2748,5.301489353179932,0
34.185388137168395,-119.10313194498676,20.324802652994833,86.62649258141566,6.865851693913618,0.44260000000000005,0.0937449261546135,0
37.095929657715644,-120.85484674901983,28.715834554036462,43.98956647807725,6.12024012441017,0.3513,0.07470320165157318,0
39.17103796403174,-122.63351101157649,24.163262939453148,44.794112308717786,2.0868592018897956,0.5132,3.4987528324127197,0
38.79374554470154,-116.0039442147744,18.731296793619833,53.407267186366035,6.134655137944849,0.116425,1.4127941131591797,0
39.27883579812608,-120.96264458311417,23.260430908203148,40.53520225105298,1.5362654673295588,0.7367,2.837270736694336,0
40.114269012357234,-114.8990164153074,18.398207600911462,44.03170556682359,6.143610939987122,0.3191,11.536865234375,0
38.38950366684775,-116.38123663410461,19.226169840494833,52.930525621959426,3.6982657344721153,0.1579,6.808165073394775,0
35.74845673153636,-117.62091172618955,25.382501220703148,51.27336298946482,2.2752998707118133,0.06925,0.045992184430360794,0
41.27309572887142,-123.09165180647744,19.821059163411462,48.522228780108314,1.428395675313392,0.7632800000000001,9.592281341552734,0
32.75706683541835,-115.76139908806215,29.959649658203148,50.442842776920806,4.044572532656804,0.3044,0.27739521861076355,0
40.222066846451575,-123.36114639171329,21.098484293619833,58.054632675787374,0.5125466555632133,0.5625,3.798673629760742,0
36.6108394042911,-119.69602003250564,29.252211507161462,40.87867945839223,2.789016778643216,0.38230000000000003,0.07781766355037689,0
34.34708488830991,-114.84511749826024,29.752618408203148,40.36794273667642,0.6203699250078146,0.124,3.3811259269714355,0
36.260496443484485,-118.75278898418014,20.433119710286462,58.72518048017756,2.523387910808963,0.528975,9.230002403259277,0
41.865983816390305,-123.90013556218501,21.469578043619833,50.205026743657285,1.068027517920786,0.73114,6.559683799743652,1
41.89293327491389,-123.81928718661425,20.999037679036462,45.38283483847779,1.1634909931993174,0.8113250000000001,3.024113416671753,1
41.51564085558369,-123.63064097694915,20.236830647786462,52.74296137236648,0.5966921381287739,0.7630750000000001,7.682290554046631,1
41.865983816390305,-123.84623664513784,20.999037679036462,45.38283483847779,1.1634909931993174,0.7916500000000001,4.72731876373291,1
41.81208489934313,-123.84623664513784,19.422540283203148,51.469546840561385,1.1896429878136272,0.7092,8.00900650024414,1
41.81208489934313,-123.7114893525199,18.530043538411462,48.94582910679258,0.8648811248354876,0.6883,3.2082464694976807,1
41.94683219196106,-123.7384388110435,19.640802001953148,45.318498949743926,1.147398427495305,0.7155,2.433560609817505,1
33.969792468979705,-117.5400633506188,23.990085856119833,72.65511692929287,3.6878458011581197,0.2582,0.18160733580589294,1
41.839034357866716,-123.76538826956708,19.422540283203148,51.469546840561385,1.1896429878136272,0.7916500000000001,10.666889190673828,1
41.51564085558369,-123.65759043547274,18.917982991536462,53.853621745753834,0.7544734825113196,0.7630750000000001,4.323971271514893,1
33.996741927503294,-117.59396226766597,23.602065022786462,74.25017877234941,3.6647648213646424,0.2582,0.517937958240509,1
39.52138092483835,-123.68453989399632,23.078953043619833,69.5988834570913,2.8147799023292555,0.8488,2.381112813949585,1
41.38089356296576,-123.65759043547274,19.807224527994833,55.50763214407285,0.587860692894374,0.8305600000000001,8.498577117919922,1
41.865983816390305,-123.92708502070859,21.469578043619833,50.205026743657285,1.068027517920786,0.73114,2.228649616241455,1
41.89293327491389,-123.90013556218501,21.469578043619833,50.205026743657285,1.068027517920786,0.7271000000000001,7.4631476402282715,1
41.973781650484646,-123.65759043547274,22.045749918619833,39.79859067432391,1.2914001119086644,0.5456,2.945680856704712,1
41.973781650484646,-123.68453989399632,22.045749918619833,39.79859067432391,1.2914001119086644,0.5456,3.7852420806884766,1
41.56953977263086,-123.44199476728406,20.013686116536462,50.03826966360867,0.16518738003812583,0.6464000000000001,5.077883720397949,1
41.40784302148935,-123.68453989399632,19.807224527994833,55.50763214407285,0.587860692894374,0.8410000000000001,3.008373498916626,1
41.81208489934313,-123.87318610366142,20.670098876953148,57.046121502431376,0.9117236499879136,0.7092,1.179460883140564,1
41.89293327491389,-123.84623664513784,20.999037679036462,45.38283483847779,1.1634909931993174,0.8113250000000001,1.9630002975463867,1
41.38089356296576,-123.68453989399632,19.807224527994833,55.50763214407285,0.587860692894374,0.7598250000000001,5.270198345184326,1
41.785135440819545,-123.81928718661425,19.422540283203148,51.469546840561385,1.1896429878136272,0.7533000000000001,8.97437858581543,1
41.758185982295956,-123.84623664513784,19.422540283203148,51.469546840561385,1.1896429878136272,0.7303000000000001,4.510715007781982,1
41.973781650484646,-123.76538826956708,22.198826090494833,38.80223697164053,1.199551365463358,0.75705,4.8497843742370605,1
41.919882733437476,-123.90013556218501,21.469578043619833,50.205026743657285,1.068027517920786,0.6771,2.153982162475586,1
41.919882733437476,-123.87318610366142,21.469578043619833,50.205026743657285,1.068027517920786,0.6771,8.377969741821289,1
34.023691386026876,-117.62091172618955,23.602065022786462,74.25017877234941,3.6647648213646424,0.28215,0.6686641573905945,1
41.40784302148935,-123.7114893525199,19.807224527994833,55.50763214407285,0.587860692894374,0.8208333333333334,2.6030876636505127,1
41.32699464591859,-123.46894422580763,21.739109293619833,53.29788177816579,0.56964383369183,0.7186,7.16848611831665,1
38.57814987651285,-120.01941353478867,14.670357640584314,51.44711302408705,4.662928145434134,0.4375,6.034519672393799,0
33.53860113260234,-115.89614638068007,32.877877171834314,42.593336971233306,3.928104182783163,0.07415000000000001,2.5319039821624756,0
32.541471167229666,-114.62952183007154,33.249377822876,44.2170085375509,5.3240045118828,0.317,0.03369886428117752,0
33.02656142065421,-115.59970233692063,33.552356338501,35.577239227721066,6.483778468620999,0.4703,0.14035730063915253,0
34.805225683210864,-114.19833049369417,33.951119359334314,30.478297048438662,1.0656305615095119,0.139,1.7933974266052246,0
41.865983816390305,-116.56988284376972,22.436308161417685,31.830424235520567,6.530549339959611,0.19255,1.5481092929840088,0
35.37116431220616,-116.51598392672254,26.782092666626,44.62900834327546,3.8935197802287704,0.10020000000000001,2.005422592163086,0
40.976651685111975,-118.91448573532166,23.365832901001,41.7869091587641,1.0120784965899348,0.09165000000000001,0.7298752665519714,0
37.958312330470385,-115.16851100054326,20.986845270792685,56.678452293381696,3.6454539892150675,0.1466,3.288766860961914,0
36.422193194626004,-114.49477453745362,31.150175348917685,39.89214040535833,0.5390781303829479,0.14265,2.0392873287200928,0
35.82930510710712,-114.3330777863121,26.996773656209314,50.642191179106874,3.1760795785282294,0.1759,3.9987754821777344,0
38.20085745718265,-119.10313194498676,15.202991104126,57.57037564041174,5.735750687238213,0.25520000000000004,3.720139503479004,0
40.94970222658839,-117.62091172618955,22.617134984334314,30.10253215683108,4.456586445856176,0.2164,6.7907304763793945,0
40.7341065583997,-114.27917886926494,22.784696833292685,36.29517405736337,2.582072564844463,0.27926666666666666,0.8840309381484985,0
41.4886913970601,-120.26195866150094,18.196887588501,48.04564498871871,6.082505229766379,0.4086,1.2870073318481445,0
40.06037009531006,-116.83937742900557,20.582792536417685,48.98198827506645,6.869631409080974,0.2748,5.301489353179932,0
34.185388137168395,-119.10313194498676,19.938749567667685,84.97803339439493,6.998361124703892,0.44260000000000005,0.0937449261546135,0
37.095929657715644,-120.85484674901983,25.705269749959314,46.74979561879711,7.955236500259434,0.3513,0.07470320165157318,0
39.17103796403174,-122.63351101157649,22.694120661417685,44.51063577852331,4.476938662149051,0.5132,3.4987528324127197,0
38.79374554470154,-116.0039442147744,19.301868057251,52.92737492943246,7.730498895752001,0.116425,1.4127941131591797,0
39.27883579812608,-120.96264458311417,22.860461807251,49.71288463641048,3.8516421145955015,0.7367,2.837270736694336,0
40.114269012357234,-114.8990164153074,19.344592666626,44.279447928463526,6.8524301256363165,0.3191,11.536865234375,0
38.38950366684775,-116.38123663410461,19.890165583292685,53.091156565117835,4.969279076630939,0.1579,6.808165073394775,0
35.74845673153636,-117.62091172618955,26.943795140584314,42.77577727338968,2.2672895648092433,0.06925,0.045992184430360794,0
41.27309572887142,-123.09165180647744,18.612170791626,55.67128259380421,2.1885616648305266,0.7632800000000001,9.592281341552734,0
32.75706683541835,-115.76139908806215,31.198759333292685,40.620061789932485,4.98029652909415,0.3044,0.27739521861076355,0
40.222066846451575,-123.36114639171329,20.838082249959314,55.81666432182731,2.4228010479359097,0.5625,3.798673629760742,0
36.6108394042911,-119.69602003250564,28.664335505167685,37.9062146700598,4.4148630821055646,0.38230000000000003,0.07781766355037689,0
34.34708488830991,-114.84511749826024,32.255644098917685,29.935411722277117,5.285620947163655,0.124,3.3811259269714355,0
36.260496443484485,-118.75278898418014,20.762561416626,61.11272751101106,0.880024855941618,0.528975,9.230002403259277,0
38.49730150094209,-122.01367346553401,23.344429906209314,51.03496859963301,8.794485823126873,0.3866,0.719228208065033,1
41.51564085558369,-123.63064097694915,19.548043187459314,60.06885548948701,1.497949469830055,0.7630750000000001,7.682290554046631,1
41.51564085558369,-123.65759043547274,17.992134984334314,63.98343321386557,1.501504190400737,0.7630750000000001,4.323971271514893,1
35.586759980394845,-119.74991894955282,25.975696182251,46.33238693996147,4.917186268214062,0.22560000000000002,0.4174429178237915,1
41.650388148201614,-123.03775288943027,20.521106338501,49.01804540737001,2.0460013835994313,0.6920333333333334,1.2317399978637695,1
41.40784302148935,-123.19944964057179,17.811959203084314,55.911403552875036,2.103689226745521,0.4697,1.6732639074325562,1
41.650388148201614,-123.09165180647744,18.949980036417685,49.271556127128626,1.9810681834099608,0.645275,5.728358268737793,1
38.47035204241851,-121.77112833882174,23.936064020792685,51.78018780632816,9.545767162718903,0.4516,0.07051999866962433,1
35.586759980394845,-119.64212111545848,26.663277562459314,43.05042691725765,4.666403886289524,0.35605000000000003,0.13209423422813416,1
38.49730150094209,-121.82502725586892,23.936064020792685,51.78018780632816,9.545767162718903,0.4516,0.07547274976968765,1
41.973781650484646,-123.87318610366142,19.801623916626,67.08239018347946,3.246031743955312,0.6038,1.5706470012664795,1
38.44340258389492,-121.74417888029815,23.239205296834314,55.629630023087394,10.856759612747952,0.4541,0.047006167471408844,1
38.47035204241851,-121.93282508996326,23.781604385376,51.455887763748855,9.205593109864544,0.46295000000000003,0.16907401382923126,1
41.973781650484646,-123.76538826956708,20.608264541626,62.35979028506967,3.207255776337994,0.75705,4.8497843742370605,1
38.49730150094209,-121.87892617291608,23.781604385376,51.455887763748855,9.205593109864544,0.44885,0.08588530868291855,1
35.586759980394845,-119.69602003250564,25.975696182251,46.33238693996147,4.917186268214062,0.2185,0.4568761885166168,1
40.922752768064804,-122.87605613828876,18.604846572876,55.76590543889534,1.3268801473614291,0.4048,7.777200698852539,1
38.49730150094209,-121.98672400701042,23.344429906209314,51.03496859963301,8.794485823126873,0.3866,0.2441258281469345,1
38.47035204241851,-121.82502725586892,23.936064020792685,51.78018780632816,9.545767162718903,0.44885,0.09366759657859802,1
38.49730150094209,-121.85197671439249,23.781604385376,51.455887763748855,9.205593109864544,0.4516,0.07953736186027527,1
41.32699464591859,-123.46894422580763,21.461210505167685,57.45367004030517,1.1470018326574365,0.7186,7.16848611831665,1
41.56953977263086,-123.46894422580763,20.777942276001,55.39019499795217,1.5150090743556321,0.6836,2.929407835006714,1
41.59648923115444,-123.5497926013784,20.777942276001,55.39019499795217,1.5150090743556321,0.6836,12.365728378295898,1
38.47035204241851,-121.90587563143967,23.781604385376,51.455887763748855,9.205593109864544,0.46295000000000003,0.0925397202372551,1
41.51564085558369,-123.68453989399632,17.992134984334314,63.98343321386557,1.501504190400737,0.7663333333333333,4.696205139160156,1
41.300045187395,-123.41504530876047,21.299019749959314,56.5039534024661,1.2068257290862372,0.7186,8.250596046447754,1
40.57240980725819,-123.46894422580763,19.748401260376,64.38474291468862,1.3328097540118067,0.7186,4.071467876434326,1
41.973781650484646,-123.7384388110435,20.856718317667685,61.438277453446865,3.018195531536343,0.5744666666666667,4.743113994598389,1
35.586759980394845,-119.61517165693489,26.663277562459314,43.05042691725765,4.666403886289524,0.35605000000000003,0.028984088450670242,1
41.650388148201614,-123.11860126500102,18.949980036417685,49.271556127128626,1.9810681834099608,0.645275,2.2741305828094482,1
38.57814987651285,-120.01941353478867,14.717292404174827,49.73330981898441,3.9194761438162162,0.4375,6.034519672393799,0
33.53860113260234,-115.89614638068007,34.86792716979983,29.667904174672326,3.655818974585285,0.07415000000000001,2.5319039821624756,0
32.541471167229666,-114.62952183007154,34.55152091979983,30.96489869153281,6.2422459664756484,0.317,0.03369886428117752,0
33.02656142065421,-115.59970233692063,35.23926506042483,24.24474691008517,5.303995156252246,0.4703,0.14035730063915253,0
34.805225683210864,-114.19833049369417,34.58757235209151,21.88079027147648,3.144100545574037,0.139,1.7933974266052246,0
41.865983816390305,-116.56988284376972,24.071296310424827,30.061393285032047,11.58149601270995,0.19255,1.5481092929840088,0
35.37116431220616,-116.51598392672254,27.917080815633142,30.312372920641057,4.77156090903652,0.10020000000000001,2.005422592163086,0
40.976651685111975,-118.91448573532166,24.336839930216513,34.02117698697357,4.284802224973193,0.09165000000000001,0.7298752665519714,0
37.958312330470385,-115.16851100054326,21.903002039591513,50.04968293321023,3.682880301996994,0.1466,3.288766860961914,0
36.422193194626004,-114.49477453745362,32.96501375834151,28.76771278566125,1.296809460612711,0.14265,2.0392873287200928,0
35.82930510710712,-114.3330777863121,28.691087977091513,33.789406580950484,2.961635860864582,0.1759,3.9987754821777344,0
38.20085745718265,-119.10313194498676,15.738939539591513,51.04299795670134,4.293726797782595,0.25520000000000004,3.720139503479004,0
40.94970222658839,-117.62091172618955,23.629808680216513,23.30885890437628,5.803447586940112,0.2164,6.7907304763793945,0
40.7341065583997,-114.27917886926494,23.889167404174827,33.134823610864785,2.5731053564815265,0.27926666666666666,0.8840309381484985,0
41.4886913970601,-120.26195866150094,19.643236414591513,39.25383107674181,3.232779138289772,0.4086,1.2870073318481445,0
40.06037009531006,-116.83937742900557,21.248623784383142,43.47370393884959,6.980076479329093,0.2748,5.301489353179932,0
34.185388137168395,-119.10313194498676,21.191657638549827,80.71116165381055,5.9361903595666625,0.44260000000000005,0.0937449261546135,0
37.095929657715644,-120.85484674901983,26.186856206258142,43.91599083060728,6.272263054838303,0.3513,0.07470320165157318,0
39.17103796403174,-122.63351101157649,22.806729253133142,38.51229834533411,1.8753354981216284,0.5132,3.4987528324127197,0
38.79374554470154,-116.0039442147744,19.890795008341513,48.456658926303106,6.3315100336610675,0.116425,1.4127941131591797,0
39.27883579812608,-120.96264458311417,21.954352951049827,44.5952070736738,1.7674831515025506,0.7367,2.837270736694336,0
40.114269012357234,-114.8990164153074,19.721361414591513,44.63838252102277,6.054157890850413,0.3191,11.536865234375,0
38.38950366684775,-116.38123663410461,20.546800867716513,41.54932174442171,4.784501979987713,0.1579,6.808165073394775,0
35.74845673153636,-117.62091172618955,27.113369878133142,28.635211800802253,2.7546321074551656,0.06925,0.045992184430360794,0
41.27309572887142,-123.09165180647744,19.228441492716513,45.46311045274606,1.5775258707977862,0.7632800000000001,9.592281341552734,0
32.75706683541835,-115.76139908806215,32.87394930521651,31.55839068698578,4.0606213761567,0.3044,0.27739521861076355,0
40.222066846451575,-123.36114639171329,20.000414148966513,56.21673745940664,1.1063520159861038,0.5625,3.798673629760742,0
36.6108394042911,-119.69602003250564,28.596849695841513,37.66210657739871,6.401516816051827,0.38230000000000003,0.07781766355037689,0
34.34708488830991,-114.84511749826024,33.39185295104983,17.17037569117161,5.758224558186949,0.124,3.3811259269714355,0
36.260496443484485,-118.75278898418014,20.087165451049827,53.36325723176277,2.0249635228656304,0.528975,9.230002403259277,0
41.865983816390305,-123.90013556218501,18.577237065633142,71.93449898061436,2.892762827048626,0.73114,6.559683799743652,1
41.51564085558369,-123.63064097694915,18.831468836466513,60.754890699618855,1.5857358432591566,0.7630750000000001,7.682290554046631,1
41.51564085558369,-123.65759043547274,17.252204513549827,65.86679357800126,2.1665065910593304,0.7630750000000001,4.323971271514893,1
35.586759980394845,-119.74991894955282,28.114590581258142,37.06091001312913,1.9867227925756301,0.22560000000000002,0.4174429178237915,1
41.865983816390305,-123.92708502070859,18.577237065633142,71.93449898061436,2.892762827048626,0.73114,2.228649616241455,1
41.650388148201614,-123.03775288943027,20.577237065633142,44.78704364023395,0.5918277249292112,0.6920333333333334,1.2317399978637695,1
41.56953977263086,-123.44199476728406,19.630703862508142,52.73017952278448,0.9373174324976985,0.6464000000000001,5.077883720397949,1
41.650388148201614,-123.09165180647744,19.057868576049827,45.5776907452703,0.6957254352788037,0.645275,5.728358268737793,1
41.973781650484646,-123.87318610366142,19.101244227091513,68.57828559068696,2.3446264336563334,0.6038,1.5706470012664795,1
41.21919681182425,-117.64786118471314,26.723884201049827,21.553771470579225,5.225714688084472,0.2869,0.17876073718070984,1
41.758185982295956,-123.03775288943027,21.772386805216513,45.82226377007068,0.47998982376564414,0.56165,15.940857887268066,1
41.973781650484646,-123.76538826956708,19.848965581258142,64.49902745308258,1.8276708785933664,0.75705,4.8497843742370605,1
41.21919681182425,-117.62091172618955,26.723884201049827,21.553771470579225,5.225714688084472,0.2869,0.09741383790969849,1
35.586759980394845,-119.69602003250564,28.114590581258142,37.06091001312913,1.9867227925756301,0.2185,0.4568761885166168,1
41.56953977263086,-123.52284314285481,20.114753341674827,55.691466387027035,1.1729486174245995,0.7177800000000001,3.506434679031372,1
41.300045187395,-123.38809585023688,21.067145919799827,51.5747339791102,0.8287478658710897,0.711725,5.4655914306640625,1
41.32699464591859,-123.46894422580763,20.739753341674827,54.74872767285074,0.8806054446875758,0.7186,7.16848611831665,1
41.56953977263086,-123.46894422580763,20.114753341674827,55.691466387027035,1.1729486174245995,0.6836,2.929407835006714,1
41.59648923115444,-123.5497926013784,20.114753341674827,55.691466387027035,1.1729486174245995,0.6836,12.365728378295898,1
39.38663363222042,-118.69889006713298,24.141364669799827,42.580809247689594,2.731209688990607,0.24445,0.06092533841729164,1
39.38663363222042,-118.72583952565657,24.141364669799827,42.580809247689594,2.731209688990607,0.24445,0.1042875275015831,1
41.59648923115444,-123.57674205990197,18.584398523966513,60.443880463561875,1.757347844765614,0.7177800000000001,5.7063775062561035,1
41.300045187395,-123.41504530876047,21.067145919799827,51.5747339791102,0.8287478658710897,0.7186,8.250596046447754,1
41.973781650484646,-123.7384388110435,20.260830815633142,62.143501346930705,1.780981357044655,0.5744666666666667,4.743113994598389,1
41.650388148201614,-123.11860126500102,19.057868576049827,45.5776907452703,0.6957254352788037,0.645275,2.2741305828094482,1
34.07759030307405,-117.18972038981218,25.282396570841513,49.999455807548465,2.1014354426498008,0.24216666666666667,0.9852403998374939,1
41.6773376067252,-123.38809585023688,21.297289148966513,52.25142620448331,1.0012704626647968,0.73575,7.2903056144714355,1
41.94683219196106,-123.84623664513784,18.798021570841513,67.23881053144002,2.390798028349436,0.734375,4.285432815551758,1
41.27309572887142,-123.36114639171329,21.067145919799827,51.5747339791102,0.8287478658710897,0.70135,7.521026134490967,1
41.59648923115444,-123.46894422580763,20.114753341674827,55.691466387027035,1.1729486174245995,0.6464000000000001,9.929152488708496,1
38.57814987651285,-120.01941353478867,15.069107309977255,43.670609652896125,2.27052965250394,0.4375,6.034519672393799,0
33.53860113260234,-115.89614638068007,36.431411997477255,22.893537620632657,5.752491418805143,0.07415000000000001,2.5319039821624756,0
32.541471167229666,-114.62952183007154,36.96860275268557,17.982944739797706,9.067496115118647,0.317,0.03369886428117752,0
33.02656142065421,-115.59970233692063,36.94785079956057,17.278080351908354,7.190497731862253,0.4703,0.14035730063915253,0
34.805225683210864,-114.19833049369417,35.328791554768884,17.26256939246442,4.766726183821926,0.139,1.7933974266052246,0
41.865983816390305,-116.56988284376972,23.613947804768884,26.62800926466326,4.440457848596929,0.19255,1.5481092929840088,0
35.37116431220616,-116.51598392672254,28.81186447143557,17.466018999744367,5.955983019661688,0.10020000000000001,2.005422592163086,0
40.976651685111975,-118.91448573532166,25.406265513102255,23.889510769995116,3.258565798402078,0.09165000000000001,0.7298752665519714,0
37.958312330470385,-115.16851100054326,22.256037648518884,34.95037513785792,3.3182696749921545,0.1466,3.288766860961914,0
36.422193194626004,-114.49477453745362,33.206232961018884,18.846173546346396,2.870675442570909,0.14265,2.0392873287200928,0
35.82930510710712,-114.3330777863121,31.101740773518884,19.7128637415401,2.6854135613168384,0.1759,3.9987754821777344,0
38.20085745718265,-119.10313194498676,16.871597544352255,45.43182154138796,2.0807998910540957,0.25520000000000004,3.720139503479004,0
40.94970222658839,-117.62091172618955,24.192398325602255,17.431743799496445,2.1529835524668104,0.2164,6.7907304763793945,0
40.7341065583997,-114.27917886926494,24.48227462768557,29.018037972347432,1.3325745060804794,0.27926666666666666,0.8840309381484985,0
41.4886913970601,-120.26195866150094,20.226578013102255,28.92752825722731,2.32879807469006,0.4086,1.2870073318481445,0
40.06037009531006,-116.83937742900557,22.75449142456057,25.98148524609181,5.194768904595381,0.2748,5.301489353179932,0
34.185388137168395,-119.10313194498676,22.06039962768557,77.46367058870332,4.655907304944557,0.44260000000000005,0.0937449261546135,0
37.095929657715644,-120.85484674901983,26.210708872477255,39.762619451369424,6.009483095168929,0.3513,0.07470320165157318,0
39.17103796403174,-122.63351101157649,23.137954966227255,33.53118740245132,2.1108608066462162,0.5132,3.4987528324127197,0
38.79374554470154,-116.0039442147744,20.121597544352255,35.96383104150463,4.571932107301206,0.116425,1.4127941131591797,0
39.27883579812608,-120.96264458311417,21.99228439331057,39.00568572967791,0.7009981682682492,0.7367,2.837270736694336,0
40.114269012357234,-114.8990164153074,20.78574142456057,30.843865190586143,5.96618690674105,0.3191,11.536865234375,0
38.38950366684775,-116.38123663410461,20.520035044352255,32.47668249114686,2.2968617256008894,0.1579,6.808165073394775,0
35.74845673153636,-117.62091172618955,25.90903244018557,28.313767355124625,3.6147440048272057,0.06925,0.045992184430360794,0
41.27309572887142,-123.09165180647744,19.51718673706057,42.78326167524964,1.5207947133742525,0.7632800000000001,9.592281341552734,0
32.75706683541835,-115.76139908806215,34.605647023518884,23.466534720619133,5.12841640576224,0.3044,0.27739521861076355,0
40.222066846451575,-123.36114639171329,20.08432540893557,50.12656811221052,1.604710563278618,0.5625,3.798673629760742,0
36.6108394042911,-119.69602003250564,29.13803634643557,28.2091026802873,8.302957417409086,0.38230000000000003,0.07781766355037689,0
34.34708488830991,-114.84511749826024,34.668960825602255,12.653709038930867,8.083315199539468,0.124,3.3811259269714355,0
36.260496443484485,-118.75278898418014,20.516861216227255,51.43456701371175,1.9378315068336396,0.528975,9.230002403259277,0
41.865983816390305,-123.90013556218501,17.922622934977255,70.98949571262054,3.143686147969993,0.73114,6.559683799743652,1
41.51564085558369,-123.63064097694915,18.675308481852255,59.31574739400078,1.8084357038623253,0.7630750000000001,7.682290554046631,1
41.81208489934313,-123.84623664513784,17.045181528727255,70.74941794974112,3.1425843147070514,0.7092,8.00900650024414,1
41.51564085558369,-123.65759043547274,17.166438039143884,64.50260736055732,2.3369361181441084,0.7630750000000001,4.323971271514893,1
35.586759980394845,-119.74991894955282,28.830500539143884,29.377489659241824,2.4273650807100196,0.22560000000000002,0.4174429178237915,1
41.865983816390305,-123.92708502070859,17.922622934977255,70.98949571262054,3.143686147969993,0.73114,2.228649616241455,1
41.973781650484646,-123.65759043547274,19.757583872477255,61.06173496583543,2.382335707590389,0.5456,2.945680856704712,1
41.40784302148935,-123.19944964057179,18.425552622477255,47.4241895167623,1.611023098469767,0.4697,1.6732639074325562,1
41.973781650484646,-123.68453989399632,19.757583872477255,61.06173496583543,2.382335707590389,0.5456,3.7852420806884766,1
41.56953977263086,-123.44199476728406,19.719497934977255,51.66939678494175,1.3252423915342086,0.6464000000000001,5.077883720397949,1
41.973781650484646,-123.87318610366142,18.492447153727255,66.98266231905858,2.801526502797719,0.6038,1.5706470012664795,1
41.81208489934313,-123.87318610366142,17.15366134643557,75.58100028042607,3.5915817502848295,0.7092,1.179460883140564,1
41.973781650484646,-123.76538826956708,19.19565353393557,62.59475098984392,2.372567712004299,0.75705,4.8497843742370605,1
35.586759980394845,-119.69602003250564,28.830500539143884,29.377489659241824,2.4273650807100196,0.2185,0.4568761885166168,1
40.922752768064804,-122.87605613828876,19.94809494018557,35.46376842929309,0.6213316440497797,0.4048,7.777200698852539,1
41.785135440819545,-123.7114893525199,17.064387257893884,65.69222978820977,2.813417533028121,0.6932,5.901498794555664,1
41.43479248001293,-123.22639909909536,18.425552622477255,47.4241895167623,1.611023098469767,0.6991333333333334,7.416379928588867,1
41.300045187395,-123.38809585023688,20.928482309977255,50.23907418627561,1.157587855004123,0.711725,5.4655914306640625,1
41.32699464591859,-123.46894422580763,20.472183481852255,53.69510910157733,1.284131996384487,0.7186,7.16848611831665,1
41.56953977263086,-123.46894422580763,20.054214731852255,54.60237595644163,1.548267648444604,0.6836,2.929407835006714,1
41.59648923115444,-123.5497926013784,20.054214731852255,54.60237595644163,1.548267648444604,0.6836,12.365728378295898,1
41.785135440819545,-123.7384388110435,17.064387257893884,65.69222978820977,2.813417533028121,0.6932,4.876309394836426,1
41.758185982295956,-122.9838539723831,22.07724533081057,44.203006469025254,0.9334469918673148,0.66795,3.459047794342041,1
41.6773376067252,-123.33419693318972,20.360367075602255,49.09960471533679,1.339736092428005,0.67615,7.530034065246582,1
37.98526178899397,-121.01654350016135,23.612482961018884,46.535522142796275,8.565740901117167,0.49260000000000004,0.1927834153175354,1
41.300045187395,-123.41504530876047,20.928482309977255,50.23907418627561,1.157587855004123,0.7186,8.250596046447754,1
40.57240980725819,-123.46894422580763,18.95273361206057,59.23549504897585,1.953396291191434,0.7186,4.071467876434326,1
42.00073110900823,-123.7114893525199,19.757583872477255,61.06173496583543,2.382335707590389,0.62155,2.4936814308166504,1
41.973781650484646,-123.7384388110435,19.757583872477255,61.06173496583543,2.382335707590389,0.5744666666666667,4.743113994598389,1
41.650388148201614,-123.38809585023688,21.287369028727255,51.648424027524555,1.4767236293303367,0.670025,8.340576171875,1
38.57814987651285,-120.01941353478867,16.443884785970056,41.043377531838516,2.202031185096943,0.4375,6.034519672393799,0
33.53860113260234,-115.89614638068007,38.196326192220056,22.920073202456916,6.288337713840413,0.07415000000000001,2.5319039821624756,0
32.541471167229666,-114.62952183007154,39.36665496826174,12.417444856920671,12.27028435259889,0.317,0.03369886428117752,0
33.02656142065421,-115.59970233692063,38.33630015055343,17.751529271312435,8.972232951295746,0.4703,0.14035730063915253,0
34.805225683210864,-114.19833049369417,36.40929819742843,14.775697987743271,8.200581778209427,0.139,1.7933974266052246,0
41.865983816390305,-116.56988284376972,24.736121114095056,22.378848964837168,5.49869370494546,0.19255,1.5481092929840088,0
35.37116431220616,-116.51598392672254,30.37788543701174,16.10906451684495,4.199134324900177,0.10020000000000001,2.005422592163086,0
40.976651685111975,-118.91448573532166,27.044307963053427,15.970037332133522,2.6029129957433907,0.09165000000000001,0.7298752665519714,0
37.958312330470385,-115.16851100054326,21.19990692138674,38.01743038921373,0.7943218874766456,0.1466,3.288766860961914,0
36.422193194626004,-114.49477453745362,33.36470184326174,21.260642392690656,3.9878402042622,0.14265,2.0392873287200928,0
35.82930510710712,-114.3330777863121,31.987097676595056,16.1104676013578,6.164033512925287,0.1759,3.9987754821777344,0
38.20085745718265,-119.10313194498676,19.058223978678427,37.02565966301471,1.747581565953313,0.25520000000000004,3.720139503479004,0
40.94970222658839,-117.62091172618955,25.113074239095056,13.539858066989108,1.6266382277556544,0.2164,6.7907304763793945,0
40.7341065583997,-114.27917886926494,24.53047332763674,26.451165555590112,3.243912196598662,0.27926666666666666,0.8840309381484985,0
41.4886913970601,-120.26195866150094,21.269812520345056,27.62856320319874,3.123845061970965,0.4086,1.2870073318481445,0
40.06037009531006,-116.83937742900557,23.95161590576174,16.98941149046785,2.9846888938878102,0.2748,5.301489353179932,0
34.185388137168395,-119.10313194498676,23.642940775553427,72.60566732544392,2.982607177963747,0.44260000000000005,0.0937449261546135,0
37.095929657715644,-120.85484674901983,26.414669291178427,34.45266412186042,5.9166651409134285,0.3513,0.07470320165157318,0
39.17103796403174,-122.63351101157649,24.759884134928427,28.982450911231606,2.586612171140556,0.5132,3.4987528324127197,0
38.79374554470154,-116.0039442147744,19.16792449951174,35.78964831135041,1.6215993295248683,0.116425,1.4127941131591797,0
39.27883579812608,-120.96264458311417,22.714636739095056,32.65410523826856,0.44855020489244524,0.7367,2.837270736694336,0
40.114269012357234,-114.8990164153074,20.966671244303427,22.77130076752091,3.595832030499696,0.3191,11.536865234375,0
38.38950366684775,-116.38123663410461,20.110144551595056,29.02042495622656,1.3690556806292584,0.1579,6.808165073394775,0
35.74845673153636,-117.62091172618955,28.417761739095056,24.857542815828833,3.0884697846307008,0.06925,0.045992184430360794,0
41.27309572887142,-123.09165180647744,19.82148895263674,45.47640091934449,1.9205506390527682,0.7632800000000001,9.592281341552734,0
32.75706683541835,-115.76139908806215,35.95885874430343,20.583725204209955,5.678142716323365,0.3044,0.27739521861076355,0
40.222066846451575,-123.36114639171329,20.49507293701174,45.6387108477456,2.5780081091810905,0.5625,3.798673629760742,0
36.6108394042911,-119.69602003250564,29.294470723470056,23.840013357135785,8.069107320926049,0.38230000000000003,0.07781766355037689,0
34.34708488830991,-114.84511749826024,35.67085418701174,11.79811087420938,11.649011151921325,0.124,3.3811259269714355,0
36.260496443484485,-118.75278898418014,21.474402364095056,46.47328451165636,2.3815667555176057,0.528975,9.230002403259277,0
41.865983816390305,-123.90013556218501,17.70942840576174,67.52627902843436,3.5882494008694454,0.73114,6.559683799743652,1
41.51564085558369,-123.63064097694915,18.229041035970056,59.10188041319589,2.0638800548984944,0.7630750000000001,7.682290554046631,1
41.785135440819545,-123.01080343090668,21.441443379720056,50.1087521938254,2.497611657686954,0.6728500000000001,8.135889053344727,1
41.51564085558369,-123.65759043547274,16.905636088053427,64.20945236624914,2.8388416793511566,0.7630750000000001,4.323971271514893,1
41.865983816390305,-123.92708502070859,17.70942840576174,67.52627902843436,3.5882494008694454,0.73114,2.228649616241455,1
41.56953977263086,-123.44199476728406,19.296993509928427,53.25564318354673,1.7084835080523335,0.6464000000000001,5.077883720397949,1
41.973781650484646,-123.87318610366142,18.33223114013674,63.0170716319965,3.0663022222713376,0.6038,1.5706470012664795,1
41.56953977263086,-117.78260847733107,25.424597676595056,20.025060973102583,0.9682749738318985,0.3406,1.9870343208312988,1
41.650388148201614,-123.28029801614254,19.876013692220056,52.14878772136714,2.060455078713676,0.4834,8.281354904174805,1
35.586759980394845,-119.69602003250564,30.00068817138674,19.709287263990845,2.9079725998927852,0.2185,0.4568761885166168,1
41.59648923115444,-117.80955793585466,25.424597676595056,20.025060973102583,0.9682749738318985,0.3406,1.0371721982955933,1
41.59648923115444,-117.83650739437823,25.424597676595056,20.025060973102583,0.9682749738318985,0.3406,0.349983811378479,1
41.43479248001293,-123.22639909909536,18.674190775553427,49.03281661231467,1.8693926433195314,0.6991333333333334,7.416379928588867,1
41.300045187395,-123.38809585023688,20.22212371826174,51.075673439881896,1.566505581282036,0.711725,5.4655914306640625,1
41.785135440819545,-122.9838539723831,21.441443379720056,50.1087521938254,2.497611657686954,0.6728500000000001,3.7215049266815186,1
41.32699464591859,-123.46894422580763,19.694942728678427,53.59600922565746,1.73515229548034,0.7186,7.16848611831665,1
41.56953977263086,-123.46894422580763,19.440955098470056,55.49472534902961,1.7823012562711944,0.6836,2.929407835006714,1
41.59648923115444,-123.5497926013784,19.440955098470056,55.49472534902961,1.7823012562711944,0.6836,12.365728378295898,1
41.6773376067252,-123.33419693318972,19.876013692220056,52.14878772136714,2.060455078713676,0.67615,7.530034065246582,1
41.300045187395,-123.41504530876047,20.22212371826174,51.075673439881896,1.566505581282036,0.7186,8.250596046447754,1
42.00073110900823,-123.7114893525199,19.322546895345056,58.57423618442764,2.2829392325109787,0.62155,2.4936814308166504,1
41.973781650484646,-123.7384388110435,19.322546895345056,58.57423618442764,2.2829392325109787,0.5744666666666667,4.743113994598389,1
41.62343868967803,-123.46894422580763,19.440955098470056,55.49472534902961,1.7823012562711944,0.5789000000000001,4.230277061462402,1
41.6773376067252,-123.38809585023688,20.49897918701174,53.63189324181712,1.993957713584148,0.73575,7.2903056144714355,1
41.785135440819545,-123.87318610366142,16.871619160970056,73.19753684279631,4.284751864289595,0.753,8.01938247680664,1
41.59648923115444,-123.46894422580763,19.440955098470056,55.49472534902961,1.7823012562711944,0.6464000000000001,9.929152488708496,1
41.973781650484646,-123.7114893525199,19.322546895345056,58.57423618442764,2.2829392325109787,0.5744666666666667,2.739806890487671,1
41.46174193853652,-123.28029801614254,18.009070332845056,51.58163637721432,1.6305196960615085,0.6991333333333334,4.941122055053711,1
41.59648923115444,-123.52284314285481,19.440955098470056,55.49472534902961,1.7823012562711944,0.6836,10.330950736999512,1
35.586759980394845,-119.72296949102923,30.00068817138674,19.709287263990845,2.9079725998927852,0.2185,0.6151120662689209,1
38.57814987651285,-120.01941353478867,16.10687917073568,32.43688408738516,5.227567311313842,0.4375,6.034519672393799,0
33.53860113260234,-115.89614638068007,38.76483815511068,24.6251077116179,4.429079703709355,0.07415000000000001,2.5319039821624756,0
32.541471167229666,-114.62952183007154,38.87673594156905,13.535160993844745,7.9137739491970835,0.317,0.03369886428117752,0
33.02656142065421,-115.59970233692063,38.90277760823568,16.014273552145262,6.031396499055376,0.4703,0.14035730063915253,0
34.805225683210864,-114.19833049369417,37.41587982177737,12.289120337012195,3.711622348120575,0.139,1.7933974266052246,0
41.865983816390305,-116.56988284376972,25.511745707194052,13.825385034169438,13.868968904452618,0.19255,1.5481092929840088,0
35.37116431220616,-116.51598392672254,31.984483337402366,14.962217524370502,3.5713775982396987,0.10020000000000001,2.005422592163086,0
40.976651685111975,-118.91448573532166,26.057155863444052,11.81426337365358,8.969433964873028,0.09165000000000001,0.7298752665519714,0
37.958312330470385,-115.16851100054326,23.24457448323568,30.579831354779095,2.6171104689522733,0.1466,3.288766860961914,0
36.422193194626004,-114.49477453745362,34.58222096761068,18.516037607176493,2.667451558003562,0.14265,2.0392873287200928,0
35.82930510710712,-114.3330777863121,33.48147226969405,12.29920244859583,2.42667687444686,0.1759,3.9987754821777344,0
38.20085745718265,-119.10313194498676,18.380235290527366,37.42779144451769,5.770365891084433,0.25520000000000004,3.720139503479004,0
40.94970222658839,-117.62091172618955,25.158311462402366,9.401742433486177,7.030960881932028,0.2164,6.7907304763793945,0
40.7341065583997,-114.27917886926494,25.216416931152366,23.760020557809035,3.6192232597334804,0.27926666666666666,0.8840309381484985,0
41.4886913970601,-120.26195866150094,18.862087504069052,31.555091115757318,7.2028486619951915,0.4086,1.2870073318481445,0
40.06037009531006,-116.83937742900557,24.60150807698568,16.399680301563897,6.4179913479540796,0.2748,5.301489353179932,0
34.185388137168395,-119.10313194498676,24.639431254069052,76.26355113361298,0.9105291001461014,0.44260000000000005,0.0937449261546135,0
37.095929657715644,-120.85484674901983,26.281114196777366,35.256603090111035,7.7396022597852685,0.3513,0.07470320165157318,0
39.17103796403174,-122.63351101157649,24.002793884277366,25.381113629551898,3.704288935205913,0.5132,3.4987528324127197,0
38.79374554470154,-116.0039442147744,21.60809987386068,28.986295098633313,5.866583443420818,0.116425,1.4127941131591797,0
39.27883579812608,-120.96264458311417,22.89325612386068,27.14071789577666,1.0888013630223916,0.7367,2.837270736694336,0
40.114269012357234,-114.8990164153074,22.92011159261068,20.007305465419567,8.0869559851257,0.3191,11.536865234375,0
38.38950366684775,-116.38123663410461,22.240017191569052,26.33153823780452,3.2600594845217707,0.1579,6.808165073394775,0
35.74845673153636,-117.62091172618955,29.766709899902366,24.33684282233105,4.882262793175152,0.06925,0.045992184430360794,0
41.27309572887142,-123.09165180647744,16.76752370198568,50.94342576056364,4.751947501891546,0.7632800000000001,9.592281341552734,0
32.75706683541835,-115.76139908806215,37.81203867594405,16.271140806542313,4.970076952863059,0.3044,0.27739521861076355,0
40.222066846451575,-123.36114639171329,18.23090260823568,44.42199827208818,6.549863194330807,0.5625,3.798673629760742,0
36.6108394042911,-119.69602003250564,30.152126566569052,20.498764038832114,10.213462705702222,0.38230000000000003,0.07781766355037689,0
34.34708488830991,-114.84511749826024,35.73643646240237,9.873614495111761,8.764952333248537,0.124,3.3811259269714355,0
36.260496443484485,-118.75278898418014,22.254747009277366,46.12420661410121,2.2724501272716124,0.528975,9.230002403259277,0
41.865983816390305,-123.90013556218501,16.77948659261068,67.4816090007814,5.413261447966156,0.73114,6.559683799743652,1
41.4886913970601,-123.65759043547274,15.276882425944052,66.91620363629096,4.5383580198525175,0.7559666666666668,0.7209915518760681,1
41.51564085558369,-123.63064097694915,16.165554300944052,62.19633355548891,3.887050504095966,0.7630750000000001,7.682290554046631,1
41.865983816390305,-123.84623664513784,16.510850524902366,64.07386309216857,4.267225663221652,0.7916500000000001,4.72731876373291,1
38.28170583275341,-121.07044241720851,24.546413675944052,41.0443949379601,4.9799012490009344,0.45215,0.5141122341156006,1
41.54259031410727,-123.57674205990197,16.165554300944052,62.19633355548891,3.887050504095966,0.7629428571428571,4.487285137176514,1
36.529991028720346,-118.61804169156223,16.26386159261068,49.04207243744765,0.12766127282691409,0.3733,13.1201753616333,1
41.839034357866716,-123.76538826956708,15.546901957194052,68.46867635080991,5.103430001144698,0.7916500000000001,10.666889190673828,1
41.51564085558369,-123.65759043547274,15.276882425944052,66.91620363629096,4.5383580198525175,0.7630750000000001,4.323971271514893,1
40.06037009531006,-123.7114893525199,19.16474049886068,47.700865307743086,9.966965580083043,0.6792666666666667,5.0565619468688965,1
41.38089356296576,-123.65759043547274,15.62714284261068,67.64509926150592,4.504898310355461,0.8305600000000001,8.498577117919922,1
41.865983816390305,-123.92708502070859,16.77948659261068,67.4816090007814,5.413261447966156,0.73114,2.228649616241455,1
39.38663363222042,-121.60943158768023,28.379014587402366,24.703362467499346,2.6363576394201482,0.4879,0.05741541087627411,1
41.27309572887142,-123.46894422580763,17.107937113444052,58.56615534387397,3.9006361403561045,0.7368,14.220049858093262,1
41.40784302148935,-123.19944964057179,15.91303151448568,52.57074212386761,4.302413828315363,0.4697,1.6732639074325562,1
38.28170583275341,-121.0973918757321,24.546413675944052,41.0443949379601,4.9799012490009344,0.45215,0.2895164489746094,1
41.4886913970601,-123.63064097694915,16.165554300944052,62.19633355548891,3.887050504095966,0.7559666666666668,6.375533580780029,1
39.38663363222042,-121.58248212915665,28.379014587402366,24.703362467499346,2.6363576394201482,0.4879,0.047347258776426315,1
41.38089356296576,-123.68453989399632,15.62714284261068,67.64509926150592,4.504898310355461,0.7598250000000001,5.270198345184326,1
41.650388148201614,-123.28029801614254,17.34833424886068,53.52842507483741,4.196595475520262,0.4834,8.281354904174805,1
41.27309572887142,-123.44199476728406,17.42475026448568,55.78193108427417,3.939746231763051,0.7368,6.639048099517822,1
41.54259031410727,-123.63064097694915,16.165554300944052,62.19633355548891,3.887050504095966,0.6811333333333334,8.189718246459961,1
41.38089356296576,-123.63064097694915,16.59296315511068,62.81709820974329,3.8270840708856495,0.8366,8.820575714111328,1
41.919882733437476,-123.90013556218501,16.77948659261068,67.4816090007814,5.413261447966156,0.6771,2.153982162475586,1
41.919882733437476,-123.87318610366142,16.77948659261068,67.4816090007814,5.413261447966156,0.6771,8.377969741821289,1
35.586759980394845,-119.69602003250564,30.900254821777366,18.248477274827778,3.5596171462486614,0.2185,0.4568761885166168,1
41.54259031410727,-123.5497926013784,17.01508229573568,58.26924894162925,3.46017544364701,0.7629428571428571,14.221901893615723,1
41.54259031410727,-123.7114893525199,15.276882425944052,66.91620363629096,4.5383580198525175,0.6834,4.065598964691162,1
40.922752768064804,-122.87605613828876,17.986355082194052,45.28623992663758,5.448393312836613,0.4048,7.777200698852539,1
41.56953977263086,-123.52284314285481,17.04389088948568,57.52242900853376,3.5618751100466817,0.7177800000000001,3.506434679031372,1
38.57814987651285,-120.01941353478867,15.832807795206747,28.723039937259653,0.6887015992292425,0.4375,6.034519672393799,0
33.53860113260234,-115.89614638068007,37.71684099833175,27.752657227210907,2.226380670105293,0.07415000000000001,2.5319039821624756,0
32.541471167229666,-114.62952183007154,36.49687029520675,34.5248000595242,14.79384052939338,0.317,0.03369886428117752,0
33.02656142065421,-115.59970233692063,38.24695167541506,23.36711885659728,4.532920256345729,0.4703,0.14035730063915253,0
34.805225683210864,-114.19833049369417,37.33988787333175,13.581757294366076,4.10121205092807,0.139,1.7933974266052246,0
41.865983816390305,-116.56988284376972,18.412641779581747,28.036808219361458,11.504884801255761,0.19255,1.5481092929840088,0
35.37116431220616,-116.51598392672254,31.805626805623376,15.32812184291309,6.741711828218763,0.10020000000000001,2.005422592163086,0
40.976651685111975,-118.91448573532166,20.830285008748376,23.46028591239238,7.677382437109726,0.09165000000000001,0.7298752665519714,0
37.958312330470385,-115.16851100054326,23.880008316040062,24.87385583789468,5.4983132354703805,0.1466,3.288766860961914,0
36.422193194626004,-114.49477453745362,36.02958513895675,13.838539381592826,4.660795859913529,0.14265,2.0392873287200928,0
35.82930510710712,-114.3330777863121,32.61796404520675,12.757822091986714,8.22227035605358,0.1759,3.9987754821777344,0
38.20085745718265,-119.10313194498676,18.957645034790062,27.347769200656785,1.6060881104240412,0.25520000000000004,3.720139503479004,0
40.94970222658839,-117.62091172618955,20.251834487915062,19.278173440758074,6.564599809370334,0.2164,6.7907304763793945,0
40.7341065583997,-114.27917886926494,22.980594253540062,10.144675043885846,5.096946014339046,0.27926666666666666,0.8840309381484985,0
41.4886913970601,-120.26195866150094,15.673139826456747,38.718677192776376,5.92474271579314,0.4086,1.2870073318481445,0
40.06037009531006,-116.83937742900557,22.067833836873376,13.510306471579192,5.122916355968331,0.2748,5.301489353179932,0
34.185388137168395,-119.10313194498676,24.156538263956747,76.88746129017532,1.2086772543180946,0.44260000000000005,0.0937449261546135,0
37.095929657715644,-120.85484674901983,26.556115086873376,32.633607148910656,5.793650204895461,0.3513,0.07470320165157318,0
39.17103796403174,-122.63351101157649,25.899214045206747,18.20465562403584,6.679826814133256,0.5132,3.4987528324127197,0
38.79374554470154,-116.0039442147744,20.375044123331747,31.91804999668928,3.289726611377723,0.116425,1.4127941131591797,0
39.27883579812608,-120.96264458311417,23.763309097290062,23.94240457710311,2.432029411853393,0.7367,2.837270736694336,0
40.114269012357234,-114.8990164153074,21.251834487915062,12.610159171383298,6.929208542471514,0.3191,11.536865234375,0
38.38950366684775,-116.38123663410461,21.542605972290062,27.874072638175612,2.700939479937566,0.1579,6.808165073394775,0
35.74845673153636,-117.62091172618955,27.950564956665062,28.10862057671039,5.7664155840066,0.06925,0.045992184430360794,0
41.27309572887142,-123.09165180647744,16.213992691040062,47.72199569976481,4.697729209213655,0.7632800000000001,9.592281341552734,0
32.75706683541835,-115.76139908806215,37.35168800354006,22.41949774780314,3.66266802740816,0.3044,0.27739521861076355,0
40.222066846451575,-123.36114639171329,18.914757664998376,47.96410631077388,7.118518065411007,0.5625,3.798673629760742,0
36.6108394042911,-119.69602003250564,29.143680191040062,21.7128888473193,8.409617504539007,0.38230000000000003,0.07781766355037689,0
34.34708488830991,-114.84511749826024,36.28202654520675,14.903346073971965,6.001266981206797,0.124,3.3811259269714355,0
36.260496443484485,-118.75278898418014,22.091108576456747,41.81556029249098,2.094601329955438,0.528975,9.230002403259277,0
41.865983816390305,-123.90013556218501,17.890099461873376,58.17294555593643,6.781303539457098,0.73114,6.559683799743652,1
41.89293327491389,-123.81928718661425,17.306277847290062,55.103690096105865,5.6024731451066465,0.8113250000000001,3.024113416671753,1
41.51564085558369,-123.63064097694915,17.177941258748376,52.737614112112006,4.251894133895295,0.7630750000000001,7.682290554046631,1
41.865983816390305,-123.84623664513784,17.306277847290062,55.103690096105865,5.6024731451066465,0.7916500000000001,4.72731876373291,1
41.865983816390305,-123.79233772809067,17.306277847290062,55.103690096105865,5.6024731451066465,0.76725,4.733901023864746,1
41.54259031410727,-123.57674205990197,17.177941258748376,52.737614112112006,4.251894133895295,0.7629428571428571,4.487285137176514,1
41.839034357866716,-123.76538826956708,16.416141128540062,57.413960505818466,6.2819262184419085,0.7916500000000001,10.666889190673828,1
41.51564085558369,-123.65759043547274,16.328820164998376,55.98760228974806,5.315813159369587,0.7630750000000001,4.323971271514893,1
41.731236523772374,-123.38809585023688,17.890018081665062,49.199006083910405,3.9126444041908157,0.7565333333333334,3.6961917877197266,1
35.96405239972504,-121.2860380853972,24.195356623331747,31.682739436163025,7.556431277489508,0.37360000000000004,0.6828646659851074,1
41.865983816390305,-123.92708502070859,17.890099461873376,58.17294555593643,6.781303539457098,0.73114,2.228649616241455,1
41.89293327491389,-123.90013556218501,17.890099461873376,58.17294555593643,6.781303539457098,0.7271000000000001,7.4631476402282715,1
40.57240980725819,-123.5497926013784,16.363732274373376,62.17534792903472,6.008367313334469,0.7515000000000001,11.449766159057617,1
41.27309572887142,-123.46894422580763,17.972863133748376,52.345733444124264,3.8060926375197157,0.7368,14.220049858093262,1
41.40784302148935,-123.19944964057179,15.892866388956747,48.79718093230465,4.0320315351114715,0.4697,1.6732639074325562,1
41.731236523772374,-123.36114639171329,17.890018081665062,49.199006083910405,3.9126444041908157,0.6948000000000001,3.488165855407715,1
41.919882733437476,-123.79233772809067,17.306277847290062,55.103690096105865,5.6024731451066465,0.8332600000000001,3.5670008659362793,1
41.758185982295956,-123.90013556218501,17.518761571248376,60.53449698210578,7.521709763106199,0.7987000000000001,2.2632534503936768,1
41.919882733437476,-123.81928718661425,17.306277847290062,55.103690096105865,5.6024731451066465,0.8332600000000001,2.422963857650757,1
41.56953977263086,-123.44199476728406,17.008344904581747,49.655749299897614,3.6288009411860838,0.6464000000000001,5.077883720397949,1
35.93710294120146,-121.25908862687362,24.596723810831747,34.9151100154089,7.996767653421243,0.37360000000000004,0.8222846984863281,1
35.96405239972504,-121.25908862687362,24.195356623331747,31.682739436163025,7.556431277489508,0.39680000000000004,0.48056045174598694,1
41.62343868967803,-123.60369151842556,16.943729019165062,51.65123750197239,4.338987609044472,0.6803,5.198037624359131,1
41.057500060682734,-114.62952183007154,20.825646336873376,14.280061073093128,9.41517283961159,0.21882500000000002,6.325216770172119,1
42.00073110900823,-123.81928718661425,17.801150894165062,52.93773106884846,5.091613727367125,0.5905,1.3870059251785278,1
41.973781650484646,-123.87318610366142,17.693077977498376,56.24200897848112,6.375552875673949,0.6038,1.5706470012664795,1
41.89293327491389,-123.84623664513784,17.306277847290062,55.103690096105865,5.6024731451066465,0.8113250000000001,1.9630002975463867,1
41.785135440819545,-123.81928718661425,16.416141128540062,57.413960505818466,6.2819262184419085,0.7533000000000001,8.97437858581543,1
41.758185982295956,-123.84623664513784,16.416141128540062,57.413960505818466,6.2819262184419085,0.7303000000000001,4.510715007781982,1
41.27309572887142,-123.44199476728406,17.951053237915062,50.03962421252629,3.7627722204179945,0.7368,6.639048099517822,1
38.57814987651285,-120.01941353478867,14.947947438557946,31.57340692609379,5.621186537238746,0.4375,6.034519672393799,0
33.53860113260234,-115.89614638068007,36.50304183959963,35.748523994708634,4.739098566784831,0.07415000000000001,2.5319039821624756,0
32.541471167229666,-114.62952183007154,34.80219548543295,43.205636461098386,15.164675777349013,0.317,0.03369886428117752,0
33.02656142065421,-115.59970233692063,36.63113428751632,37.37007513022393,8.880895213075277,0.4703,0.14035730063915253,0
34.805225683210864,-114.19833049369417,35.20746892293295,21.839692372105656,8.242408320142463,0.139,1.7933974266052246,0
41.865983816390305,-116.56988284376972,19.128774261474632,24.193774242450424,1.668979904655041,0.19255,1.5481092929840088,0
35.37116431220616,-116.51598392672254,32.10631332397463,15.037805035714257,10.06348385719024,0.10020000000000001,2.005422592163086,0
40.976651685111975,-118.91448573532166,22.803823089599632,17.257336786753246,0.24102719343721674,0.09165000000000001,0.7298752665519714,0
37.958312330470385,-115.16851100054326,24.505727386474632,22.0453906098318,11.962662929733579,0.1466,3.288766860961914,0
36.422193194626004,-114.49477453745362,35.61762517293295,16.856524981852957,13.265516885347422,0.14265,2.0392873287200928,0
35.82930510710712,-114.3330777863121,31.879832204182946,17.401574968927722,14.882128586886846,0.1759,3.9987754821777344,0
38.20085745718265,-119.10313194498676,17.659047698974632,29.492334921770702,6.970119572523962,0.25520000000000004,3.720139503479004,0
40.94970222658839,-117.62091172618955,20.640574391682946,16.48397991786744,0.6111278750301853,0.2164,6.7907304763793945,0
40.7341065583997,-114.27917886926494,21.606557464599632,18.80869437518576,3.10637830195214,0.27926666666666666,0.8840309381484985,0
41.4886913970601,-120.26195866150094,18.074819183349632,35.193649870771324,2.3608340667314747,0.4086,1.2870073318481445,0
40.06037009531006,-116.83937742900557,22.385854339599632,14.638774470970148,2.7191455302210046,0.2748,5.301489353179932,0
34.185388137168395,-119.10313194498676,22.956248219807946,83.39334253227733,4.20471455146241,0.44260000000000005,0.0937449261546135,0
37.095929657715644,-120.85484674901983,27.555369313557946,35.081142908298126,6.325218444299566,0.3513,0.07470320165157318,0
39.17103796403174,-122.63351101157649,26.266469573974632,21.41998532980651,1.3695377589858435,0.5132,3.4987528324127197,0
38.79374554470154,-116.0039442147744,21.011098480224632,29.841439643507368,8.505574704928959,0.116425,1.4127941131591797,0
39.27883579812608,-120.96264458311417,23.546987152099632,25.110061975307218,2.265425744525635,0.7367,2.837270736694336,0
40.114269012357234,-114.8990164153074,21.235707855224632,14.674724513667039,4.682134921967038,0.3191,11.536865234375,0
38.38950366684775,-116.38123663410461,22.536651865641318,22.779713683198132,8.534057216581367,0.1579,6.808165073394775,0
35.74845673153636,-117.62091172618955,29.578318532307946,21.168306392082187,9.5232226327636,0.06925,0.045992184430360794,0
41.27309572887142,-123.09165180647744,17.000925954182946,46.65072203489794,3.1118109421810076,0.7632800000000001,9.592281341552734,0
32.75706683541835,-115.76139908806215,36.16270980834963,29.595073364215203,6.3274376415441225,0.3044,0.27739521861076355,0
40.222066846451575,-123.36114639171329,19.193797047932946,51.16283539469034,5.84217376122976,0.5625,3.798673629760742,0
36.6108394042911,-119.69602003250564,31.113067881266318,17.976253474879293,1.6575620536932718,0.38230000000000003,0.07781766355037689,0
34.34708488830991,-114.84511749826024,33.78331527709963,25.797893003543265,12.345968091048382,0.124,3.3811259269714355,0
36.260496443484485,-118.75278898418014,23.001902516682946,29.97138074765801,3.0174226111476967,0.528975,9.230002403259277,0
41.51564085558369,-123.63064097694915,16.497589365641318,58.774723785392084,2.57436536879021,0.7630750000000001,7.682290554046631,1
41.54259031410727,-123.57674205990197,16.497589365641318,58.774723785392084,2.57436536879021,0.7629428571428571,4.487285137176514,1
41.94683219196106,-123.7384388110435,15.614044443766318,63.293506436695324,4.676569662248551,0.7155,2.433560609817505,1
36.529991028720346,-118.61804169156223,17.089060719807946,26.96451339264099,3.1782808041219517,0.3733,13.1201753616333,1
41.51564085558369,-123.65759043547274,15.597442881266318,62.782688068886635,3.5017048630170597,0.7630750000000001,4.323971271514893,1
41.731236523772374,-123.38809585023688,17.526886240641318,53.396318592389704,3.043565935294833,0.7565333333333334,3.6961917877197266,1
41.704287065248785,-123.38809585023688,17.526886240641318,53.396318592389704,3.043565935294833,0.7445571428571429,4.002857685089111,1
41.27309572887142,-123.46894422580763,17.682403818766318,56.72980332479902,2.2737292321089675,0.7368,14.220049858093262,1
41.973781650484646,-123.65759043547274,16.653025563557946,61.97786159120843,4.402521438580709,0.5456,2.945680856704712,1
41.973781650484646,-123.68453989399632,16.653025563557946,61.97786159120843,4.402521438580709,0.5456,3.7852420806884766,1
41.56953977263086,-123.44199476728406,16.663930511474632,53.83919912426646,2.421616115142913,0.6464000000000001,5.077883720397949,1
42.00073110900823,-123.81928718661425,16.772328948974632,62.2017273601566,4.037956027816372,0.5905,1.3870059251785278,1
41.27309572887142,-123.44199476728406,17.916860198974632,53.293021386816704,2.2878905943788728,0.7368,6.639048099517822,1
41.54259031410727,-123.63064097694915,16.497589365641318,58.774723785392084,2.57436536879021,0.6811333333333334,8.189718246459961,1
41.973781650484646,-123.76538826956708,16.772328948974632,62.2017273601566,4.037956027816372,0.75705,4.8497843742370605,1
41.919882733437476,-123.90013556218501,16.896840667724632,66.28451196372487,5.550199534588974,0.6771,2.153982162475586,1
41.919882733437476,-123.87318610366142,16.896840667724632,66.28451196372487,5.550199534588974,0.6771,8.377969741821289,1
35.586759980394845,-119.69602003250564,30.443308766682946,20.920518064656957,5.104301452662222,0.2185,0.4568761885166168,1
41.54259031410727,-123.5497926013784,17.301544443766318,55.20341291709134,1.9900059838835416,0.7629428571428571,14.221901893615723,1
41.300045187395,-123.38809585023688,17.916860198974632,53.293021386816704,2.2878905943788728,0.711725,5.4655914306640625,1
41.56953977263086,-123.46894422580763,17.099396006266318,54.822072576386674,2.4950261906030344,0.6836,2.929407835006714,1
41.59648923115444,-123.5497926013784,17.099396006266318,54.822072576386674,2.4950261906030344,0.6836,12.365728378295898,1
36.50304157019676,-118.59109223303864,17.089060719807946,26.96451339264099,3.1782808041219517,0.3733,11.625600814819336,1
41.6773376067252,-123.33419693318972,16.725698089599632,53.10675162771956,3.0991599001395462,0.67615,7.530034065246582,1
41.057500060682734,-114.68342074711872,19.534454600016318,21.8455281322925,0.7952299001855039,0.19415000000000002,1.0731745958328247,1
40.57240980725819,-123.46894422580763,15.776397959391318,67.11480431763263,5.535403916671738,0.7186,4.071467876434326,1
41.89293327491389,-123.92708502070859,16.896840667724632,66.28451196372487,5.550199534588974,0.68605,5.783482551574707,1
41.704287065248785,-123.36114639171329,17.526886240641318,53.396318592389704,3.043565935294833,0.7445571428571429,6.8286309242248535,1
41.973781650484646,-123.7384388110435,16.653025563557946,61.97786159120843,4.402521438580709,0.5744666666666667,4.743113994598389,1
41.94683219196106,-123.7114893525199,15.614044443766318,63.293506436695324,4.676569662248551,0.7155,1.5589966773986816,1
